row,session,scenario,frame,bucket,command,geometry,PREFIX,first_interval_GT_progress_mps,GT_max_abs_segment_heading_deg,lateral_weighted_abs,longitudinal_weighted_abs,endpoint_L2,endpoint_lateral_signed,endpoint_longitudinal_signed
14730,session_019_20260113-102709,20260113-102709,30,nonstop,LANE_KEEP,near_straight_lt5deg,0.2933309942438244,6.8502285074155465,1.1004030836931442,0.1346119600243283,0.2453721589866778,0.6121234107046437,0.5590955635864322,0.24921320332329025
14735,session_019_20260113-102709,20260113-102709,35,nonstop,LANE_KEEP,near_straight_lt5deg,0.06136531825282096,7.294339286600316,0.9281802409249545,0.02044772147400476,0.05514343147252755,0.37965412128864184,0.03263518308946116,-0.3782488554327271
14740,session_019_20260113-102709,20260113-102709,40,nonstop,LANE_KEEP,near_straight_lt5deg,0.07239048451004607,7.680649861434736,1.145351178531039,0.05014218913711105,0.05042752143569982,0.2480362301872253,-0.12332268980528228,-0.2152056822313954
14745,session_019_20260113-102709,20260113-102709,45,nonstop,LANE_KEEP,near_straight_lt5deg,0.187499790256004,8.03402724833868,1.1612375808668887,0.021290041221067802,0.18555252648205037,0.7340343056570552,-0.039867201387326426,-0.7329508633837452
14750,session_019_20260113-102709,20260113-102709,50,nonstop,LANE_KEEP,near_straight_lt5deg,0.2590727741767383,8.431889386664178,1.307158861606553,0.043953889656169996,0.25517354954981186,0.6682509986537853,-0.1515909648555495,-0.6508299137070646
14755,session_019_20260113-102709,20260113-102709,55,nonstop,LANE_KEEP,near_straight_lt5deg,0.2492177169304642,8.767871397836599,1.4658429204230485,0.041984501412624026,0.2448606868390216,0.18264210973558587,-0.08831593820234258,-0.15987005757209757
14760,session_019_20260113-102709,20260113-102709,60,nonstop,LANE_KEEP,near_straight_lt5deg,0.23106872304036846,9.165706747885457,1.6507132128784703,0.013385072194003877,0.2285173355814841,0.0969461447177379,0.07862976032671339,-0.05670904483939213
14765,session_019_20260113-102709,20260113-102709,65,nonstop,LANE_KEEP,near_straight_lt5deg,0.1561628095870025,9.37344047610385,1.7590778494399038,0.026008693209380887,0.1522418736062624,0.9306211186571723,0.10674924212256001,0.9244783749753078
14770,session_019_20260113-102709,20260113-102709,70,nonstop,LANE_KEEP,near_straight_lt5deg,0.1765918292355112,9.414215252959993,1.8368300102451314,0.06435115718924328,0.1554972758166392,1.033412016790365,0.1730157618168215,1.0188257665615228
14775,session_019_20260113-102709,20260113-102709,75,nonstop,LANE_KEEP,near_straight_lt5deg,0.2250241837522033,9.185715898872267,1.6068735191497543,0.02445469074239464,0.22362207025711678,1.149762181782545,-0.12933017079064482,1.1424652211689514
14780,session_019_20260113-102709,20260113-102709,80,nonstop,LANE_KEEP,near_straight_lt5deg,0.13128256183547718,9.073129052758501,1.366965028532128,0.07522433814573352,0.09263399286663578,0.5198432699962846,-0.33537021575262405,0.397194969437515
14785,session_019_20260113-102709,20260113-102709,85,nonstop,LANE_KEEP,near_straight_lt5deg,0.24098308931203927,8.93174434322929,1.275537652160602,0.09088154885364125,0.20897449219616784,1.1340291511378746,-0.30992751160501036,1.0908561102092313
14790,session_019_20260113-102709,20260113-102709,90,nonstop,LANE_CHANGE_L,near_straight_lt5deg,0.3211557794200564,8.637951162906447,1.3063624779085359,0.0701911459256518,0.3087248799640501,1.0824594301703636,-0.31096405961240325,1.0368316023318935
14795,session_019_20260113-102709,20260113-102709,95,nonstop,LANE_CHANGE_L,near_straight_lt5deg,0.32139487223224383,8.35212217806606,2.1487998887219018,0.06470615075247277,0.3085229071787392,0.7382324886869432,-0.45083727218442904,0.5845793028856058
14800,session_019_20260113-102709,20260113-102709,100,nonstop,LANE_CHANGE_L,near_straight_lt5deg,0.22800101596059336,8.143006526360981,3.2285629698428893,0.13648165681111774,0.1536382015261274,0.7812122247983713,-0.7778004340870098,0.07293164545298494
14805,session_019_20260113-102709,20260113-102709,105,nonstop,LANE_CHANGE_L,near_straight_lt5deg,0.2634705837176544,7.973546124496202,3.2606309028447895,0.15366406351603898,0.16967073559535104,0.8272762251027284,-0.787446018496998,-0.25360347113840076
14810,session_019_20260113-102709,20260113-102709,110,nonstop,LANE_CHANGE_L,near_straight_lt5deg,0.2871090910671862,8.026696974042167,2.6428052941483235,0.27289028259726267,0.07559989906011896,1.2052147116033647,-1.0842569266515387,-0.5262408365694755
14815,session_019_20260113-102709,20260113-102709,115,nonstop,LANE_CHANGE_L,near_straight_lt5deg,0.23949910075216246,8.172189335912467,1.7220436362755356,0.21940434331596398,0.08628601656473874,0.6819487387434706,-0.6788915662692777,-0.06450056993746012
14820,session_019_20260113-102709,20260113-102709,120,nonstop,LANE_CHANGE_L,near_straight_lt5deg,0.09148802996325829,8.384152113074595,0.8816013859977453,0.05393411598149418,0.07275071556124242,0.015206710385254818,-0.005951526571590102,0.013993690442791482
14825,session_019_20260113-102709,20260113-102709,125,nonstop,LANE_CHANGE_L,near_straight_lt5deg,0.1688070908009948,8.653138171621688,2.588925009976001,0.03064582831790738,0.16204523420752937,0.2160315414913187,0.01975117062620957,0.21512674909924548
14830,session_019_20260113-102709,20260113-102709,130,nonstop,LANE_CHANGE_L,near_straight_lt5deg,0.2197114323922471,8.959458029343018,4.341331676813279,0.07078234311359421,0.20339513078798535,0.25333596615225923,-0.17791846944388154,0.18034447587061056
14835,session_019_20260113-102709,20260113-102709,135,nonstop,LANE_CHANGE_L,gentle_bend_5to15deg,0.18096315008878244,9.28452191989404,5.521737990399557,0.03833868840969153,0.17517598405040025,0.06578213869225615,0.01246477287587385,-0.06459039563340747
14840,session_019_20260113-102709,20260113-102709,140,nonstop,LANE_CHANGE_L,gentle_bend_5to15deg,0.09460485809590652,9.71495615969432,5.9507023277864945,0.03490128551384132,0.08637151556380354,0.2903467201849056,0.09258795602812557,-0.27518845964296135
14845,session_019_20260113-102709,20260113-102709,145,nonstop,LANE_CHANGE_L,gentle_bend_5to15deg,0.2736563410073114,10.061894270697909,5.799997041325677,0.178645322419201,0.18191442478508277,0.7035431685854237,0.7000731818225334,0.06978918366116606
14850,session_019_20260113-102709,20260113-102709,150,nonstop,LANE_CHANGE_L,gentle_bend_5to15deg,0.1661570184135598,10.503546245619525,5.244248888347443,0.15158491923208028,0.06053493430280521,0.615237398038221,0.49920234286954385,-0.3596026651992428
14855,session_019_20260113-102709,20260113-102709,155,nonstop,LANE_KEEP,near_straight_lt5deg,0.1549261084747972,10.920128188514632,4.205185208709648,0.14981538432102265,0.029359420123383162,0.5054422647734467,0.44214909000758473,-0.24490011274961837
14860,session_019_20260113-102709,20260113-102709,160,nonstop,LANE_KEEP,near_straight_lt5deg,0.16005361967089807,11.328770717427727,3.032154101292137,0.05531030410611104,0.14869445129506415,0.5468324743087934,0.07637560302549846,-0.5414725498316315
14865,session_019_20260113-102709,20260113-102709,165,nonstop,LANE_KEEP,near_straight_lt5deg,0.2599523243922928,11.747035938203062,1.9690799230045548,0.03256640843811455,0.25783981580930776,0.6440484315860748,-0.06577168367227924,-0.6406812529295643
14870,session_019_20260113-102709,20260113-102709,170,nonstop,LANE_KEEP,near_straight_lt5deg,0.15783706703838563,12.077162599147279,1.536557823829668,0.03356503788042142,0.15412478046063685,0.35948442646278495,-0.05502274911312157,-0.35524857487302036
14875,session_019_20260113-102709,20260113-102709,175,nonstop,LANE_KEEP,near_straight_lt5deg,0.17398325221616168,12.376268031059046,1.5070173745940616,0.08585660935262057,0.1507994146248717,0.4691870537979926,0.29465068432945,-0.3651266433387561
14880,session_019_20260113-102709,20260113-102709,180,nonstop,LANE_KEEP,near_straight_lt5deg,0.17794368949832173,12.67416362520868,1.4591550983375026,0.05014842380275856,0.16971953620162428,0.1433297915166166,0.09702906406607352,-0.10549307969084314
14885,session_019_20260113-102709,20260113-102709,185,nonstop,LANE_KEEP,near_straight_lt5deg,0.10121322036289224,12.925113329766189,1.3466307581117316,0.05215734722346362,0.08082573477475449,0.4708832729247103,0.062096737547825354,0.4667708773115604
14890,session_019_20260113-102709,20260113-102709,190,nonstop,LANE_KEEP,near_straight_lt5deg,0.1323773093880174,13.072989532189087,1.3253164850850059,0.030884111354524714,0.1259149838177939,0.7887402774521383,-0.13930766984990717,0.7763405170389249
14895,session_019_20260113-102709,20260113-102709,195,nonstop,LANE_KEEP,near_straight_lt5deg,0.2149492966544329,13.203134532678828,1.21466632181869,0.06346913593293226,0.20520111136663927,0.9128237150777893,-0.2973239685654829,0.8630443745977889
14900,session_019_20260113-102709,20260113-102709,200,nonstop,LANE_KEEP,near_straight_lt5deg,0.4396353328225926,13.021655902562046,1.1837135176913918,0.045007193693528354,0.4367968969785699,1.2226720565899807,-0.19283357994607128,1.207369938507314
14905,session_019_20260113-102709,20260113-102709,205,nonstop,LANE_KEEP,near_straight_lt5deg,0.18391505519400467,12.761258786231195,1.2541819692844867,0.04179263433421415,0.17141219309624534,0.17135854047443505,-0.16558010126244505,-0.04412459019013131
14910,session_019_20260113-102709,20260113-102709,210,nonstop,LANE_KEEP,near_straight_lt5deg,0.1510252126829712,12.676452290994556,1.267236149007438,0.059624223766649734,0.13202620234968548,0.8422178929621298,-0.15317917852618218,-0.8281709476259196
14915,session_019_20260113-102709,20260113-102709,215,nonstop,LANE_KEEP,near_straight_lt5deg,0.17055070306763165,12.724243287388829,1.4545265272821992,0.026196505282230075,0.1678262026886767,0.8684547454049755,-0.06189167052337066,-0.8662465387730258
14920,session_019_20260113-102709,20260113-102709,220,nonstop,LANE_KEEP,near_straight_lt5deg,0.10767690227084772,12.808764208553315,1.537846774260525,0.018641550195001987,0.10039013362499868,0.4745050854587031,0.05416546753178846,-0.4714034134934048
14925,session_019_20260113-102709,20260113-102709,225,nonstop,LANE_KEEP,near_straight_lt5deg,0.15123428391562532,12.965057342405757,1.5398650561130987,0.020341406314989666,0.14758140693466207,0.38911828112427216,0.056788680707722514,-0.3849520521423212
14930,session_019_20260113-102709,20260113-102709,230,nonstop,LANE_KEEP,near_straight_lt5deg,0.08091811731374768,13.104220081678275,1.469287650036677,0.04639418588034988,0.05904249975623471,0.15758601593095373,-0.021363342208791082,0.15613122694278966
14935,session_019_20260113-102709,20260113-102709,235,nonstop,LANE_KEEP,near_straight_lt5deg,0.07944159122818313,13.272100625167809,1.432872230404859,0.030998596986474874,0.07116567970321555,0.37567903881602493,0.07555201830737418,0.36800357706877596
14940,session_019_20260113-102709,20260113-102709,240,nonstop,LANE_KEEP,near_straight_lt5deg,0.18092960096734811,13.30529629929978,1.3986374236490595,0.0370910682371562,0.1692424201312245,0.8631789144854143,0.1634937107160001,0.8475539186202438
14945,session_019_20260113-102709,20260113-102709,245,nonstop,LANE_KEEP,near_straight_lt5deg,0.18091495924208573,13.189709991815148,1.3428489348681436,0.031447445286570765,0.17640403283519326,0.7204198962557439,0.15539585845161535,0.7034606983316283
14950,session_019_20260113-102709,20260113-102709,250,nonstop,LANE_KEEP,near_straight_lt5deg,0.07462274785096965,13.063729997066345,1.3382663330373448,0.025393899930798314,0.06834245909833123,0.21983881253707382,0.11680634388356466,0.18624011792915385
14955,session_019_20260113-102709,20260113-102709,255,nonstop,LANE_KEEP,near_straight_lt5deg,0.1048960771419297,12.959270486693729,1.4782065003910039,0.033289924135223053,0.09143115771882976,0.2007277274747887,0.19628843797648238,0.04198177811796052
14960,session_019_20260113-102709,20260113-102709,260,nonstop,LANE_KEEP,near_straight_lt5deg,0.1237997496088005,12.875380263231786,1.46667838664561,0.036913461913682194,0.11241689354297925,0.20298590901316227,0.16089690661843478,-0.12375566531887931
14965,session_019_20260113-102709,20260113-102709,265,nonstop,LANE_KEEP,near_straight_lt5deg,0.09373864116005853,12.828962966169923,1.4852360170104684,0.03588378043600001,0.08547457846034866,0.2312480717760197,0.12105743364794078,-0.19702986692047877
14970,session_019_20260113-102709,20260113-102709,270,nonstop,LANE_KEEP,near_straight_lt5deg,0.06607776319970991,12.816105356166235,1.4363892263084848,0.01730515521351354,0.06319220973981282,0.1832141511058293,0.007449071730613986,-0.18306265729465915
14975,session_019_20260113-102709,20260113-102709,275,nonstop,LANE_KEEP,near_straight_lt5deg,0.12809046275412905,12.798998062524694,1.3764051748278812,0.05595481567894227,0.10296175902509308,0.24692030071452925,-0.22710419977244226,-0.0969191278885246
14980,session_019_20260113-102709,20260113-102709,280,nonstop,LANE_KEEP,near_straight_lt5deg,0.09829428024063828,12.887099858856274,1.3354871571441413,0.07345862700799438,0.054581897153547984,0.3304266627242688,-0.25474392374313,-0.21044551018031266
14985,session_019_20260113-102709,20260113-102709,285,nonstop,LANE_KEEP,near_straight_lt5deg,0.11240893757160475,12.91404993687017,1.2807234250752386,0.02239818753483035,0.10648619999865559,0.09395983748889257,-0.09015609092069309,0.026463755040410007
14990,session_019_20260113-102709,20260113-102709,290,nonstop,LANE_KEEP,near_straight_lt5deg,0.0636107304932999,12.983566589477244,1.3718685181328958,0.010907314128396451,0.06067786379358587,0.22927601642621478,-0.06014667659191577,-0.22124617285553527
14995,session_019_20260113-102709,20260113-102709,295,nonstop,LANE_KEEP,near_straight_lt5deg,0.056503092376949456,13.05791166983504,1.3204779940448101,0.012088357405776427,0.05318746563020865,0.2885729641064105,-0.032779764716783684,-0.2867051493054702
19830,session_026_20260122-134906,20260122-134906,30,nonstop,LANE_KEEP,near_straight_lt5deg,0.12601339918373178,11.836332927778667,1.2288893685645648,0.03832853882232386,0.1171886056316495,0.7232664422610529,-0.1853497968647063,-0.6991135811176701
19835,session_026_20260122-134906,20260122-134906,35,nonstop,LANE_KEEP,near_straight_lt5deg,0.08156969034446566,11.889903980329704,1.13750765711005,0.03965709190491269,0.06819025465286883,0.33562153237211656,-0.11552058719047235,-0.31511395863556435
19840,session_026_20260122-134906,20260122-134906,40,nonstop,LANE_KEEP,near_straight_lt5deg,0.08755364551433151,11.995400523993665,1.155118552067215,0.04839592022387394,0.05877079268959481,0.24874554330966525,0.03795928141800006,-0.2458321343328606
19845,session_026_20260122-134906,20260122-134906,45,nonstop,LANE_KEEP,near_straight_lt5deg,0.06555897447457716,12.065322541218453,1.1334955538542637,0.019241026789455683,0.061146796690258506,0.2898771227857141,-0.0909355898209655,0.2752443729096693
19850,session_026_20260122-134906,20260122-134906,50,nonstop,LANE_KEEP,near_straight_lt5deg,0.1520088459641479,12.147755795220538,1.2495707390212123,0.14016675975517331,0.04668791335406008,0.5046586524034778,0.4970713395989105,0.08718049549663553
19855,session_026_20260122-134906,20260122-134906,55,nonstop,LANE_KEEP,near_straight_lt5deg,0.11872112056305438,12.245788386203088,1.333158122431627,0.07892573615917928,0.06471832508821003,0.3333855355448981,0.3189170608839908,0.0971484615816195
19860,session_026_20260122-134906,20260122-134906,60,nonstop,LANE_KEEP,near_straight_lt5deg,0.09367737979033577,12.211931206223893,1.3004049044454482,0.05571927948396309,0.06948481533412565,0.32180576836708663,0.09773078425465087,0.306606663925137
19865,session_026_20260122-134906,20260122-134906,65,nonstop,LANE_KEEP,near_straight_lt5deg,0.05735459934016525,12.19260134814613,1.287185030723494,0.0380860008505251,0.035084339424623565,0.2016288477322954,-0.18620026863839545,0.07735407033144753
19870,session_026_20260122-134906,20260122-134906,70,nonstop,LANE_KEEP,near_straight_lt5deg,0.08658982012353392,12.14937287348497,1.4187184244403461,0.0600503549235827,0.05752839209030939,0.44146036293217883,-0.39836210706160585,0.1902495300852244
19875,session_026_20260122-134906,20260122-134906,75,nonstop,LANE_KEEP,near_straight_lt5deg,0.08293497444291262,12.1212038044949,1.9706041911697052,0.05152977006265448,0.055294223241045846,0.3959842889188662,-0.3632896050038507,0.15755703718566894
19880,session_026_20260122-134906,20260122-134906,80,nonstop,LANE_KEEP,near_straight_lt5deg,0.13202190278446682,12.117073463813293,2.960619529230856,0.06356366192265028,0.09571184145377505,0.518215124396358,-0.5130850786967182,0.07273662881874134
19885,session_026_20260122-134906,20260122-134906,85,nonstop,LANE_KEEP,near_straight_lt5deg,0.06666401900313489,12.147269152475042,3.9840784998930308,0.05692884005758496,0.030738700590810804,0.5206754592824413,-0.4990328666213158,-0.1485568306430009
19890,session_026_20260122-134906,20260122-134906,90,nonstop,LANE_KEEP,near_straight_lt5deg,0.09727625975919374,12.230994230514954,4.539938237339972,0.07309063737889665,0.05677619273307055,0.5110131050697303,-0.4172122130174652,-0.29507348722322807
19895,session_026_20260122-134906,20260122-134906,95,nonstop,LANE_KEEP,near_straight_lt5deg,0.09601903255839353,12.308880696150439,4.542295559576725,0.09181375369371292,0.02642109985026728,0.4512487187898045,-0.43046799872526675,-0.13536139879191483
19900,session_026_20260122-134906,20260122-134906,100,nonstop,LANE_KEEP,near_straight_lt5deg,0.12110979063123092,12.44034460615433,4.073731650254965,0.10003669718033308,0.0625882846659402,0.5386885126405694,-0.39212225387335115,-0.3693581617728137
19905,session_026_20260122-134906,20260122-134906,105,nonstop,LANE_KEEP,near_straight_lt5deg,0.0733697963599574,12.546511178726126,3.410290425073878,0.047780726916143115,0.04582962730357347,0.13639711059592885,-0.09032537637760679,-0.10220321991582124
19910,session_026_20260122-134906,20260122-134906,110,nonstop,LANE_KEEP,near_straight_lt5deg,0.10620172657593144,12.629534845526157,2.375034484786609,0.08894265703402582,0.05349158918671353,0.38615241920252025,0.328396421507264,-0.2031489138469175
19915,session_026_20260122-134906,20260122-134906,115,nonstop,LANE_KEEP,near_straight_lt5deg,0.19461129126238716,12.725771948671294,1.511373121542617,0.17549369893886932,0.08008672925838013,0.5368774002626915,0.5049580132221375,-0.1823588434805887
19920,session_026_20260122-134906,20260122-134906,120,nonstop,LANE_KEEP,near_straight_lt5deg,0.10737763994858526,12.874665106030044,1.3983360519522579,0.04702561732633107,0.0924272924137563,0.2088598354188479,-0.12970750475896767,-0.16370215044522357
19925,session_026_20260122-134906,20260122-134906,125,nonstop,LANE_KEEP,near_straight_lt5deg,0.09062506961124646,12.977744053800889,1.4640906904704218,0.04503394425371186,0.06937435994190272,0.23364728111276045,-0.23122807417528102,0.03353549887173362
19930,session_026_20260122-134906,20260122-134906,130,nonstop,LANE_KEEP,near_straight_lt5deg,0.07446902597568933,13.03508344799777,1.6763285064904117,0.05224222764139089,0.04050564762877884,0.37137908593510877,-0.3300245755138367,0.17031208127114406
19935,session_026_20260122-134906,20260122-134906,135,nonstop,LANE_KEEP,near_straight_lt5deg,0.07237536106377566,13.104064777950658,1.6128823188279906,0.05531235283846489,0.04530629062003494,0.22595992269784812,-0.14908521261034172,0.16979836879825055
19940,session_026_20260122-134906,20260122-134906,140,nonstop,LANE_KEEP,near_straight_lt5deg,0.09742943233525757,13.04688015631055,1.6519714472017377,0.03837891752268757,0.07743335824246962,0.4703842606536981,-0.11472420885407823,0.4561794696975435
19945,session_026_20260122-134906,20260122-134906,145,nonstop,LANE_KEEP,near_straight_lt5deg,0.0740410465239901,12.9844444908892,1.9893366999394095,0.06431508798236629,0.035291679610488305,0.06030922456747289,-0.03952334673916695,0.04555334927824142
19950,session_026_20260122-134906,20260122-134906,150,nonstop,LANE_KEEP,near_straight_lt5deg,0.06880871509435704,12.937892412678062,2.484153485957923,0.05974749732072125,0.031495364438022005,0.19499875637425507,-0.19475949111770682,0.009656894277041339
19955,session_026_20260122-134906,20260122-134906,155,nonstop,LANE_KEEP,near_straight_lt5deg,0.07055317679002446,12.877552862601835,2.8877018058839523,0.0653360076439746,0.019790670234246972,0.2714583287026467,-0.2629606980959762,0.06738913472445691
19960,session_026_20260122-134906,20260122-134906,160,nonstop,LANE_KEEP,near_straight_lt5deg,0.06202415520683309,12.82837143797595,3.12677969648095,0.05918205644876514,0.014113068748421803,0.3152121946887291,-0.3100857686451937,-0.05661752170666466
19965,session_026_20260122-134906,20260122-134906,165,nonstop,LANE_KEEP,near_straight_lt5deg,0.055460569716161146,12.812259459985343,3.3331002406010173,0.04372237054351615,0.02505825350168389,0.26382577175056476,-0.26367268620975903,-0.008986233176979667
19970,session_026_20260122-134906,20260122-134906,170,nonstop,LANE_KEEP,near_straight_lt5deg,0.04244572350742978,12.806644577813344,3.4960033418714964,0.03414329655135005,0.021502836030513926,0.19752108513774472,-0.19294838295328107,-0.04225518417550913
19975,session_026_20260122-134906,20260122-134906,175,nonstop,LANE_KEEP,near_straight_lt5deg,0.04042425489252188,12.781909833900727,3.528529260830484,0.03383365698827139,0.021592591078320494,0.2518368002367951,-0.2247142556158097,-0.11368938946330907
19980,session_026_20260122-134906,20260122-134906,180,nonstop,LANE_KEEP,near_straight_lt5deg,0.04496528630062278,12.794616083399422,3.2412658492916586,0.03348075355518626,0.025525850236961866,0.2205876840151279,-0.12323465754449756,-0.1829539437100177
19985,session_026_20260122-134906,20260122-134906,185,nonstop,LANE_KEEP,near_straight_lt5deg,0.053393025705509245,12.810231619652138,2.929966608011995,0.050548694631543045,0.01589440746472737,0.22814414587562382,-0.21644234250330616,-0.07212810595738285
19990,session_026_20260122-134906,20260122-134906,190,nonstop,LANE_KEEP,near_straight_lt5deg,0.10740955919362145,12.836978675118585,2.57352752741174,0.06773737317707877,0.07342209520654,0.3502613691096095,-0.338323224599403,0.09066654502736943
19995,session_026_20260122-134906,20260122-134906,195,nonstop,LANE_KEEP,near_straight_lt5deg,0.12231034431943213,12.830155619287614,1.8092268010349564,0.044638694781870804,0.11100365605141277,0.24426799624932005,-0.16032635855485217,0.18428866689028606
20000,session_026_20260122-134906,20260122-134906,200,nonstop,LANE_KEEP,near_straight_lt5deg,0.04996297762553276,12.855509942408737,1.0359176741223552,0.019489778252378603,0.042371774325937576,0.0798016785050977,0.07957628183753822,0.005993601683767252
20005,session_026_20260122-134906,20260122-134906,205,nonstop,LANE_KEEP,near_straight_lt5deg,0.05719926584980048,12.898666257149067,1.1507589091274102,0.04307551825649232,0.034441537256323304,0.22500311366153933,0.19860742175937354,-0.10574257978450265
20010,session_026_20260122-134906,20260122-134906,210,nonstop,LANE_KEEP,near_straight_lt5deg,0.11375584491502802,12.906736178781165,1.1706592745379234,0.05033801488964315,0.0852113153003062,0.26709415087047794,0.26660109272389754,-0.016221676474563785
20015,session_026_20260122-134906,20260122-134906,215,nonstop,LANE_KEEP,near_straight_lt5deg,0.15042506282817728,12.951519848771927,1.286793680337719,0.1048492585657066,0.08610418974907524,0.4449626755614676,0.3932581986037224,-0.20818206424611876
20020,session_026_20260122-134906,20260122-134906,220,nonstop,LANE_KEEP,near_straight_lt5deg,0.09388005551160652,13.020679940450657,1.4071862887771516,0.06968716161484735,0.049482984966278884,0.3261513009388149,0.24307741284341014,-0.21745813957963434
20025,session_026_20260122-134906,20260122-134906,225,nonstop,LANE_KEEP,near_straight_lt5deg,0.059543761624811606,13.140957847800316,1.438074012605638,0.033727131139645095,0.04625445492025332,0.32500901215623895,0.12029578587213406,-0.3019267823234301
20030,session_026_20260122-134906,20260122-134906,230,nonstop,LANE_KEEP,near_straight_lt5deg,0.05201265052595492,13.220769670983993,1.3856383547770297,0.020826021863998654,0.04552704088234861,0.18566592323987233,-0.0360404259241362,-0.18213435357373142
20035,session_026_20260122-134906,20260122-134906,235,nonstop,LANE_KEEP,near_straight_lt5deg,0.09590780537541341,13.318391277674882,1.2974481730412823,0.03379575629059249,0.08662951128274574,0.27315438906237377,-0.05586217382024117,-0.26738125925374023
20040,session_026_20260122-134906,20260122-134906,240,nonstop,LANE_KEEP,near_straight_lt5deg,0.041236029753915604,13.408367350154837,1.3516693340746753,0.03558436517013166,0.015140260993381994,0.10694276627822855,-0.07003640277965878,0.08081867076935392
20045,session_026_20260122-134906,20260122-134906,245,nonstop,LANE_KEEP,near_straight_lt5deg,0.054746405027682174,13.531458204980995,1.359679507280742,0.045553966125306315,0.027628820809639465,0.13034997737036474,-0.1183423611787796,0.05464615403746072
20050,session_026_20260122-134906,20260122-134906,250,nonstop,LANE_KEEP,near_straight_lt5deg,0.05951362046877623,13.556798045149142,1.4542785713508208,0.04432906251544744,0.03847785902858074,0.3254135157365512,0.22842695329773888,0.23176514671351095
20055,session_026_20260122-134906,20260122-134906,255,nonstop,LANE_KEEP,near_straight_lt5deg,0.04765033222367783,13.589007346488309,1.5779810547626818,0.023885004899263977,0.03951103115092239,0.19355485807926806,0.14289022604304208,-0.13055981919202378
20060,session_026_20260122-134906,20260122-134906,260,nonstop,LANE_KEEP,near_straight_lt5deg,0.0697639198306085,13.557927560571978,1.7196013788527569,0.04178506399141785,0.04170423000155209,0.23760827791736594,0.23729944612211307,0.012110598870186319
20065,session_026_20260122-134906,20260122-134906,265,nonstop,LANE_KEEP,near_straight_lt5deg,0.06515457668150568,13.560991400968406,1.7322241810977228,0.057354906724256235,0.0257330118903481,0.2392255414504366,0.20344795142100477,-0.12584828463213563
20070,session_026_20260122-134906,20260122-134906,270,nonstop,LANE_KEEP,near_straight_lt5deg,0.05460812038337966,13.564768470459947,1.6512781868137232,0.028049059453404378,0.046107968214405805,0.21829897051493913,0.0668994612941694,-0.20779533826925037
20075,session_026_20260122-134906,20260122-134906,275,nonstop,LANE_KEEP,near_straight_lt5deg,0.08011047270721433,13.557673821364977,1.5492090947586643,0.03288655961465672,0.07152589918564312,0.3019537859379311,0.03456131644075545,-0.2999693388467093
20080,session_026_20260122-134906,20260122-134906,280,nonstop,LANE_KEEP,near_straight_lt5deg,0.12921773991553326,13.557918243437536,1.4542873472046536,0.06591855781161829,0.10892782182402387,0.5322455894786866,-0.36677659937932433,-0.38569456006956243
20085,session_026_20260122-134906,20260122-134906,285,nonstop,LANE_KEEP,near_straight_lt5deg,0.12559298655996187,13.569631030358126,1.3918987716021642,0.04926961779321164,0.11340582702213163,0.46319985402966574,-0.26470830182885574,-0.38011001001813544
20090,session_026_20260122-134906,20260122-134906,290,nonstop,LANE_KEEP,near_straight_lt5deg,0.1231730508774746,13.557505687746252,1.2770585009526543,0.06457761384482989,0.10303994517277368,0.3822179310726067,-0.2876083614034,-0.251737913879247
20095,session_026_20260122-134906,20260122-134906,295,nonstop,LANE_KEEP,near_straight_lt5deg,0.14464336042885556,13.525127328212367,1.2805454430034318,0.07823770331385896,0.11392690360638022,0.3463023443216303,-0.33308862858359634,-0.09474850495367221
20130,session_026_20260122-134906,20260122-134936,30,nonstop,LANE_KEEP,gentle_bend_5to15deg,0.13096918879278535,12.300442699382108,6.8360789075490125,0.05077917402549319,0.1116643701896837,0.5006566922497663,-0.11169389941556418,-0.4880385193074651
20135,session_026_20260122-134906,20260122-134936,35,nonstop,LANE_KEEP,gentle_bend_5to15deg,0.14150808959889094,12.216271531438474,7.609880955493963,0.060544578817294206,0.12360953168747282,0.6459246312606451,-0.23156016098992016,-0.6029913109751438
20140,session_026_20260122-134906,20260122-134936,40,nonstop,LANE_KEEP,gentle_bend_5to15deg,0.1435564364252327,12.229346365108654,8.249592290208136,0.10019276878988131,0.09854330998732222,0.42718304532934265,-0.1993870398330034,-0.3777964565258434
20145,session_026_20260122-134906,20260122-134936,45,nonstop,LANE_KEEP,gentle_bend_5to15deg,0.11146908420094528,12.35511176912765,8.832271601061215,0.05091728120077689,0.09605074968162873,0.43137176819395484,-0.10716435417357505,-0.4178485414469455
20150,session_026_20260122-134906,20260122-134936,50,nonstop,LANE_KEEP,gentle_bend_5to15deg,0.0658124670559189,12.444619372783823,9.60420147645936,0.04110366848011722,0.047819990407772454,0.2768674155960565,0.20213662992255452,0.18919923007874984
20155,session_026_20260122-134906,20260122-134936,55,nonstop,LANE_KEEP,gentle_bend_5to15deg,0.10035279793029131,12.527643952369006,10.131386759217984,0.05075768920957964,0.08288644688710534,0.3898869290208157,0.3187775751581335,0.22448312853660768
20160,session_026_20260122-134906,20260122-134936,60,nonstop,LANE_KEEP,gentle_bend_5to15deg,0.13003590038878804,12.518886473438794,10.430716078235763,0.0732458309324617,0.093635225124264,0.5915150778990648,0.5594465397790096,0.1921188603735448
20165,session_026_20260122-134906,20260122-134936,65,nonstop,LANE_KEEP,gentle_bend_5to15deg,0.09979333468806587,12.551976280482654,10.232109752936713,0.09178712180250738,0.02888247965248321,0.628970900611897,0.6007401643668654,-0.1863213587676204
20170,session_026_20260122-134906,20260122-134936,70,nonstop,LANE_KEEP,gentle_bend_5to15deg,0.08812015321727636,12.5196407150645,9.739327037684202,0.07274456971461175,0.039898657852517276,0.485196160009077,0.4318951644056428,-0.22109247081385797
20175,session_026_20260122-134906,20260122-134936,75,nonstop,LANE_KEEP,gentle_bend_5to15deg,0.0836399555740019,12.543951616887107,9.076675564752048,0.03790094185819638,0.0721261222864655,0.5626622079320706,0.19518726655594035,-0.5277221723685797
20180,session_026_20260122-134906,20260122-134936,80,nonstop,LANE_KEEP,gentle_bend_5to15deg,0.10971914161167601,12.550294571733438,8.429138122478028,0.019182446054978094,0.10494256717777027,0.585323169296707,0.1004109007338123,-0.5766462204240708
20185,session_026_20260122-134906,20260122-134936,85,nonstop,LANE_KEEP,gentle_bend_5to15deg,0.19331947004537986,12.660397643534576,8.236414407045043,0.015929226519890826,0.19253400205881968,0.7170151198267464,0.08669384568870969,-0.7117547746098131
20190,session_026_20260122-134906,20260122-134936,90,nonstop,LANE_KEEP,gentle_bend_5to15deg,0.0876646608174056,12.772031408182366,8.501992306533973,0.038801104894421054,0.07369256862967319,0.28181611359309877,0.17320584471279357,-0.22230622402003497
20195,session_026_20260122-134906,20260122-134936,95,nonstop,LANE_KEEP,gentle_bend_5to15deg,0.15414168369679038,12.904196952898978,8.860307596543302,0.1426561082620292,0.05312705895012108,0.25885184481073503,-0.25865710883891757,-0.010038805158642292
20200,session_026_20260122-134906,20260122-134936,100,nonstop,LANE_KEEP,gentle_bend_5to15deg,0.15826179056600606,13.090312935424842,9.18270511242952,0.13476549793106618,0.06521454974605251,0.2309131784323727,-0.23049227759466587,0.013935779237784527
20205,session_026_20260122-134906,20260122-134936,105,nonstop,LANE_KEEP,gentle_bend_5to15deg,0.15622438105100211,13.128014347933858,9.284594786538872,0.08976382022772489,0.12377989215988956,0.4571919401715526,-0.10660378472220303,0.4445898145940039
20210,session_026_20260122-134906,20260122-134936,110,nonstop,LANE_KEEP,gentle_bend_5to15deg,0.14117375139609808,13.100188773164438,9.33524678536734,0.07958140705873273,0.0912009829911068,0.2736680809373336,-0.2598628027866406,-0.08582273738231905
20215,session_026_20260122-134906,20260122-134936,115,nonstop,LANE_KEEP,gentle_bend_5to15deg,0.1483442308013101,13.111548969705286,9.02727389744991,0.07181564400604684,0.12887168952515984,0.5076290418769379,-0.21080993604864534,-0.46178611393161667
20220,session_026_20260122-134906,20260122-134936,120,nonstop,LANE_KEEP,gentle_bend_5to15deg,0.2406069257899428,13.17011350630391,8.730293050879396,0.18915781644643648,0.14440501820390603,0.5956048039445032,-0.5424420850090776,-0.24597086594305176
20225,session_026_20260122-134906,20260122-134936,125,nonstop,LANE_KEEP,gentle_bend_5to15deg,0.19993789035460902,13.209377271237193,8.727543807587503,0.1481693997247622,0.12123535583324775,0.481043255629588,-0.4661926992488273,-0.11860430411163664
20230,session_026_20260122-134906,20260122-134936,130,nonstop,LANE_KEEP,gentle_bend_5to15deg,0.2367022613903443,13.200954607814,8.851153879099428,0.16573127768554485,0.15535448741672928,0.33107122392613064,-0.3302560563361249,0.023218366980827788
20235,session_026_20260122-134906,20260122-134936,135,nonstop,LANE_KEEP,gentle_bend_5to15deg,0.2811011341977584,13.161312072358132,9.051605361112783,0.05529420540140344,0.2729706987533688,0.23407107116103815,0.1607640304777069,-0.1701299293453057
20240,session_026_20260122-134906,20260122-134936,140,nonstop,LANE_KEEP,gentle_bend_5to15deg,0.25018444702637016,13.036541976592789,9.276840889023283,0.04562590055720536,0.24528520706719031,0.10728352835157505,0.030716249151661785,0.10279235133810417
20245,session_026_20260122-134906,20260122-134936,145,nonstop,LANE_KEEP,gentle_bend_5to15deg,0.331028089953355,12.900507373572951,9.485749544423099,0.03217495803922507,0.3279547066210483,0.04497203801311382,0.03719068610769867,-0.025285115579953034
20250,session_026_20260122-134906,20260122-134936,150,nonstop,LANE_KEEP,gentle_bend_5to15deg,0.2671164553504479,12.73861254183251,9.63187995473292,0.042822650806390805,0.2600815355465449,0.3821209739350387,0.23458155129983269,0.3016420635634667
20255,session_026_20260122-134906,20260122-134936,155,nonstop,LANE_KEEP,gentle_bend_5to15deg,0.20101052021456517,12.437826946046977,9.961399889606023,0.05771418047716978,0.1902355686939739,0.7628529127550487,0.3833176158831377,0.659554525306687
20260,session_026_20260122-134906,20260122-134936,160,nonstop,LANE_KEEP,gentle_bend_5to15deg,0.1659944696373244,11.961946193052196,9.943481597343249,0.08614549850426187,0.11807069975989921,0.8293457176706094,0.6201340141208266,0.5506796926970966
20265,session_026_20260122-134906,20260122-134936,165,nonstop,LANE_KEEP,gentle_bend_5to15deg,0.3025561385572242,11.51871193267396,9.826274679503403,0.1392453038770729,0.23262654749663733,0.7697694641184288,0.7612307618726524,-0.11433614943645035
20270,session_026_20260122-134906,20260122-134936,170,nonstop,LANE_KEEP,gentle_bend_5to15deg,0.2532657909176617,11.076786909287806,9.306962919573149,0.11353436380496329,0.1919061620270574,0.5919608156332813,0.5892852478212786,0.056218359505003965
20275,session_026_20260122-134906,20260122-134936,175,nonstop,LANE_KEEP,gentle_bend_5to15deg,0.2465637570102756,10.64631022752724,8.4202973650104,0.07723747269162012,0.22308890460609226,0.3847690527957668,0.3411395303277006,-0.1779636053724114
20280,session_026_20260122-134906,20260122-134936,180,nonstop,LANE_KEEP,gentle_bend_5to15deg,0.14729159767525674,10.209425959886376,7.600913504514551,0.06344009239599013,0.12110460467146641,0.25005913666036367,0.24804109462789223,-0.031704687399869674
20285,session_026_20260122-134906,20260122-134936,185,nonstop,LANE_KEEP,gentle_bend_5to15deg,0.1742320189342912,9.814044531573856,6.652090942692,0.04218688836242256,0.1687358050884595,0.1405034221032199,0.03406708371335028,-0.13631084120488424
20290,session_026_20260122-134906,20260122-134936,190,nonstop,LANE_KEEP,gentle_bend_5to15deg,0.13702449556105606,9.405919557378784,6.201141547978052,0.03709454488541532,0.12180488465769676,0.2290002478596402,-0.21241596401318075,0.08556033983176872
20295,session_026_20260122-134906,20260122-134936,195,nonstop,LANE_KEEP,gentle_bend_5to15deg,0.1273952027789424,9.031781420744295,5.561772893967365,0.0046991408079581605,0.1272978066253136,0.12331711972912833,0.0022758722188806115,0.12329611682421916
20300,session_026_20260122-134906,20260122-134936,200,nonstop,LANE_KEEP,gentle_bend_5to15deg,0.09053100764046902,8.667353184314845,5.272216953528516,0.009542345831677776,0.08940033865922119,0.2119999954573551,-0.021037869704855047,0.2109535638765084
20305,session_026_20260122-134906,20260122-134936,205,nonstop,LANE_KEEP,gentle_bend_5to15deg,0.0740796134608257,8.227903845414861,5.008426984814983,0.023523191597796922,0.06763490695049346,0.41528691495901976,0.05024802497254148,0.41223580354275263
20310,session_026_20260122-134906,20260122-134936,210,nonstop,LANE_KEEP,near_straight_lt5deg,0.0783368210497696,7.7856115732269044,4.636408685639239,0.051985938933773984,0.053522505212420815,0.35011165667434796,-0.32117756273373654,0.13936694491762827
20315,session_026_20260122-134906,20260122-134936,215,nonstop,LANE_KEEP,near_straight_lt5deg,0.11564338708182575,7.337148377846129,4.4758939466908325,0.04719674212736042,0.10169942853740846,0.3765420011640638,-0.26438360515212794,0.268114132352999
20320,session_026_20260122-134906,20260122-134936,220,nonstop,LANE_KEEP,near_straight_lt5deg,0.1026994811845523,6.896151582619982,4.319082788987387,0.05441912034017553,0.07002635813393722,0.28786819548247,-0.2878681397482293,-0.00017913187175300216
20325,session_026_20260122-134906,20260122-134936,225,nonstop,LANE_KEEP,near_straight_lt5deg,0.10315258055911564,6.450090794551289,3.892522163896982,0.03392414684395608,0.09136069655977115,0.20034601144228642,-0.1792750029002695,0.0894371155390262
20330,session_026_20260122-134906,20260122-134936,230,nonstop,LANE_KEEP,near_straight_lt5deg,0.03776017808203293,6.0415269140884496,3.642513901934748,0.023931499104468786,0.022315577974039835,0.06903083580993459,-0.04767258746806078,-0.04992575183928874
20335,session_026_20260122-134906,20260122-134936,235,nonstop,LANE_KEEP,near_straight_lt5deg,0.055883907230364085,5.665160553582841,3.625522506869763,0.024532191435946805,0.04601392931931204,0.19801173691857762,-0.06641871522855239,-0.186540082086667
20340,session_026_20260122-134906,20260122-134936,240,nonstop,LANE_KEEP,near_straight_lt5deg,0.06225093987251455,5.384381905140997,3.2108620815768436,0.02867003321838221,0.04776995399809716,0.25611725806906,0.001690694404833895,-0.2561116776588739
20345,session_026_20260122-134906,20260122-134936,245,nonstop,LANE_KEEP,near_straight_lt5deg,0.07164896730247201,5.091649231631853,2.563960004033676,0.036542478187633676,0.05868592416890246,0.279966435572809,-0.20857318132905134,0.1867576854579818
20350,session_026_20260122-134906,20260122-134936,250,nonstop,LANE_KEEP,near_straight_lt5deg,0.04033876676833462,4.729181759774184,2.07545947698156,0.02767993717941171,0.028386819847169023,0.305068478116135,-0.18331358305397835,0.2438501724584318
20355,session_026_20260122-134906,20260122-134936,255,nonstop,LANE_KEEP,near_straight_lt5deg,0.13034593566656158,4.378848329238973,1.757033052545769,0.026012531056855775,0.12304665173945532,0.180743027609532,-0.15385520334446348,-0.09485050570921508
20360,session_026_20260122-134906,20260122-134936,260,nonstop,LANE_KEEP,near_straight_lt5deg,0.197931280453458,4.025247694968908,1.5814220864772919,0.03023116426522022,0.19087490726741915,0.17654680410614534,-0.15061917791909135,-0.09210123388462702
20365,session_026_20260122-134906,20260122-134936,265,nonstop,LANE_KEEP,near_straight_lt5deg,0.19817493753886584,3.689673776757864,1.4420869057071735,0.04795267756552517,0.1869521303236962,0.24216629039587229,-0.1999315887554775,-0.13664505853417663
20370,session_026_20260122-134906,20260122-134936,270,nonstop,LANE_KEEP,near_straight_lt5deg,0.158919138214486,3.319342162513051,1.392466483851702,0.01889667774758936,0.15650589709053803,0.47137119039478503,-0.0681655100071082,0.46641640449245303
20375,session_026_20260122-134906,20260122-134936,275,nonstop,LANE_KEEP,low_motion_or_partial_stop,0.11943672199359548,2.8395159833137016,5.8005971716249825,0.018549420891556506,0.08731098733810642,0.47697753376405755,,
20380,session_026_20260122-134906,20260122-134936,280,nonstop,LANE_KEEP,low_motion_or_partial_stop,0.10151934559884554,2.2903521997193286,158.5414254310644,0.011098004288257007,0.08356014014766264,0.22846316356327903,,
20385,session_026_20260122-134906,20260122-134936,285,nonstop,LANE_KEEP,low_motion_or_partial_stop,0.07070978063555787,1.6819739820801243,158.60079941257385,0.00489787852134987,0.03229899471685611,0.25741593214003705,,
20390,session_026_20260122-134906,20260122-134936,290,nonstop,LANE_KEEP,low_motion_or_partial_stop,0.06645144552071404,1.0819114270198413,296.20960391760764,0.011922755210519026,0.013063691674337925,0.17630937672127234,,
20395,session_026_20260122-134906,20260122-134936,295,nonstop,LANE_KEEP,low_motion_or_partial_stop,0.056752551934236235,0.5200121279323854,296.1880158979459,0.004248035163917383,0.0031732155982673376,0.10670411800344874,,
20430,session_027_20260122-135506,20260122-135506,30,nonstop,LANE_KEEP,gentle_bend_5to15deg,0.08164313785674104,10.229742685169448,10.270494765724052,0.01179384100250025,0.08048588970678541,0.2912639581960342,0.06987301699007883,-0.2827586512217183
20435,session_027_20260122-135506,20260122-135506,35,nonstop,LANE_KEEP,gentle_bend_5to15deg,0.1777931802622249,10.522366553287156,8.692421100053943,0.06495223171106557,0.16037484043547084,0.6106218043107753,0.3802767266801531,-0.4777537012365
20440,session_027_20260122-135506,20260122-135506,40,nonstop,LANE_KEEP,gentle_bend_5to15deg,0.22821653142445586,10.78692343998619,7.143674624545878,0.07337428846094118,0.20841202013737295,0.5187083105072102,0.37007431713310557,-0.36346019202618335
20445,session_027_20260122-135506,20260122-135506,45,nonstop,LANE_KEEP,gentle_bend_5to15deg,0.1873791700921428,11.088420233369497,5.5576645759928756,0.025234381008103622,0.1846953032627126,0.23765409065022292,0.07946698669708355,-0.22397425036836247
20450,session_027_20260122-135506,20260122-135506,50,nonstop,LANE_KEEP,near_straight_lt5deg,0.12427814812774908,11.348111835598852,4.126924114169153,0.05999995675400545,0.09994413816319327,0.2596221171283775,-0.2209545476905235,0.13631849308548388
20455,session_027_20260122-135506,20260122-135506,55,nonstop,LANE_KEEP,near_straight_lt5deg,0.06211299356214825,11.460632408658029,2.9200577265219647,0.008127513163394844,0.06045229341930044,0.3733753125080003,-0.027689646154783816,0.37234715990090456
20460,session_027_20260122-135506,20260122-135506,60,nonstop,LANE_KEEP,near_straight_lt5deg,0.12934844420312114,11.580800317681515,2.1398135759870707,0.09545343973720348,0.06462622640480732,0.41085453353839513,-0.40794475050562434,0.04881114897189143
20465,session_027_20260122-135506,20260122-135506,65,nonstop,LANE_KEEP,near_straight_lt5deg,0.056235238781497415,11.642844895823089,1.63640325350494,0.046895043931082764,0.024258211402723856,0.2191761155198215,-0.1952751172347431,0.09952787651364556
20470,session_027_20260122-135506,20260122-135506,70,nonstop,LANE_KEEP,near_straight_lt5deg,0.05733659846231971,11.68036818567376,1.45709559812598,0.053165881598921695,0.01826994659970816,0.1985649954105802,-0.19569248938407202,0.0336527413603796
20475,session_027_20260122-135506,20260122-135506,75,nonstop,LANE_KEEP,near_straight_lt5deg,0.04297103082022534,11.675593134399469,1.4165657930916242,0.024492492479935853,0.027998605641730547,0.15075330611292093,0.14854963768239682,0.025681986846906653
20480,session_027_20260122-135506,20260122-135506,80,nonstop,LANE_KEEP,near_straight_lt5deg,0.0748653264916555,11.73571296723395,1.3584016512168808,0.037790256601151574,0.059313203039783206,0.2678277402825803,0.22919125073410165,-0.13857513864980045
20485,session_027_20260122-135506,20260122-135506,85,nonstop,LANE_KEEP,near_straight_lt5deg,0.1043936357837909,11.751443861626809,1.4165180401693178,0.06113238083005122,0.08142451703842044,0.43042116811329845,0.3029148652953132,0.3057858177599782
20490,session_027_20260122-135506,20260122-135506,90,nonstop,LANE_KEEP,near_straight_lt5deg,0.06824728486614391,11.752762469253446,1.4722001503231632,0.06131895320160736,0.029523043490582376,0.28653115690860537,0.26630457715219313,0.10574486307700931
20495,session_027_20260122-135506,20260122-135506,95,nonstop,LANE_KEEP,near_straight_lt5deg,0.05174986887240174,11.758788965090753,1.674047377804188,0.04158060854452812,0.022412087875788023,0.17686188783745255,0.17340184022021193,0.034812773197085936
20500,session_027_20260122-135506,20260122-135506,100,nonstop,LANE_KEEP,near_straight_lt5deg,0.05945562648944895,11.752418991804053,1.7019257894053577,0.0429756568606164,0.03843948608954438,0.2369310450296313,0.17958343262659252,0.1545513210065941
20505,session_027_20260122-135506,20260122-135506,105,nonstop,LANE_KEEP,near_straight_lt5deg,0.06881037824294546,11.737228122219902,1.7451258159126026,0.0423521629469446,0.0482853136078838,0.23521497266579722,0.2086723398179143,0.10854463580061723
20510,session_027_20260122-135506,20260122-135506,110,nonstop,LANE_KEEP,near_straight_lt5deg,0.0789085962819097,11.752575623592818,1.7583459226281961,0.05538428818025423,0.046314796264621434,0.33021878842224095,0.3162608767038401,-0.09499213700918183
20515,session_027_20260122-135506,20260122-135506,115,nonstop,LANE_KEEP,near_straight_lt5deg,0.06348816868091137,11.784602114061682,1.6498342555783032,0.042914956049946364,0.03681938051763523,0.21152806564880045,0.20994197271201617,0.02585518615114365
20520,session_027_20260122-135506,20260122-135506,120,nonstop,LANE_KEEP,near_straight_lt5deg,0.08938870564888116,11.830546233576147,1.542704471462882,0.05293504613109469,0.05840206271075066,0.2928660856004697,0.28513298157050165,-0.06685601630113508
20525,session_027_20260122-135506,20260122-135506,125,nonstop,LANE_KEEP,near_straight_lt5deg,0.07255875149383227,11.863146216482313,1.4747037024355534,0.05778597836258588,0.03179342690442539,0.2693886235384107,0.2671892532567878,-0.034353070255796515
20530,session_027_20260122-135506,20260122-135506,130,nonstop,LANE_KEEP,near_straight_lt5deg,0.09085704856921419,11.890157538010799,1.4174761867911894,0.08545166554579406,0.02388960675851003,0.33433744751290545,0.3304412492922625,-0.05089311913818661
20535,session_027_20260122-135506,20260122-135506,135,nonstop,LANE_KEEP,near_straight_lt5deg,0.11741012992603553,11.911028487936541,1.4266582019549758,0.0930920042191498,0.047207868693135424,0.4443062925580684,0.4393510446744175,0.06617205717063594
20540,session_027_20260122-135506,20260122-135506,140,nonstop,LANE_KEEP,near_straight_lt5deg,0.11171391978985194,11.926611343080808,1.4372894723809828,0.10691795637295674,0.025089085421848262,0.49092700072485657,0.4843987800555455,0.07979437274271067
20545,session_027_20260122-135506,20260122-135506,145,nonstop,LANE_KEEP,near_straight_lt5deg,0.08886675775939609,11.949812607457394,1.4404558839249342,0.07229772318550895,0.04549421166270037,0.34448820468193697,0.31756055900442814,0.13351934140707547
20550,session_027_20260122-135506,20260122-135506,150,nonstop,LANE_KEEP,near_straight_lt5deg,0.0927622789140707,11.958273634075702,1.427941347400433,0.08847650813349735,0.02648537620673199,0.30994869970282124,0.29672129668577774,0.08958051429066681
20555,session_027_20260122-135506,20260122-135506,155,nonstop,LANE_KEEP,near_straight_lt5deg,0.09278308035413313,11.958643493941668,1.3799158630274742,0.08147624179332909,0.044043236659820226,0.28909640735785563,0.2626925349341256,0.12070362396010492
20560,session_027_20260122-135506,20260122-135506,160,nonstop,LANE_KEEP,near_straight_lt5deg,0.0861157494430798,11.93489815317786,1.333198469851344,0.07511967160236499,0.03969378618597187,0.1861725525104437,0.12831901514906469,0.134886803132953
20565,session_027_20260122-135506,20260122-135506,165,nonstop,LANE_KEEP,near_straight_lt5deg,0.0540367403148257,11.93228951569914,1.317236570327964,0.0522545380141593,0.012522464747808427,0.09341263407238955,-0.08314675396192774,-0.04257390644440334
20570,session_027_20260122-135506,20260122-135506,170,nonstop,LANE_KEEP,near_straight_lt5deg,0.08234598925407904,11.947656358026801,1.3510307512540463,0.03786136757103592,0.06418506370731668,0.2763464694454634,-0.16274656897498185,0.223340380276035
20575,session_027_20260122-135506,20260122-135506,175,nonstop,LANE_KEEP,near_straight_lt5deg,0.04379509660589573,11.98386403876525,1.1956546306286615,0.016398146083046926,0.03760928843496506,0.106323726857623,-0.09630769391185942,0.04505067131879408
20580,session_027_20260122-135506,20260122-135506,180,nonstop,LANE_KEEP,near_straight_lt5deg,0.18533871841028837,11.98599291389616,1.1561155054942949,0.0263058865592125,0.18235486363879927,0.2636054683726364,-0.1145165390754531,0.2374316854047438
20585,session_027_20260122-135506,20260122-135506,185,nonstop,LANE_KEEP,near_straight_lt5deg,0.08594196284442307,11.989641826589418,1.3519420134603823,0.02996096296177659,0.07260971929781025,0.15120111378912052,-0.15114875707250786,-0.003978699097265322
20590,session_027_20260122-135506,20260122-135506,190,nonstop,LANE_KEEP,near_straight_lt5deg,0.06434820778335819,12.061625847532046,1.111642479799523,0.04672235771464646,0.03365047107111166,0.2727645515135343,0.07289368300445287,-0.2628440821864283
20595,session_027_20260122-135506,20260122-135506,195,nonstop,LANE_KEEP,near_straight_lt5deg,0.08691377849534991,12.148986834899441,1.126067726397835,0.06494236458204818,0.04947032505339238,0.34257302664784417,0.1252205700118303,-0.31886688042594963
20600,session_027_20260122-135506,20260122-135506,200,nonstop,LANE_KEEP,near_straight_lt5deg,0.11448314103433554,12.276184286815564,1.2242102208293557,0.04031706381150177,0.1005642738252491,0.414702606135723,-0.0877402470914435,-0.4053145699035418
20605,session_027_20260122-135506,20260122-135506,205,nonstop,LANE_KEEP,near_straight_lt5deg,0.1422170046990054,12.423485168510767,1.4961890782672955,0.050783169625155875,0.1310681473176595,0.5686463988755922,-0.2908101174322524,-0.4886595978318841
20610,session_027_20260122-135506,20260122-135506,210,nonstop,LANE_KEEP,near_straight_lt5deg,0.17914160831073292,12.592537920215293,1.6560458824696969,0.044604813514389996,0.16975098935130875,0.5623537856584374,-0.3268067937902917,-0.4576451679815768
20615,session_027_20260122-135506,20260122-135506,215,nonstop,LANE_KEEP,near_straight_lt5deg,0.17821462927407156,12.823454043410367,1.9390251573363733,0.0646884539174161,0.15668727023673606,0.4899808807110748,-0.41888695780569585,-0.25419476792941614
20620,session_027_20260122-135506,20260122-135506,220,nonstop,LANE_KEEP,near_straight_lt5deg,0.14980173205801717,12.943862625143264,1.9230204509375037,0.061523645500197774,0.12415180367706372,0.5621198725539138,-0.3834423617542339,0.41103613750175727
20625,session_027_20260122-135506,20260122-135506,225,nonstop,LANE_KEEP,near_straight_lt5deg,0.16513193583022306,13.071350263347153,1.9819148606544725,0.04653121775248199,0.15013225525315183,0.44922937268203605,-0.28086797160241256,0.35059978865972247
20630,session_027_20260122-135506,20260122-135506,230,nonstop,LANE_KEEP,near_straight_lt5deg,0.14465793055853315,13.211953220266116,1.837014556210115,0.03869769923893851,0.13856069996755505,0.6246360596354588,-0.22231630468501196,0.5837342440427093
20635,session_027_20260122-135506,20260122-135506,235,nonstop,LANE_KEEP,near_straight_lt5deg,0.24525283242853607,13.193427726730395,1.8187884880673186,0.04022682399641647,0.2371376278652084,1.1512961785660425,-0.2346249045618542,1.1271353268086817
20640,session_027_20260122-135506,20260122-135506,240,nonstop,LANE_KEEP,near_straight_lt5deg,0.20816962901824632,12.988329319690216,1.7628018063437145,0.047909431032642585,0.19936381383641383,0.6981522061228234,-0.23286524082331111,0.6581719247510232
20645,session_027_20260122-135506,20260122-135506,245,nonstop,LANE_KEEP,near_straight_lt5deg,0.06699943058187066,12.7979058034393,1.5053765763544393,0.047970714089786134,0.03444660651891703,0.2643444652171576,-0.2636331472389861,0.019379369644343808
20650,session_027_20260122-135506,20260122-135506,250,nonstop,LANE_KEEP,near_straight_lt5deg,0.11789949250709554,12.723928351923313,1.3473071166862511,0.08847101052709302,0.06959973802582767,0.5301547854378125,-0.4826476969529867,-0.21935199371920663
20655,session_027_20260122-135506,20260122-135506,255,nonstop,LANE_KEEP,near_straight_lt5deg,0.07133699027435231,12.68863456002687,1.1964304613094217,0.041726886470496834,0.0551911045597044,0.19913947039619043,-0.1547257000927364,-0.12536541149969482
20660,session_027_20260122-135506,20260122-135506,260,nonstop,LANE_KEEP,near_straight_lt5deg,0.06384027841835216,12.618117462902429,1.108496891235141,0.05715287530175107,0.02259580093275213,0.2293288970681726,-0.20642948036542944,0.09989300609433717
20665,session_027_20260122-135506,20260122-135506,265,nonstop,LANE_KEEP,near_straight_lt5deg,0.08777143093363293,12.603299647113653,1.1419012933952843,0.024399578337948424,0.08370787597906638,0.2661734312208593,-0.07567033734669162,-0.2551907042463017
20670,session_027_20260122-135506,20260122-135506,270,nonstop,LANE_KEEP,near_straight_lt5deg,0.07168302808518941,12.54429655444299,1.3787667239251797,0.05093690769432683,0.048410255365392035,0.11623523370624102,0.05741821686167763,0.10106323726840451
20675,session_027_20260122-135506,20260122-135506,275,nonstop,LANE_KEEP,near_straight_lt5deg,0.07009589648005674,12.517205767328198,1.3951506204679214,0.03488954253517735,0.05141346768288936,0.2617135530382895,-0.0010920349954878028,-0.26171127469693434
20680,session_027_20260122-135506,20260122-135506,280,nonstop,LANE_KEEP,near_straight_lt5deg,0.06523157170055838,12.50283871947864,1.506528592700839,0.041507279588903004,0.04149477803635429,0.13286560761303476,-0.013536684787001806,-0.13217423293274028
20685,session_027_20260122-135506,20260122-135506,285,nonstop,LANE_KEEP,near_straight_lt5deg,0.06895842069191692,12.432517342100821,1.5373978087363482,0.04739374351617441,0.04356595202964016,0.1450815736919943,-0.14097576516931828,-0.03427093024519173
20690,session_027_20260122-135506,20260122-135506,290,nonstop,LANE_KEEP,near_straight_lt5deg,0.07662023254872005,12.428401188009603,1.4486385960190236,0.035849386791858374,0.06044314684560699,0.24477457687976287,-0.22008270291798174,-0.10713634940104289
20695,session_027_20260122-135506,20260122-135506,295,nonstop,LANE_KEEP,near_straight_lt5deg,0.04598092737487862,12.44840694238342,1.457927996696761,0.021196092450263375,0.037942501249432305,0.22862014864821903,-0.17221673713093388,0.15036145722860156
20730,session_027_20260122-135506,20260122-135546,30,nonstop,LANE_KEEP,near_straight_lt5deg,0.06746562748756613,12.646283666073186,1.8817522776667455,0.040022432726988924,0.053476544145772804,0.402866646617741,0.2696483104445918,-0.29931809773450196
20735,session_027_20260122-135506,20260122-135546,35,nonstop,LANE_KEEP,near_straight_lt5deg,0.08145135801334502,12.663541385593629,2.329572237344683,0.07398680504794963,0.026251758515364133,0.38508090617469626,0.371307655393275,-0.10206825827197269
20740,session_027_20260122-135506,20260122-135546,40,nonstop,LANE_KEEP,near_straight_lt5deg,0.07967780364823282,12.65435661687596,2.378269694055589,0.0626955172633544,0.044512486689317815,0.3486657537957394,0.29400811400485377,-0.18742208186139658
20745,session_027_20260122-135506,20260122-135546,45,nonstop,LANE_KEEP,near_straight_lt5deg,0.1634632830288692,12.741590680951754,2.592294972310892,0.036445575984901765,0.15549296038474397,0.5298192164905358,0.0886630448368111,-0.5223478406607142
20750,session_027_20260122-135506,20260122-135546,50,nonstop,LANE_KEEP,near_straight_lt5deg,0.03503951903426677,12.742513399234857,2.581043980616288,0.029610209289879095,0.013266996794948863,0.057034569091145855,0.006875786925745182,-0.05661859787706193
20755,session_027_20260122-135506,20260122-135546,55,nonstop,LANE_KEEP,near_straight_lt5deg,0.12120505403991799,12.738216287975435,2.4704896670736507,0.055157560838589546,0.10739702776672055,0.331183196707038,-0.10747718570024895,-0.31325862212403155
20760,session_027_20260122-135506,20260122-135546,60,nonstop,LANE_KEEP,near_straight_lt5deg,0.13394051132128112,12.718715547382063,2.240610014149348,0.07787078981212467,0.10829329228127206,0.28428471309164405,-0.17785401834546438,-0.22177859738029182
20765,session_027_20260122-135506,20260122-135546,65,nonstop,LANE_KEEP,near_straight_lt5deg,0.11798913515454859,12.69027705846312,2.587751418066772,0.05904255215722954,0.10195079925911565,0.19938997435614011,-0.10401362228738624,-0.17011034140345246
20770,session_027_20260122-135506,20260122-135546,70,nonstop,LANE_KEEP,near_straight_lt5deg,0.07118212727851302,12.674896185190063,2.485479021167349,0.016331307025606336,0.0689920479602605,0.18478007249985096,-0.019245735977485214,-0.18377507132289492
20775,session_027_20260122-135506,20260122-135546,75,nonstop,LANE_KEEP,near_straight_lt5deg,0.04644069267891594,12.63095035711087,2.819919926286569,0.009021388759674093,0.043930626515795275,0.23322464280547098,0.027856763652677884,-0.23155503607250347
20780,session_027_20260122-135506,20260122-135546,80,nonstop,LANE_KEEP,near_straight_lt5deg,0.10061294269718415,12.533568085894247,2.891766479260991,0.015141874667219352,0.09856730460448233,0.28030931233425893,0.06803016181155347,-0.2719286812110833
20785,session_027_20260122-135506,20260122-135546,85,nonstop,LANE_KEEP,near_straight_lt5deg,0.1698308050839276,12.495246406451207,2.880956796696702,0.03228756059501161,0.16447393740096122,0.38993634007273564,0.17404919153679432,-0.34893728409946173
20790,session_027_20260122-135506,20260122-135546,90,nonstop,LANE_KEEP,near_straight_lt5deg,0.11274329695585242,12.378987404068845,2.8090224911281005,0.06200653575528565,0.08578077778300253,0.2803241245452005,0.2592223051172976,0.10670244295098288
20795,session_027_20260122-135506,20260122-135546,95,nonstop,LANE_KEEP,near_straight_lt5deg,0.12637763997123944,12.335400796884931,2.689684847293983,0.030681312583325723,0.11688297895153243,0.1337030759547545,0.1278692538075517,0.03906362054985148
20800,session_027_20260122-135506,20260122-135546,100,nonstop,LANE_KEEP,near_straight_lt5deg,0.16021792430764534,12.168011345163888,2.3893558794007768,0.02592872765593834,0.15772856697603824,0.7450645070548618,0.05934960848186788,0.7426969393002459
20805,session_027_20260122-135506,20260122-135546,105,nonstop,LANE_KEEP,near_straight_lt5deg,0.15217382676099597,11.88007153904134,2.104197138771499,0.030438677629248886,0.1486544321755046,0.6036121084455395,0.11753302204258922,0.5920587523139962
20810,session_027_20260122-135506,20260122-135546,110,nonstop,LANE_KEEP,near_straight_lt5deg,0.09566774004560388,11.594098450950211,1.824173120810761,0.0162191435036372,0.09394395065037406,0.20119758267998145,0.029034184116401487,0.19909164580404393
20815,session_027_20260122-135506,20260122-135546,115,nonstop,LANE_KEEP,near_straight_lt5deg,0.07302316653053273,11.349122986055269,1.5724828869838383,0.013867575972389436,0.0716395174433744,0.18078201184166293,0.024004235865069203,0.1791812838051265
20820,session_027_20260122-135506,20260122-135546,120,nonstop,LANE_KEEP,near_straight_lt5deg,0.12884794727365148,11.053789384487228,1.4476078224218614,0.03506530852436224,0.1237200902698059,0.28358811483407137,-0.11640614809166655,0.2585958769230543
20825,session_027_20260122-135506,20260122-135546,125,nonstop,LANE_KEEP,near_straight_lt5deg,0.06781289860895384,10.775139439054621,1.253450255357516,0.03716250881411115,0.05199890316248198,0.18954018125720892,-0.15943599731840852,-0.10249703932358262
20830,session_027_20260122-135506,20260122-135546,130,nonstop,LANE_KEEP,near_straight_lt5deg,0.0684758810712682,10.550714421345319,1.32920030026456,0.0261589277548823,0.06131518650408044,0.20851319758011772,-0.14043999900243873,-0.15412449592871413
20835,session_027_20260122-135506,20260122-135546,135,nonstop,LANE_KEEP,near_straight_lt5deg,0.05231010786396442,10.36030181174629,1.2903521539594374,0.029994170636580265,0.042473394514914733,0.23816459721486508,-0.14985586521015062,-0.18510968377866158
20840,session_027_20260122-135506,20260122-135546,140,nonstop,LANE_KEEP,near_straight_lt5deg,0.07767291172282038,10.20541287584428,1.3392064949639693,0.027639269427342905,0.07209204717037844,0.30000644308138846,-0.08546845134387301,-0.28757435510703383
20845,session_027_20260122-135506,20260122-135546,145,nonstop,LANE_KEEP,near_straight_lt5deg,0.06550052967488422,10.090799249962725,1.4493067323010425,0.030517054110466974,0.05239432633319174,0.21987742594262313,0.03813087437131678,-0.21654588164828392
20850,session_027_20260122-135506,20260122-135546,150,nonstop,LANE_KEEP,near_straight_lt5deg,0.042782658282616674,10.025731903986737,1.1466434157477274,0.015276170702689962,0.03976631241499546,0.09995759703932956,0.022453382053807217,-0.09740311514639947
20855,session_027_20260122-135506,20260122-135546,155,nonstop,LANE_KEEP,near_straight_lt5deg,0.09242788639810832,9.87233883430092,1.3239518533104624,0.061720152682161224,0.06744421931909793,0.18595064176598036,0.14625201736896012,0.11483896807569002
20860,session_027_20260122-135506,20260122-135546,160,nonstop,LANE_KEEP,near_straight_lt5deg,0.033966231035681596,9.737076075974649,1.455703459646019,0.02589889300458272,0.01998850047838499,0.051325690819512014,0.02791478240382944,0.04307077270547853
20865,session_027_20260122-135506,20260122-135546,165,nonstop,LANE_KEEP,near_straight_lt5deg,0.021168747589449494,9.580879870664203,1.600775995016527,0.01452793508483663,0.011684935664574864,0.07703180521924498,-0.07321311713848304,0.02395283895913926
20870,session_027_20260122-135506,20260122-135546,170,nonstop,LANE_KEEP,near_straight_lt5deg,0.04227934651829268,9.442216613219845,1.6813337704795956,0.03877838266482372,0.01528123550581692,0.11749772601399618,-0.10798347953989383,0.046317208086384516
20875,session_027_20260122-135506,20260122-135546,175,nonstop,LANE_KEEP,near_straight_lt5deg,0.02728683134888594,9.239407878860208,1.6661732930274493,0.004655141827487434,0.025111529300031653,0.08006639415715622,-9.2904715832667e-06,0.08006639361814817
20880,session_027_20260122-135506,20260122-135546,180,nonstop,LANE_KEEP,near_straight_lt5deg,0.048129411815705556,9.054896079438242,1.768068940027159,0.019206078124591325,0.040631242184583465,0.158013425005262,-0.1172124804402772,-0.1059692262448452
20885,session_027_20260122-135506,20260122-135546,185,nonstop,LANE_KEEP,near_straight_lt5deg,0.051893939973970155,8.843444081280563,1.6763155489224195,0.037388232370264673,0.029340556436877004,0.14430376072794787,-0.1439037006636742,0.010737797517576819
20890,session_027_20260122-135506,20260122-135546,190,nonstop,LANE_KEEP,near_straight_lt5deg,0.03246652536393165,8.644226458526623,1.5995363372832905,0.008747665699048982,0.030809584112857474,0.06193121029712304,0.00945537681804357,0.06120515221854517
20895,session_027_20260122-135506,20260122-135546,195,nonstop,LANE_KEEP,near_straight_lt5deg,0.05405293237887914,8.443434521352389,1.52633117834185,0.051470887129561924,0.014170258699682732,0.23929699485820227,0.2354377580318616,0.04280319895868835
20900,session_027_20260122-135506,20260122-135546,200,nonstop,LANE_KEEP,near_straight_lt5deg,0.030105572219961543,8.267074241407073,1.4492279935410521,0.02900397508948475,0.0071433234049483735,0.05653238631142956,0.05470935976052895,0.014240669108497809
20905,session_027_20260122-135506,20260122-135546,205,nonstop,LANE_KEEP,near_straight_lt5deg,0.0610273343006512,8.009786866699605,1.413763659532934,0.0468713606079825,0.03469552818318606,0.2607803624482586,0.16660044813768,0.2006257414166221
20910,session_027_20260122-135506,20260122-135546,210,nonstop,LANE_KEEP,near_straight_lt5deg,0.055854278924591334,7.734973303951946,1.4365413662917799,0.023658645562893366,0.04496887883164877,0.19901412170314906,0.002935059029793347,-0.1989924774099952
20915,session_027_20260122-135506,20260122-135546,215,nonstop,LANE_KEEP,near_straight_lt5deg,0.08151886298675298,7.468316582679805,1.436666633566848,0.032603950870900934,0.07088959714993458,0.2859915371032096,-0.00571929259851953,-0.2859343438393315
20920,session_027_20260122-135506,20260122-135546,220,nonstop,LANE_KEEP,near_straight_lt5deg,0.10479882064986382,7.203435823556321,1.4277728799331126,0.02971657922086657,0.09504237454982792,0.4805214064861363,0.006472903466218755,-0.4804778076166803
20925,session_027_20260122-135506,20260122-135546,225,nonstop,LANE_KEEP,near_straight_lt5deg,0.06761439821681615,6.9342718113902055,1.4157960172966608,0.028807160478410445,0.055459972621580075,0.2415734578977379,-0.009871430470403154,-0.24137168521004723
20930,session_027_20260122-135506,20260122-135546,230,nonstop,LANE_KEEP,near_straight_lt5deg,0.056290241659169675,6.680784107799816,1.5047374133299516,0.013422716864936601,0.051741975853282024,0.17986278995641675,-0.01644344256705659,-0.17910956537117165
20935,session_027_20260122-135506,20260122-135546,235,nonstop,LANE_KEEP,near_straight_lt5deg,0.043093576358338916,6.3781685979230955,1.4800870237980661,0.02513164252066365,0.030928293054462513,0.08275760288827953,0.07350360779890451,-0.038026838895167156
20940,session_027_20260122-135506,20260122-135546,240,nonstop,LANE_KEEP,near_straight_lt5deg,0.02957436521908044,6.083491781382254,1.4811929612790646,0.015145668319447081,0.02168692616522356,0.085255444953417,0.08346372690156577,0.017386695658058858
20945,session_027_20260122-135506,20260122-135546,245,nonstop,LANE_KEEP,near_straight_lt5deg,0.07168618687913866,5.7485174784077095,1.4771118794104336,0.04162962252376129,0.05331716428621169,0.3326865143171341,0.12543223410066764,0.3081348267512129
20950,session_027_20260122-135506,20260122-135546,250,nonstop,LANE_KEEP,near_straight_lt5deg,0.07399840702750422,5.343214063291886,1.5034461463659956,0.018498285666191234,0.07131578095154693,0.36809086566445437,-0.0881932710679228,0.3573693220240754
20955,session_027_20260122-135506,20260122-135546,255,nonstop,LANE_KEEP,near_straight_lt5deg,0.059216281824467844,4.946211046840656,1.5119454029914363,0.011328111536770956,0.0580840915279673,0.34449643780377115,-0.06264845117758368,0.338752073387806
20960,session_027_20260122-135506,20260122-135546,260,nonstop,LANE_KEEP,near_straight_lt5deg,0.06174324992964829,4.5514898882873345,1.4700354564805416,0.013033699394400458,0.05695111767581156,0.08779121019157678,-0.06714358302757413,0.05656001984724611
20965,session_027_20260122-135506,20260122-135546,265,nonstop,LANE_KEEP,near_straight_lt5deg,0.12416411937685534,4.203139678112618,1.487967339664468,0.0193483815291702,0.12262114500925872,0.3416612991460784,0.05873884305785801,-0.3365741993237307
20970,session_027_20260122-135506,20260122-135546,270,nonstop,LANE_KEEP,near_straight_lt5deg,0.04027694993511714,3.8808327929435835,1.547234726592578,0.026768349922216873,0.026212639117828628,0.14251611319621327,0.14033048075469923,0.0248636017445352
20975,session_027_20260122-135506,20260122-135546,275,nonstop,LANE_KEEP,near_straight_lt5deg,0.07920789154301057,3.5819918411215035,1.5569540972322329,0.010658560949856734,0.07819034685202617,0.173825401147478,0.06087058305469763,-0.16281904741971315
20980,session_027_20260122-135506,20260122-135546,280,nonstop,LANE_KEEP,near_straight_lt5deg,0.04724955944806644,3.261034568298478,1.5618457158747854,0.021427025341591178,0.04094558377175561,0.07674150205474206,-0.05397218289685606,-0.05455512451609198
20985,session_027_20260122-135506,20260122-135546,285,nonstop,LANE_KEEP,near_straight_lt5deg,0.04253276757260924,2.92495904577744,1.6242431839354328,0.008165580221909562,0.04060483620138383,0.03592639622306832,0.03317737832462739,-0.013782870277320407
20990,session_027_20260122-135506,20260122-135546,290,nonstop,LANE_KEEP,near_straight_lt5deg,0.06574495249022244,2.546714179036221,1.6338370061937344,0.007110193443550221,0.06312644899110924,0.05290644555304402,0.049348447967271974,-0.01907413600346453
20995,session_027_20260122-135506,20260122-135546,295,nonstop,LANE_KEEP,near_straight_lt5deg,0.08226688024780628,2.177139166995485,1.6405237183992933,0.005163682966913944,0.08122618473364718,0.2124325283862097,0.023198109115123676,-0.21116208667760555
21030,session_027_20260122-135506,20260122-135616,30,nonstop,LANE_KEEP,near_straight_lt5deg,0.19274627132686842,2.381962224928773,1.2060903924962232,0.011288439156720974,0.1915633123425886,0.18569984558584368,0.0747997781192519,-0.16996889669559215
21035,session_027_20260122-135506,20260122-135616,35,nonstop,LANE_KEEP,near_straight_lt5deg,0.04898165275748555,2.878572662068507,1.2418459876053163,0.01170030071682225,0.04712604601570214,0.11930872434561102,-0.03965478110605356,0.11252586387319126
21040,session_027_20260122-135506,20260122-135616,40,nonstop,LANE_KEEP,near_straight_lt5deg,0.05464064460003544,3.3458538823947777,1.1712817810742833,0.02766253342256709,0.03991399206621346,0.1508586982110214,-0.14267438081358022,0.04901395602668213
21045,session_027_20260122-135506,20260122-135616,45,nonstop,LANE_KEEP,near_straight_lt5deg,0.1012334053806578,3.784422774816341,1.2134707649200285,0.02493855033600817,0.09707235477805323,0.1075649992417339,-0.06317357903965679,0.08705933593357149
21050,session_027_20260122-135506,20260122-135616,50,nonstop,LANE_KEEP,near_straight_lt5deg,0.08049909780150018,4.183564655912227,1.2607055613208287,0.03550864651114845,0.0659145907999254,0.12887660154041009,-0.12887660110290683,1.0619221248332929e-05
21055,session_027_20260122-135506,20260122-135616,55,nonstop,LANE_KEEP,near_straight_lt5deg,0.10019683291624308,4.573790971609256,1.3163653916546554,0.07678115273391148,0.05962621998779816,0.2418768129853684,0.1746414600247013,-0.16734620730808197
21060,session_027_20260122-135506,20260122-135616,60,nonstop,LANE_KEEP,near_straight_lt5deg,0.06530716430646136,4.9794229596914175,1.7058190531551083,0.005086530118547594,0.06463675714578611,0.01255775119030076,-0.01082693295806858,-0.00636196806648607
21065,session_027_20260122-135506,20260122-135616,65,nonstop,LANE_KEEP,near_straight_lt5deg,0.0919441757588627,5.428266534807255,1.7543423726007576,0.037495766789598484,0.07944650924494537,0.10611696939808266,-0.10609570210867592,-0.0021244265816247015
21070,session_027_20260122-135506,20260122-135616,70,nonstop,LANE_KEEP,near_straight_lt5deg,0.13212645446952376,5.885053802859447,1.90000910310556,0.020993929082919978,0.12537015331009582,0.10043188255578522,0.10021357694874534,0.006618310119428751
21075,session_027_20260122-135506,20260122-135616,75,nonstop,LANE_KEEP,near_straight_lt5deg,0.16788684219477373,6.310692280642918,1.95659799231308,0.03403351802980965,0.16286680296828981,0.1620469394029555,0.10690628667282004,0.12177954031648316
21080,session_027_20260122-135506,20260122-135616,80,nonstop,LANE_KEEP,near_straight_lt5deg,0.10527951859880472,6.734599374466743,1.8390372068954877,0.030654399541714745,0.09981173437577945,0.13054598175694096,0.07624661548317833,-0.10596559337937912
21085,session_027_20260122-135506,20260122-135616,85,nonstop,LANE_KEEP,near_straight_lt5deg,0.07469682064886563,7.205093226239568,1.6458187880008508,0.04005693713828149,0.05940538621206354,0.2638937499345646,0.11384783749861709,-0.23807263839302278
21090,session_027_20260122-135506,20260122-135616,90,nonstop,LANE_KEEP,near_straight_lt5deg,0.06955648856674768,7.710237425151905,1.4864173438600135,0.027655022829270227,0.061080344992793245,0.2869315014269922,0.10625359792545613,-0.2665330362995243
21095,session_027_20260122-135506,20260122-135616,95,nonstop,LANE_KEEP,near_straight_lt5deg,0.08326856353167278,8.23217035313308,1.3797799578354382,0.05814496646514519,0.05382595849895877,0.4242791315140895,0.2126860439791815,-0.3671204545307109
21100,session_027_20260122-135506,20260122-135616,100,nonstop,LANE_KEEP,near_straight_lt5deg,0.09801376260007014,8.807561467987808,1.361763438975123,0.058864039457341276,0.06982177170350151,0.5473419930968398,0.12696058035320382,-0.5324136253361654
21105,session_027_20260122-135506,20260122-135616,105,nonstop,LANE_KEEP,near_straight_lt5deg,0.12225358134076711,9.378741377303443,1.3765355461815676,0.038973947589369035,0.11283449922804298,0.3321286816262356,0.058087222230294146,-0.32700968758180515
21110,session_027_20260122-135506,20260122-135616,110,nonstop,LANE_KEEP,near_straight_lt5deg,0.1143716353119982,9.906308128222543,1.3819293063889078,0.017173593931525975,0.11296595227153021,0.5370755834048284,-0.11345506536579329,-0.5249553604188459
21115,session_027_20260122-135506,20260122-135616,115,nonstop,LANE_KEEP,near_straight_lt5deg,0.13239018112970583,10.451547080666783,1.3646720923344742,0.02350863469462433,0.12891458890559007,0.6864312928879497,-0.12789246746157018,-0.6744119190987163
21120,session_027_20260122-135506,20260122-135616,120,nonstop,LANE_KEEP,near_straight_lt5deg,0.11478706502144592,10.98164549677111,1.3452751978699646,0.026510252370010368,0.10526884105377948,0.5351861743202744,-0.10292925673290751,-0.5251950202467484
21125,session_027_20260122-135506,20260122-135616,125,nonstop,LANE_KEEP,near_straight_lt5deg,0.11132891189788735,11.468437152741108,1.280468995644744,0.03333107786583669,0.10507495081414397,0.38689859675679167,-0.20239881475583962,-0.32973511180613724
21130,session_027_20260122-135506,20260122-135616,130,nonstop,LANE_KEEP,near_straight_lt5deg,0.12952462443660745,11.885244873852603,1.2380933466428337,0.04709484201703589,0.11425397826142303,0.28387741688782725,-0.25060657180457324,-0.13335191782372133
21135,session_027_20260122-135506,20260122-135616,135,nonstop,LANE_KEEP,near_straight_lt5deg,0.07876260303244723,12.232914453883325,1.336869381842097,0.031158694818666035,0.06806784432526075,0.26030286274855347,-0.16029550379449942,0.20509249576315533
21140,session_027_20260122-135506,20260122-135616,140,nonstop,LANE_KEEP,near_straight_lt5deg,0.07534844124261578,12.50556088915563,1.3268479090477987,0.04088830866162173,0.061282262201850145,0.41523861188879396,-0.18610777021638703,0.3711967169418622
21145,session_027_20260122-135506,20260122-135616,145,nonstop,LANE_KEEP,near_straight_lt5deg,0.1724929396489499,12.646310446388773,1.3457524687311395,0.04725374061735845,0.16568510365608655,0.5702278894721142,-0.19395568732074325,0.5362285308408717
21150,session_027_20260122-135506,20260122-135616,150,nonstop,LANE_KEEP,near_straight_lt5deg,0.10094120586553984,12.743400100465864,1.3221396603564808,0.014552481629753918,0.09779496317771226,0.30630595510129993,-0.06448870470113739,0.2994403865487905
21155,session_027_20260122-135506,20260122-135616,155,nonstop,LANE_KEEP,near_straight_lt5deg,0.21042728985746578,12.671729852039816,1.4058850936626817,0.035830041519662945,0.2065276193918316,0.3841516345846436,-0.0803993649409103,0.3756440076337594
21160,session_027_20260122-135506,20260122-135616,160,nonstop,LANE_KEEP,near_straight_lt5deg,0.0915121868564496,12.736002152025927,1.3704477882807398,0.04980802907334226,0.06741785816919749,0.3508186669811542,0.05338780249669699,-0.34673257655866085
21165,session_027_20260122-135506,20260122-135616,165,nonstop,LANE_KEEP,near_straight_lt5deg,0.036690414916235134,12.815001531003592,1.4150694712313836,0.03212451353207552,0.01544565276721581,0.19572677491195722,-0.17323339000869,-0.09109974206073844
21170,session_027_20260122-135506,20260122-135616,170,nonstop,LANE_KEEP,near_straight_lt5deg,0.04437304156719449,12.87800636759771,1.340823992823023,0.033213674213716064,0.0217791160446435,0.10898056125537116,-0.0421846955590989,-0.10048489534314024
21175,session_027_20260122-135506,20260122-135616,175,nonstop,LANE_KEEP,near_straight_lt5deg,0.04087758238239298,12.964491752168662,1.3253650033772812,0.018284519406004875,0.03389672729353496,0.13969817738438578,-0.006220454844133077,-0.13955961703175965
21180,session_027_20260122-135506,20260122-135616,180,nonstop,LANE_KEEP,near_straight_lt5deg,0.05025934677308187,13.024844835350102,1.3269716994245069,0.029422848570055008,0.03906861304961604,0.06772261100747844,-0.06660752584938638,-0.012238853781852412
21185,session_027_20260122-135506,20260122-135616,185,nonstop,LANE_KEEP,near_straight_lt5deg,0.071053654452692,13.092753964752466,1.3656563948183507,0.051626243580897964,0.046249627140768856,0.01825488151882156,-0.005194211294727409,-0.0175003105198719
21190,session_027_20260122-135506,20260122-135616,190,nonstop,LANE_KEEP,near_straight_lt5deg,0.05957084834415825,13.137784556416209,1.297205705239735,0.04288110202186598,0.037693912632693234,0.17202787660848676,-0.14600862197569203,-0.09096742625349037
21195,session_027_20260122-135506,20260122-135616,195,nonstop,LANE_KEEP,near_straight_lt5deg,0.06124368479344993,13.1601913025066,1.2266446314542232,0.04519157623611366,0.03274085944134175,0.24577040863985958,-0.2452415026447567,-0.01611518363362197
21200,session_027_20260122-135506,20260122-135616,200,nonstop,LANE_KEEP,near_straight_lt5deg,0.0557135195142114,13.19186266808936,1.339242832000514,0.03906198263644048,0.03314002680027186,0.20281076569567139,-0.19575710130614438,0.05302229691630168
21205,session_027_20260122-135506,20260122-135616,205,nonstop,LANE_KEEP,near_straight_lt5deg,0.08017712760010098,13.18353302612256,1.28994514087979,0.0478091585722692,0.05589135116994233,0.27015363157209626,-0.2254909470315857,0.1487844664553075
21210,session_027_20260122-135506,20260122-135616,210,nonstop,LANE_KEEP,near_straight_lt5deg,0.08131614503146285,13.171318737154923,1.2439076283701047,0.0473023413581439,0.053974931114844096,0.3265683920276185,-0.25898134348996577,0.1989361163681365
21215,session_027_20260122-135506,20260122-135616,215,nonstop,LANE_KEEP,near_straight_lt5deg,0.15001318483371834,13.091435426298727,1.2714839662766175,0.0668530708868364,0.13066922202301934,0.5230524087207385,-0.3421842934831629,0.3955928861367392
21220,session_027_20260122-135506,20260122-135616,220,nonstop,LANE_KEEP,near_straight_lt5deg,0.06975675009330853,12.929007460769695,1.3663310291714792,0.057143873520594635,0.036202710492925005,0.3148845162774189,-0.29427908279165,0.11203606572246864
21225,session_027_20260122-135506,20260122-135616,225,nonstop,LANE_KEEP,near_straight_lt5deg,0.08379267112864355,12.82633825197514,1.438060108059265,0.031280646891649076,0.06917381909486241,0.35434582421209676,-0.13095417625492822,-0.3292597255328131
21230,session_027_20260122-135506,20260122-135616,230,nonstop,LANE_KEEP,near_straight_lt5deg,0.062067789103594215,12.710337940343654,1.43652971874591,0.03873644333076364,0.04742566560418878,0.3309014184458072,-0.23349000614191462,-0.23447423261692513
21235,session_027_20260122-135506,20260122-135616,235,nonstop,LANE_KEEP,near_straight_lt5deg,0.09293849093072717,12.611014032821107,1.406335308964096,0.0347970745984675,0.08317767377456728,0.3560599500821059,-0.1811737676899354,-0.30652039728785596
21240,session_027_20260122-135506,20260122-135616,240,nonstop,LANE_KEEP,near_straight_lt5deg,0.13089663460952428,12.564693976679566,1.396019394269872,0.0637051748874511,0.1102890926824382,0.3314081972761671,-0.27147978292777253,-0.1900792484289866
21245,session_027_20260122-135506,20260122-135616,245,nonstop,LANE_KEEP,near_straight_lt5deg,0.09147729542174271,12.470920259664446,1.288885069622815,0.05573746057009459,0.06848615222688459,0.2560872724991188,-0.1753621874777499,0.18662474203346247
21250,session_027_20260122-135506,20260122-135616,250,nonstop,LANE_KEEP,near_straight_lt5deg,0.09197664822073165,12.428749524466099,1.2646609663490038,0.06587193646653229,0.055841424629831604,0.347807075669288,-0.24257544957888424,0.24925270940799016
21255,session_027_20260122-135506,20260122-135616,255,nonstop,LANE_KEEP,near_straight_lt5deg,0.11538729797955723,12.342922334879495,1.295671356853842,0.027120835525016318,0.10787573401880901,0.6472393325860185,0.044164074004460666,0.6457308171473027
21260,session_027_20260122-135506,20260122-135616,260,nonstop,LANE_KEEP,near_straight_lt5deg,0.1857430066803558,12.1757108207275,1.403955765616537,0.024514968984025963,0.18269008897435712,0.5834800006799397,-0.05049047301868535,0.5812913411773926
21265,session_027_20260122-135506,20260122-135616,265,nonstop,LANE_KEEP,near_straight_lt5deg,0.13416140220973388,11.961119764475773,1.589296313924869,0.011660023138493483,0.1331888434156105,0.22319347354572702,0.06831512304620813,0.21248145941843627
21270,session_027_20260122-135506,20260122-135616,270,nonstop,LANE_KEEP,near_straight_lt5deg,0.07921192598709606,11.78912337970373,1.823985518147738,0.005808339095129299,0.0787285893315889,0.1636804806800238,0.04038881676059117,-0.15861917676095486
21275,session_027_20260122-135506,20260122-135616,275,nonstop,LANE_KEEP,near_straight_lt5deg,0.07800791132237937,11.677668418936195,2.102527664438869,0.04989414769862197,0.05697508517238884,0.1997313916790376,0.14853738032699626,-0.13352631002030424
21280,session_027_20260122-135506,20260122-135616,280,nonstop,LANE_KEEP,near_straight_lt5deg,0.09328635820810571,11.552684636580935,2.146936039782959,0.03623683031165475,0.08269968474596885,0.10579589612967097,0.10022936498211948,-0.033865115283447794
21285,session_027_20260122-135506,20260122-135616,285,nonstop,LANE_KEEP,near_straight_lt5deg,0.07199359982275619,11.544269214105364,2.041954917893165,0.021790594403768796,0.06432587923118413,0.2981732975362034,0.011354092309179147,-0.2979570438023708
21290,session_027_20260122-135506,20260122-135616,290,nonstop,LANE_KEEP,near_straight_lt5deg,0.060556147332941845,11.524039397076153,1.847417760672662,0.04392026041738176,0.03667889606009615,0.1565429991766851,0.1474460223859966,0.052586890702720074
21295,session_027_20260122-135506,20260122-135616,295,nonstop,LANE_KEEP,near_straight_lt5deg,0.12432329923152939,11.546817412787513,1.6452422766128685,0.03629325233726402,0.11146061475560376,0.1423426360693331,0.14210724560151358,-0.00818271291917932
21330,session_027_20260122-135506,20260122-135646,30,nonstop,LANE_KEEP,near_straight_lt5deg,0.13361313907598357,11.183636220121201,1.2826865004280925,0.02761114287799961,0.12452216819400312,0.18533549812409636,0.15406650770900793,0.10301824142964741
21335,session_027_20260122-135506,20260122-135646,35,nonstop,LANE_KEEP,near_straight_lt5deg,0.14111428827976374,11.01854307544506,1.407697976499127,0.07807463350620249,0.10984786539671776,0.7525213800623302,0.26424357110885766,0.7046018468458282
21340,session_027_20260122-135506,20260122-135646,40,nonstop,LANE_KEEP,near_straight_lt5deg,0.09275557823836779,10.793210506440632,1.4260952923657033,0.047207874727927174,0.07842941511208606,0.45200304372470385,0.14547951942872112,0.4279514703365148
21345,session_027_20260122-135506,20260122-135646,45,nonstop,LANE_KEEP,near_straight_lt5deg,0.06981600687999431,10.479332506906678,1.338638480479907,0.033558794637758044,0.058086025157540036,0.21420678267679702,0.14761435426144479,0.15522418677745173
21350,session_027_20260122-135506,20260122-135646,50,nonstop,LANE_KEEP,near_straight_lt5deg,0.04811341497552762,10.228709414227607,1.3416085371495245,0.022240036791543665,0.04040477256046328,0.10021766520518709,0.01862979052002423,-0.09847086535802853
21355,session_027_20260122-135506,20260122-135646,55,nonstop,LANE_KEEP,near_straight_lt5deg,0.0630975960009936,9.966438887235558,1.3651304776066193,0.05448009845927887,0.02844782114292879,0.1765233614885188,0.17567608620515157,-0.017274544475801443
21360,session_027_20260122-135506,20260122-135646,60,nonstop,LANE_KEEP,near_straight_lt5deg,0.06957616859352303,9.722166358942555,1.4987074132801521,0.04627115879586699,0.04778572765964008,0.22916274366357775,0.1665272246678771,-0.15743013221055563
21365,session_027_20260122-135506,20260122-135646,65,nonstop,LANE_KEEP,near_straight_lt5deg,0.11096110828556224,9.50395687047804,1.6086033769347994,0.09773699673405128,0.046274597708956776,0.3306454410857602,0.3304748404815353,-0.010620146868132004
21370,session_027_20260122-135506,20260122-135646,70,nonstop,LANE_KEEP,near_straight_lt5deg,0.07426265054764403,9.293809508081656,1.605277626787789,0.00950052174224875,0.0727766679525467,0.05701434724735998,0.038028452331217245,-0.04247908432787697
21375,session_027_20260122-135506,20260122-135646,75,nonstop,LANE_KEEP,near_straight_lt5deg,0.04971930421698238,9.0674392336347,1.6299399285413774,0.03348612158704612,0.033457068758738676,0.21008144738144696,0.09668251515095667,0.18651194545650074
21380,session_027_20260122-135506,20260122-135646,80,nonstop,LANE_KEEP,near_straight_lt5deg,0.0392052152482078,8.865818208678377,1.6231508342726986,0.016270373413424858,0.03470279216877299,0.09989997237245314,0.01385336942756135,0.0989347695985613
21385,session_027_20260122-135506,20260122-135646,85,nonstop,LANE_KEEP,near_straight_lt5deg,0.03234838848768589,8.64144772470595,1.5724773896149353,0.024873158293246513,0.015372857218789296,0.0769613855119815,0.07693701687528834,0.0019365676480401692
21390,session_027_20260122-135506,20260122-135646,90,nonstop,LANE_KEEP,near_straight_lt5deg,0.04651315145087457,8.397328409282608,1.478335343627729,0.0242751949988677,0.03732703059538087,0.2087368435079722,0.04787148809276666,-0.2031733015567148
21395,session_027_20260122-135506,20260122-135646,95,nonstop,LANE_KEEP,near_straight_lt5deg,0.05672635241860842,8.171827760449386,1.3847542660779255,0.02558378264289093,0.04872927730270889,0.23445481939110374,0.0444757447826712,-0.23019767692516313
21400,session_027_20260122-135506,20260122-135646,100,nonstop,LANE_KEEP,near_straight_lt5deg,0.07823944342628994,7.950559704873948,1.3020544280907764,0.006178226814221511,0.07644085416041949,0.28533825552109493,-0.007510398377826798,-0.28523939766453715
21405,session_027_20260122-135506,20260122-135646,105,nonstop,LANE_KEEP,near_straight_lt5deg,0.12386297134984353,7.707568098644372,1.3293136019142406,0.021662778480476774,0.12084665110808669,0.2639834386658561,0.11744508570235741,-0.2364189242303072
21410,session_027_20260122-135506,20260122-135646,110,nonstop,LANE_KEEP,near_straight_lt5deg,0.26757785253205274,7.630110884662237,1.3712446510652363,0.022272216244466486,0.2660835105644256,0.45262635012925323,0.030387960531539866,-0.45160512030540906
21415,session_027_20260122-135506,20260122-135646,115,nonstop,LANE_KEEP,near_straight_lt5deg,0.10331887710673668,7.521533145797036,1.408510882442613,0.04350743051044252,0.08376157367004576,0.3752505558104052,0.19103068565859319,0.322986465309037
21420,session_027_20260122-135506,20260122-135646,120,nonstop,LANE_KEEP,near_straight_lt5deg,0.07415935139659727,7.275036372157189,1.4481659449392843,0.029692501527517685,0.06742353457436921,0.3427323873935738,0.1507820498954883,0.30778281758053555
21425,session_027_20260122-135506,20260122-135646,125,nonstop,LANE_KEEP,near_straight_lt5deg,0.04315598109596931,7.038882583667985,1.3155082113374466,0.017396631853463546,0.037738153765636516,0.1023690460975881,0.029191244433532357,-0.09811876908803882
21430,session_027_20260122-135506,20260122-135646,130,nonstop,LANE_KEEP,near_straight_lt5deg,0.04463272667020673,6.819655091296257,1.3501904448712831,0.03913616428660177,0.019506568378485665,0.1196774943303845,-0.09748789824830921,-0.06941766593833681
21435,session_027_20260122-135506,20260122-135646,135,nonstop,LANE_KEEP,near_straight_lt5deg,0.06352042536280393,6.55836210245886,1.3997864226237027,0.004752242993390984,0.06325499361651918,0.14881570087162008,-0.00675484979263725,0.14866231812463576
21440,session_027_20260122-135506,20260122-135646,140,nonstop,LANE_KEEP,near_straight_lt5deg,0.025793392460702856,6.286748622012788,1.496310706228675,0.014962188109528457,0.018988276027996492,0.038589222183533826,0.029191741179366494,0.025238270852953004
21445,session_027_20260122-135506,20260122-135646,145,nonstop,LANE_KEEP,near_straight_lt5deg,0.06254788742793524,6.051102521495207,1.5363296663521133,0.005688503786439993,0.06200459505021286,0.11442855528283383,0.03856149142869336,-0.10773535001526363
21450,session_027_20260122-135506,20260122-135646,150,nonstop,LANE_KEEP,near_straight_lt5deg,0.048551700589738206,5.818751361978312,1.4071860669163105,0.009288566544589566,0.04598139860530014,0.06695938660838895,0.04993868130713925,-0.044605914005607795
21455,session_027_20260122-135506,20260122-135646,155,nonstop,LANE_KEEP,near_straight_lt5deg,0.14690789800842866,5.558490600642186,1.441617520810673,0.00891025814916118,0.14629696617346588,0.1456709170754915,0.03962326369517138,0.1401785042570994
21460,session_027_20260122-135506,20260122-135646,160,nonstop,LANE_KEEP,near_straight_lt5deg,0.06339997041997986,5.331228645034498,1.3269629173540995,0.025828638401772918,0.05773843329271787,0.02957686772514037,-0.0017380326889131865,0.029525757345116813
21465,session_027_20260122-135506,20260122-135646,165,nonstop,LANE_KEEP,near_straight_lt5deg,0.10590216713998987,5.104270329179323,1.3444928785043124,0.016606461455255586,0.1037653847114372,0.17342971246834604,0.07074195150382658,0.158345954998173
21470,session_027_20260122-135506,20260122-135646,170,nonstop,LANE_KEEP,near_straight_lt5deg,0.0924733283090581,4.899093846291057,1.3484998583158632,0.0142200635757766,0.09103543272817034,0.1710205216238354,0.060137837263374294,0.16009828027112805
21475,session_027_20260122-135506,20260122-135646,175,nonstop,LANE_KEEP,near_straight_lt5deg,0.06982040661567933,4.676368057925773,1.3901901330180415,0.005030916511176947,0.06952603427407278,0.13744871594054187,0.026612310825381544,0.13484781950864855
21480,session_027_20260122-135506,20260122-135646,180,nonstop,LANE_KEEP,near_straight_lt5deg,0.04993590786693015,4.4675214446366125,1.0966409293285948,0.0053609563850438545,0.04950490854511838,0.08204695969042279,0.02214854400765581,0.07900092146793476
21485,session_027_20260122-135506,20260122-135646,185,nonstop,LANE_KEEP,near_straight_lt5deg,0.046870131461570194,4.270239706769758,1.2171948299027449,0.009155331362975944,0.0457713217684681,0.025411760981871777,0.0024499914189472904,0.025293381313040486
21490,session_027_20260122-135506,20260122-135646,190,nonstop,LANE_KEEP,near_straight_lt5deg,0.04503371598620845,4.074650309413445,1.2387394332918211,0.0397164807909613,0.018730470253154625,0.13023207483308347,0.1256054266275657,0.03440450721979685
21495,session_027_20260122-135506,20260122-135646,195,nonstop,LANE_KEEP,near_straight_lt5deg,0.0562261812374579,3.8991285057915386,1.2143938070865592,0.00947410759699379,0.05518734146466711,0.15760912411570707,0.05047857058437886,-0.14930689842160086
21500,session_027_20260122-135506,20260122-135646,200,nonstop,LANE_KEEP,near_straight_lt5deg,0.06404968857189305,3.7020102098623737,1.5161790991099533,0.03792633459853935,0.051025541617989015,0.27693657252690246,0.20124429758233212,-0.1902487789541422
21505,session_027_20260122-135506,20260122-135646,205,nonstop,LANE_KEEP,near_straight_lt5deg,0.061562787610090874,3.551879775446862,1.2161344402611372,0.023463846563667533,0.05274960978659857,0.14964380823430667,0.14227340519083978,-0.04638477679442993
21510,session_027_20260122-135506,20260122-135646,210,nonstop,LANE_KEEP,near_straight_lt5deg,0.15466844692305529,3.3990830358764295,1.46302495065672,0.07463090903607364,0.12874099251907598,0.25469251474093924,0.24731857766513637,-0.06084240467599433
21515,session_027_20260122-135506,20260122-135646,215,nonstop,LANE_KEEP,near_straight_lt5deg,0.20948970520019916,3.2556531293218725,1.3536766498866957,0.060854261733387705,0.1931765707837867,0.24218542710893945,0.2033975164373972,0.13146570431499682
21520,session_027_20260122-135506,20260122-135646,220,nonstop,LANE_KEEP,near_straight_lt5deg,0.18042794322246572,3.0461699093332855,1.3595297533840518,0.021787296334067667,0.174418327151074,0.739316544220806,0.07271197427388382,0.735732234821738
21525,session_027_20260122-135506,20260122-135646,225,nonstop,LANE_KEEP,near_straight_lt5deg,0.12787228801372502,2.723089661129957,1.5795946985358114,0.026677888596014006,0.12152945775746876,0.41128140100914373,0.1416522993118731,0.38611787955973187
21530,session_027_20260122-135506,20260122-135646,230,nonstop,LANE_KEEP,near_straight_lt5deg,0.10818255088812857,2.4080066728590106,1.6467702619782174,0.040846212804529325,0.09565102624213408,0.24522783631645698,0.1652583303699959,0.18118050653360118
21535,session_027_20260122-135506,20260122-135646,235,nonstop,LANE_KEEP,low_motion_or_partial_stop,0.10360159392827684,2.0626973917625633,5.914117863227421,0.035130214707050675,0.06334262647046601,0.5216413724132123,,
21540,session_027_20260122-135506,20260122-135646,240,nonstop,LANE_KEEP,low_motion_or_partial_stop,0.12863158586747686,1.6611148006124092,124.22825670335092,0.006030717549255288,0.06105128429358363,0.7339848828320897,,
21545,session_027_20260122-135506,20260122-135646,245,nonstop,LANE_KEEP,low_motion_or_partial_stop,0.12360304065478342,1.233947268572654,124.24123774516868,0.0029043655748225566,0.025487411132568697,0.5615076788200282,,
21550,session_027_20260122-135506,20260122-135646,250,nonstop,LANE_KEEP,low_motion_or_partial_stop,0.0667426880603656,0.7820110668947945,124.17355643599215,0.004385865289603276,0.03613897395187617,0.00505814140554404,0.004262551581932708,0.0027231321102440115
21555,session_027_20260122-135506,20260122-135646,255,nonstop,LANE_KEEP,low_motion_or_partial_stop,0.09257209503729195,0.35865275607831343,124.15605210175697,0.0030982210512854715,0.019100879521014476,0.044768091592229296,-0.031861722555047135,-0.03144857167878109
21560,session_027_20260122-135506,20260122-135646,260,depart,LANE_KEEP,low_motion_or_partial_stop,0.12101911047034127,0.010854173614330859,124.14884271274038,0.00423386241122224,0.03773927092950784,0.3403094187089322,-0.060704489816721774,-0.33485140790819873
21565,session_027_20260122-135506,20260122-135646,265,depart,LANE_KEEP,low_motion_or_partial_stop,0.1297276787309974,0.0019260667070308453,124.23023303277299,0.006892602607535753,0.11522711722104223,0.7873743013756699,-0.08999896119956985,-0.7822138310269274
21570,session_027_20260122-135506,20260122-135646,270,depart,LANE_KEEP,low_motion_or_partial_stop,0.10252187666278229,0.08714022376486152,1.4497999731423872,0.015981390793871834,0.09133036969248813,0.4592288947111678,-0.15040964500689127,-0.4338987398305529
21575,session_027_20260122-135506,20260122-135646,275,depart,LANE_KEEP,near_straight_lt5deg,0.1123841709669323,0.3759300399955303,1.4639583885920475,0.02183306466535589,0.10986353908880528,0.5616825066224902,-0.1405926750607063,-0.5438022967632616
21580,session_027_20260122-135506,20260122-135646,280,nonstop,LANE_KEEP,near_straight_lt5deg,0.05881012569644552,0.7500721532684533,1.4824791434286115,0.008033667195681592,0.058062495038823006,0.1407423432449575,-0.013043494134414387,-0.14013662777035465
21585,session_027_20260122-135506,20260122-135646,285,nonstop,LANE_KEEP,near_straight_lt5deg,0.06838186887550607,1.3128041088672469,1.5267891533532512,0.008465513808331588,0.06776996128353908,0.3358432531665176,0.04087189285721998,-0.3333469349967651
21590,session_027_20260122-135506,20260122-135646,290,nonstop,LANE_KEEP,near_straight_lt5deg,0.09025464074347181,1.916356093280981,1.5891688661372512,0.023699612363815625,0.08461477565646121,0.10641383369677018,0.06373604166682448,-0.0852151453363114
21595,session_027_20260122-135506,20260122-135646,295,nonstop,LANE_KEEP,near_straight_lt5deg,0.10482575691639273,2.526175021208269,1.3998544312943644,0.040088537499534053,0.08399718932495757,0.24301534488326243,0.22874941824442424,-0.08203756152865865
21630,session_027_20260122-135506,20260122-135800,30,nonstop,LANE_KEEP,near_straight_lt5deg,0.053216781902991346,12.46532071253516,1.794317711497074,0.01835739789847544,0.04900613009958724,0.041181352702585355,-0.03637772733340161,-0.01930193680622283
21635,session_027_20260122-135506,20260122-135800,35,nonstop,LANE_KEEP,near_straight_lt5deg,0.07036411284323779,12.472052862428471,1.7202738981634162,0.0494247652682817,0.04425301499001487,0.32903091998394723,-0.2332441876992905,-0.23207433121735116
21640,session_027_20260122-135506,20260122-135800,40,nonstop,LANE_KEEP,near_straight_lt5deg,0.06700919655203777,12.53666164079024,1.7112812034977283,0.03913704149944679,0.04505711940176589,0.21474669485616435,-0.04537963932782729,-0.20989719218256084
21645,session_027_20260122-135506,20260122-135800,45,nonstop,LANE_KEEP,near_straight_lt5deg,0.07421281938773695,12.59665240335724,1.8846916739767823,0.053586084951098,0.048041252876191806,0.3315967988553798,-0.2712103570790181,-0.19079145479870618
21650,session_027_20260122-135506,20260122-135800,50,nonstop,LANE_KEEP,near_straight_lt5deg,0.09062880571533385,12.682415906695326,2.1809722100650495,0.06691036509953523,0.0600399804882145,0.35934574840743044,-0.2701907340674605,-0.23690997050057458
21655,session_027_20260122-135506,20260122-135800,55,nonstop,LANE_KEEP,near_straight_lt5deg,0.0803277323304976,12.77340348249269,2.6635833184714217,0.02671302807793149,0.0727125616615753,0.14214092840056936,-0.01223876126239692,-0.1416130511264334
21660,session_027_20260122-135506,20260122-135800,60,nonstop,LANE_KEEP,near_straight_lt5deg,0.053435841281324406,12.807576969422616,3.2006103070386196,0.04277601207091439,0.025898243853884485,0.1109575407395973,-0.05175658405843361,0.09814699105719794
21665,session_027_20260122-135506,20260122-135800,65,nonstop,LANE_KEEP,near_straight_lt5deg,0.08667741592722851,12.867973690243657,3.938722828542124,0.06044255356222128,0.05382362993666548,0.09016563945504984,-0.057058486326246015,0.06981526821903385
21670,session_027_20260122-135506,20260122-135800,70,nonstop,LANE_KEEP,near_straight_lt5deg,0.057657893850851724,12.864129365143526,4.313250295766682,0.016695246530346167,0.053915978649480126,0.3384132191829436,0.041599696270975456,0.3358466498089948
21675,session_027_20260122-135506,20260122-135800,75,nonstop,LANE_KEEP,near_straight_lt5deg,0.06232508319888079,12.791217508894155,4.773651378565043,0.03096898650434743,0.05237370934327601,0.317858312259854,0.12019735172483594,0.2942558466896094
21680,session_027_20260122-135506,20260122-135800,80,nonstop,LANE_KEEP,near_straight_lt5deg,0.09287941798590033,12.77852911049463,4.78110844297726,0.027194747651981807,0.08743687924527795,0.04675248138848769,-0.023794739566927965,-0.04024431493916825
21685,session_027_20260122-135506,20260122-135800,85,nonstop,LANE_KEEP,near_straight_lt5deg,0.08553362559321864,12.757456713337609,4.824666275504702,0.05941924204820223,0.0576127225133383,0.4227685403001492,-0.3274666386407608,0.2673926686445241
21690,session_027_20260122-135506,20260122-135800,90,nonstop,LANE_KEEP,near_straight_lt5deg,0.08513095230382439,12.70486729851559,4.730813910756899,0.07264657249321169,0.03797454322847996,0.42207177559877507,-0.37134503338280633,0.2006176710537364
21695,session_027_20260122-135506,20260122-135800,95,nonstop,LANE_KEEP,near_straight_lt5deg,0.058088075363931374,12.620040346687436,4.754980808374697,0.028802683311688417,0.042832577848396995,0.11279589496209319,-0.11003551047122537,0.02480121681765663
21700,session_027_20260122-135506,20260122-135800,100,nonstop,LANE_KEEP,near_straight_lt5deg,0.08407991454516721,12.66062631445119,4.753536079492481,0.017302381174970464,0.08218760545702161,0.20065534847843966,0.056492873604489915,-0.19253863016265382
21705,session_027_20260122-135506,20260122-135800,105,nonstop,LANE_KEEP,near_straight_lt5deg,0.07670905092511854,12.610856815009049,4.884465786702761,0.026782289663093536,0.070259250507079,0.361090591264564,0.0979704621072863,0.3475459734398849
21710,session_027_20260122-135506,20260122-135800,110,nonstop,LANE_KEEP,near_straight_lt5deg,0.04856784150843946,12.57557832635538,4.757179768524154,0.038693034141683985,0.02760281530201629,0.22298862860551247,-0.15311889382890626,0.16210654780106606
21715,session_027_20260122-135506,20260122-135800,115,nonstop,LANE_KEEP,near_straight_lt5deg,0.04240390896153188,12.546111943076877,4.624461917736114,0.011687952046775469,0.03927359418972874,0.22599425971120252,0.06757178698398096,0.21565588103783756
21720,session_027_20260122-135506,20260122-135800,120,nonstop,LANE_KEEP,near_straight_lt5deg,0.08039777264340062,12.46178410506432,4.56357521963739,0.023869030728858945,0.07409051954988849,0.3876762250608141,-0.09397840269262848,0.3761129023375097
21725,session_027_20260122-135506,20260122-135800,125,nonstop,LANE_KEEP,near_straight_lt5deg,0.11283088886390263,12.384873802081334,4.2174848724262155,0.02714608259844896,0.10881249670731788,0.285099819155942,-0.11163563627963456,0.26233450324955726
21730,session_027_20260122-135506,20260122-135800,130,nonstop,LANE_KEEP,near_straight_lt5deg,0.09757349552655326,12.316786924581335,4.043867331106043,0.05897178848929655,0.07694509222054453,0.2932679703330301,-0.22080643985244933,0.19300419307088051
21735,session_027_20260122-135506,20260122-135800,135,nonstop,LANE_KEEP,near_straight_lt5deg,0.0971029863293573,12.223647150308274,3.6271788214902783,0.0370662434748548,0.07864985167877667,0.1911089716449715,0.19098263308178667,0.006947870490025827
21740,session_027_20260122-135506,20260122-135800,140,nonstop,LANE_KEEP,near_straight_lt5deg,0.0972557455219538,12.176874426237914,3.380996771232652,0.05708889280788591,0.07678606461812373,0.5492698378415102,0.2576256251438892,-0.48510451660612186
21745,session_027_20260122-135506,20260122-135800,145,nonstop,LANE_KEEP,near_straight_lt5deg,0.10752815344026934,12.184463973151127,2.9032719111265446,0.07603314809941353,0.06863016207601906,0.4412789523784156,0.2883252309139363,-0.3340593884784819
21750,session_027_20260122-135506,20260122-135800,150,nonstop,LANE_KEEP,near_straight_lt5deg,0.12313922658094145,12.268546157925883,2.654181719504653,0.03889920099562555,0.1163678943392078,0.38948118675365173,0.12117451867622113,-0.37015176733148125
21755,session_027_20260122-135506,20260122-135800,155,nonstop,LANE_KEEP,near_straight_lt5deg,0.07292671226722364,12.350373755293019,2.244752456635347,0.03670766433324335,0.05707624550268614,0.20202083864655848,-0.18772962765290765,-0.07463247382178531
21760,session_027_20260122-135506,20260122-135800,160,nonstop,LANE_KEEP,near_straight_lt5deg,0.059843171141115585,12.440842414607063,1.9649307030801169,0.022609867020065545,0.05523867737535236,0.11705469289513795,-0.04714098341309611,0.10714256302525743
21765,session_027_20260122-135506,20260122-135800,165,nonstop,LANE_KEEP,near_straight_lt5deg,0.062447345412471655,12.526804950031773,1.8061006381036888,0.01844618260711437,0.05635408285983211,0.25382332164521254,-0.06584573539096625,0.24513387718108626
21770,session_027_20260122-135506,20260122-135800,170,nonstop,LANE_KEEP,near_straight_lt5deg,0.09868641174015737,12.518970690517392,1.6291168240017937,0.04154728341309064,0.08624901201147589,0.24051325388526335,-0.024626660654574268,0.23924914394722835
21775,session_027_20260122-135506,20260122-135800,175,nonstop,LANE_KEEP,near_straight_lt5deg,0.08384245334370832,12.486800788705475,1.4618273662365813,0.056015010435551696,0.053923079989079296,0.29704561636490323,-0.29402805486040223,-0.04223270245453823
21780,session_027_20260122-135506,20260122-135800,180,nonstop,LANE_KEEP,near_straight_lt5deg,0.0885428999594516,12.4767407029399,1.3379502256790239,0.051848229696883505,0.06598258049477335,0.5100977873319877,-0.4087081307461887,-0.305216999039939
21785,session_027_20260122-135506,20260122-135800,185,nonstop,LANE_KEEP,near_straight_lt5deg,0.1500806928458685,12.50678490029777,1.9676088846799722,0.08286591594803963,0.1199748416808425,0.7246736048955296,-0.5469526019448192,-0.4753889826847843
21790,session_027_20260122-135506,20260122-135800,190,nonstop,LANE_KEEP,near_straight_lt5deg,0.18507124248768914,12.618883938781611,2.577529337761767,0.03953333198808552,0.1780950680836769,0.5647435387301938,-0.20084281828946401,-0.5278232913381592
21795,session_027_20260122-135506,20260122-135800,195,nonstop,LANE_KEEP,near_straight_lt5deg,0.08588534223828388,12.679980816036364,2.8237528560988054,0.06523064112746142,0.055201757975818055,0.0626833965116003,-0.04903390020694375,-0.0390497737346324
21800,session_027_20260122-135506,20260122-135800,200,nonstop,LANE_KEEP,near_straight_lt5deg,0.10795655377212501,12.69742090836868,3.0058282006076014,0.05965357494453326,0.08437064640249116,0.1851147431442791,-0.15224510148209236,-0.10530383280811682
21805,session_027_20260122-135506,20260122-135800,205,nonstop,LANE_KEEP,near_straight_lt5deg,0.1521243082336955,12.669685100999896,2.9176091075459643,0.05030365337241115,0.13895601135446112,0.21576480305801218,-0.1327406488248536,-0.1701010593389109
21810,session_027_20260122-135506,20260122-135800,210,nonstop,LANE_KEEP,near_straight_lt5deg,0.16693357770853712,12.646129710375874,2.6235194003010798,0.046536268772821625,0.1560647727139992,0.14479969502046453,-0.10722360768079532,-0.09731418002498114
21815,session_027_20260122-135506,20260122-135800,215,nonstop,LANE_KEEP,near_straight_lt5deg,0.13152824863376675,12.572192685522731,2.150282265924505,0.04367219199753392,0.11914702871619505,0.12782844941592594,-0.11123309602598323,0.06298659245072981
21820,session_027_20260122-135506,20260122-135800,220,nonstop,LANE_KEEP,near_straight_lt5deg,0.11905929022282732,12.472294024064647,1.6993394766035126,0.03378590590495054,0.11316385505919263,0.2943164282844176,0.014835012418771153,0.29394231128680953
21825,session_027_20260122-135506,20260122-135800,225,nonstop,LANE_KEEP,near_straight_lt5deg,0.13379808236666185,12.326904418987061,1.2700136116172789,0.06577574515877428,0.10912916091730009,0.4046049629706382,0.15929629814637222,0.3719272314006244
21830,session_027_20260122-135506,20260122-135800,230,nonstop,LANE_KEEP,near_straight_lt5deg,0.10394466200175231,12.113764946184341,1.1886143722501137,0.04398389127391292,0.08982509388206364,0.5796625580179294,0.16722910630377663,0.5550163125284964
21835,session_027_20260122-135506,20260122-135800,235,nonstop,LANE_KEEP,near_straight_lt5deg,0.09662814649583751,11.837722504653268,1.2430385562604422,0.06512288631566239,0.06359098987247541,0.4195928859538166,0.15840107922153412,0.38854509139159876
21840,session_027_20260122-135506,20260122-135800,240,nonstop,LANE_KEEP,near_straight_lt5deg,0.10972375900336818,11.577428107073816,1.5903262636379532,0.08034684537526714,0.06416916427542971,0.3308216874161092,0.13632621211755555,0.3014268613685932
21845,session_027_20260122-135506,20260122-135800,245,nonstop,LANE_KEEP,near_straight_lt5deg,0.1325981360120651,11.30532359274842,2.1153250081533654,0.09493376465950454,0.0848478300889402,0.29214115819491426,0.11605505587253333,0.26810013114112624
21850,session_027_20260122-135506,20260122-135800,250,nonstop,LANE_KEEP,near_straight_lt5deg,0.1065343393610252,11.006008175596016,2.668698896988249,0.050626422060855956,0.0902793830329699,0.15253775955125906,-0.09382917204580625,0.1202657663764557
21855,session_027_20260122-135506,20260122-135800,255,nonstop,LANE_KEEP,near_straight_lt5deg,0.07888323415086557,10.774336071015652,3.154412065429186,0.04439228121299284,0.0647993662011078,0.2735230205439725,-0.14232281587967674,-0.23357880650345403
21860,session_027_20260122-135506,20260122-135800,260,nonstop,LANE_KEEP,near_straight_lt5deg,0.1083646053640347,10.606088560373937,3.2755146253591536,0.03316816479150661,0.1016729861803171,0.3107334158019256,-0.14343461693494886,-0.27564790287730623
21865,session_027_20260122-135506,20260122-135800,265,nonstop,LANE_KEEP,near_straight_lt5deg,0.10474490981459038,10.465944661751468,2.9050359411578923,0.029184397273427195,0.09963706989441028,0.21590645592557584,-0.056871908154718084,-0.20828150127455858
21870,session_027_20260122-135506,20260122-135800,270,nonstop,LANE_KEEP,near_straight_lt5deg,0.12644048796958418,10.377294450977706,2.418398261363575,0.021362360603052674,0.12142340288896208,0.3879963372366876,-0.0009933606293502824,-0.3879950656177801
21875,session_027_20260122-135506,20260122-135800,275,nonstop,LANE_KEEP,near_straight_lt5deg,0.07531850144803194,10.43775780194792,1.495111197305542,0.020056536565927485,0.07129445487256646,0.3667927456812408,0.1656873635603769,-0.32723785820224854
21880,session_027_20260122-135506,20260122-135800,280,nonstop,LANE_KEEP,near_straight_lt5deg,0.14691358686854866,10.447283049584017,0.9781254942013092,0.025646471140260172,0.13433858118167843,0.19684550667403405,0.19596146394829908,-0.018634863696755787
21885,session_027_20260122-135506,20260122-135800,285,nonstop,LANE_KEEP,near_straight_lt5deg,0.19869049777682024,10.45772580675571,1.1763983799547513,0.1174239293591217,0.1359677481267012,0.5884585318735432,0.5252966005363837,-0.26522994778057196
21890,session_027_20260122-135506,20260122-135800,290,nonstop,LANE_KEEP,near_straight_lt5deg,0.14437817509808154,10.510223736744175,1.2747126031860208,0.08037427032356426,0.10838884175817598,0.6242126353046977,0.352760318298703,-0.5149772537771288
21895,session_027_20260122-135506,20260122-135800,295,nonstop,LANE_KEEP,near_straight_lt5deg,0.14849483989185924,10.61141595334636,1.2556992024273121,0.0791963876993753,0.11421457895596457,0.6092250364325055,0.30238916198558763,-0.5288817823765928
21930,session_027_20260122-135506,20260122-135830,30,nonstop,LANE_KEEP,near_straight_lt5deg,0.1462889470235759,11.001811633024698,1.4890008992267014,0.010548206168257654,0.14582786796599911,0.1345611469920894,0.0025099517867179385,0.13453773605147012
21935,session_027_20260122-135506,20260122-135830,35,nonstop,LANE_KEEP,near_straight_lt5deg,0.09717950520102134,10.922030218604524,1.4730231709565331,0.04194168536387892,0.08458222139388988,0.40380933577623335,0.16380298312870806,-0.3690942459293817
21940,session_027_20260122-135506,20260122-135830,40,nonstop,LANE_KEEP,near_straight_lt5deg,0.0888776252271725,10.94304114392987,1.4291311419024546,0.02086298729789443,0.08575178942941675,0.4149594287294548,0.12541488816072802,-0.3955533255063185
21945,session_027_20260122-135506,20260122-135830,45,nonstop,LANE_KEEP,near_straight_lt5deg,0.04790791271169259,10.924257871691267,1.343846955953202,0.021791415676680005,0.04165720694340374,0.16874843940691978,0.1170186845816967,-0.12158397616890247
21950,session_027_20260122-135506,20260122-135830,50,nonstop,LANE_KEEP,near_straight_lt5deg,0.13718865025747812,10.899705748624456,1.35349262147165,0.039874097326576666,0.13106566115348717,0.3040543988711258,0.1245829764147559,-0.2773592606359522
21955,session_027_20260122-135506,20260122-135830,55,nonstop,LANE_KEEP,near_straight_lt5deg,0.1255226526415104,10.900136189719824,1.3779403086026438,0.030684459421749143,0.11908315957276884,0.20325019887469137,0.13815928811012124,-0.14907264823402752
21960,session_027_20260122-135506,20260122-135830,60,nonstop,LANE_KEEP,near_straight_lt5deg,0.03541383825882968,10.798918260756167,1.3851984480057202,0.013984237420621402,0.030992802787692196,0.26224354766735486,-0.06798287822524997,0.2532785157911564
21965,session_027_20260122-135506,20260122-135830,65,nonstop,LANE_KEEP,near_straight_lt5deg,0.03605957513134975,10.698922649683855,1.3965758992279262,0.022351638788416128,0.02696420646145008,0.15225125727236408,-0.0873775074207073,0.12468206181307653
21970,session_027_20260122-135506,20260122-135830,70,nonstop,LANE_KEEP,near_straight_lt5deg,0.06659666317553947,10.5979644377152,1.3536254418554223,0.03257143011989527,0.057886412560470245,0.3153653517789576,-0.1371063912345911,0.2840020115867014
21975,session_027_20260122-135506,20260122-135830,75,nonstop,LANE_KEEP,near_straight_lt5deg,0.0863164521931697,10.439891358808808,1.2893552361426632,0.03210568884021796,0.07758694466790278,0.1537861195236481,0.031729635191319064,0.1504772434913917
21980,session_027_20260122-135506,20260122-135830,80,nonstop,LANE_KEEP,near_straight_lt5deg,0.08684155249141308,10.287988701197866,1.3501555977782682,0.03956916403780235,0.07022265186636033,0.141554048074052,-0.05673255396070818,0.12968795567533
21985,session_027_20260122-135506,20260122-135830,85,nonstop,LANE_KEEP,near_straight_lt5deg,0.10125628140168172,10.10657483060013,1.3738064156784109,0.01675581154882218,0.09938172571975773,0.3031102704072168,-0.08808841948369461,0.29002804412539274
21990,session_027_20260122-135506,20260122-135830,90,nonstop,LANE_KEEP,near_straight_lt5deg,0.11134039833258995,9.97916669445497,1.374477927160976,0.028965624306760824,0.10545091310058805,0.1711458902454076,-0.012142261099997873,0.17071461930154835
21995,session_027_20260122-135506,20260122-135830,95,nonstop,LANE_KEEP,near_straight_lt5deg,0.09937018278041503,9.870633500547331,1.3830812689515128,0.023645840499973793,0.09134306119892295,0.21315794704284152,-0.06085077356481952,0.20428777189073724
22000,session_027_20260122-135506,20260122-135830,100,nonstop,LANE_KEEP,near_straight_lt5deg,0.08481189831019184,9.807472397513601,1.4360095387444327,0.018866050982190394,0.07795935654135222,0.1368126943950392,0.1280699262497098,0.048122835930816406
22005,session_027_20260122-135506,20260122-135830,105,nonstop,LANE_KEEP,near_straight_lt5deg,0.10324835360438123,9.790734669193862,1.4306064113664092,0.017576162953866242,0.09616404633113464,0.10786723106350128,0.10775962850152462,-0.0048168457023427935
22010,session_027_20260122-135506,20260122-135830,110,nonstop,LANE_KEEP,near_straight_lt5deg,0.10698566668842668,9.769499735431571,1.4357062839722312,0.03689060029883106,0.09188835059108136,0.2784552253581833,0.2211567661062644,-0.16919514571847416
22015,session_027_20260122-135506,20260122-135830,115,nonstop,LANE_KEEP,near_straight_lt5deg,0.06244706855398152,9.770474763160873,1.4267899547602856,0.016907348224524457,0.05822436386941236,0.37732304825546,0.10430981075975704,-0.3626184580575786
22020,session_027_20260122-135506,20260122-135830,120,nonstop,LANE_KEEP,near_straight_lt5deg,0.058522471995650735,9.87350500278643,1.4362088958548032,0.011080236491727891,0.05425126166572006,0.44552795513701415,0.03114596246156355,-0.4444379459844896
22025,session_027_20260122-135506,20260122-135830,125,nonstop,LANE_KEEP,near_straight_lt5deg,0.06631037213807472,10.006405798669842,1.4445290280157217,0.019283510734229643,0.061100046767780206,0.3694113045226181,0.03408011947531111,-0.36783591092449225
22030,session_027_20260122-135506,20260122-135830,130,nonstop,LANE_KEEP,near_straight_lt5deg,0.1159810523270933,10.173439345235094,1.4434933643920387,0.03207305321893091,0.10463000536862853,0.41397755996533747,0.19679035216555144,-0.3642128188977055
22035,session_027_20260122-135506,20260122-135830,135,nonstop,LANE_KEEP,near_straight_lt5deg,0.0632010688754426,10.373391643485585,1.4156040042285907,0.011063241373800072,0.059445931590417736,0.48833718949825844,-0.03015530149451231,-0.4874052404712459
22040,session_027_20260122-135506,20260122-135830,140,nonstop,LANE_KEEP,near_straight_lt5deg,0.06296839285439199,10.545323416271646,1.378712536958969,0.018371620765176466,0.05697997498650231,0.4268272152209769,0.0016881204491942465,-0.42682387691253065
22045,session_027_20260122-135506,20260122-135830,145,nonstop,LANE_KEEP,near_straight_lt5deg,0.10490808755770759,10.722830759713446,1.3517453314772572,0.04528061006406767,0.09107362976176017,0.5159191393441398,-0.2149458425467695,-0.4690104936069739
22050,session_027_20260122-135506,20260122-135830,150,nonstop,LANE_KEEP,near_straight_lt5deg,0.1277555161553054,10.930192293314784,2.352192152146519,0.07282623380093302,0.0918243271756539,0.4213907243277159,0.001765405162816959,-0.42138702625264596
22055,session_027_20260122-135506,20260122-135830,155,nonstop,LANE_KEEP,near_straight_lt5deg,0.0877276993000336,11.129901699596504,3.4931248989088868,0.031300617603770106,0.07698619903381329,0.34942722139463983,-0.28272458810556983,-0.20534407790855458
22060,session_027_20260122-135506,20260122-135830,160,nonstop,LANE_KEEP,near_straight_lt5deg,0.09495460352767163,11.292710224116975,4.3629918400022145,0.0694822934735189,0.04813719468522027,0.44242750158598937,-0.44172889301299495,-0.02485315346459391
22065,session_027_20260122-135506,20260122-135830,165,nonstop,LANE_KEEP,near_straight_lt5deg,0.11309422702025229,11.464682021087299,4.661646555647898,0.08789764200608108,0.04683503920262224,0.46848292048985674,-0.4683096521151364,0.01274035032899027
22070,session_027_20260122-135506,20260122-135830,170,nonstop,LANE_KEEP,near_straight_lt5deg,0.06779832442810933,11.561350437038568,4.659473624369124,0.03380277974163276,0.055264094727922805,0.30764193440040827,-0.1710089362074802,0.2557332663906107
22075,session_027_20260122-135506,20260122-135830,175,nonstop,LANE_KEEP,near_straight_lt5deg,0.07813826923326528,11.631501805090721,4.329957396350831,0.055176061064093104,0.04475345990677937,0.2937119419888204,-0.29123191969932,0.03808771212731228
22080,session_027_20260122-135506,20260122-135830,180,nonstop,LANE_KEEP,near_straight_lt5deg,0.06299506708976182,11.658231578810383,4.066907568034039,0.04245946608962339,0.03796507343472116,0.2342422186622907,-0.2342002679375181,-0.004433001446779756
22085,session_027_20260122-135506,20260122-135830,185,nonstop,LANE_KEEP,near_straight_lt5deg,0.053067952907792454,11.738230798933888,3.909540836483442,0.04658714560026432,0.021196760838596646,0.32330460624181256,-0.2935540300649209,-0.135469184133577
22090,session_027_20260122-135506,20260122-135830,190,nonstop,LANE_KEEP,near_straight_lt5deg,0.09211069931113458,11.759590169962815,4.122550012659955,0.04461694603001437,0.0698113238807684,0.24140687463562738,-0.24117632925901794,0.010547858857951193
22095,session_027_20260122-135506,20260122-135830,195,nonstop,LANE_KEEP,near_straight_lt5deg,0.10989884291095608,11.773605709875277,4.3799151195761965,0.04653934927290884,0.08765704605478966,0.3602804736508376,-0.3198801263998185,-0.165767078844106
22100,session_027_20260122-135506,20260122-135830,200,nonstop,LANE_KEEP,near_straight_lt5deg,0.11264894061943917,11.80551893016966,4.688182912832036,0.053976033856108885,0.091015579412135,0.5608696248551935,-0.32268367365795203,-0.4587482782962939
22105,session_027_20260122-135506,20260122-135830,205,nonstop,LANE_KEEP,near_straight_lt5deg,0.09175058449895337,11.904968131087655,4.8596543343637215,0.04457835172762785,0.07921753426657327,0.5855596310079954,-0.28281630550217546,-0.5127328922629402
22110,session_027_20260122-135506,20260122-135830,210,nonstop,LANE_KEEP,near_straight_lt5deg,0.09025282029399403,12.01419711975461,4.946384736687318,0.0793681763819683,0.039392235286638155,0.49367159501740104,-0.42903795106042847,-0.2442090913068026
22115,session_027_20260122-135506,20260122-135830,215,nonstop,LANE_KEEP,near_straight_lt5deg,0.0721346415667832,12.157519091469261,4.5655354181333525,0.05737568633198622,0.04122446348040763,0.35968057585655383,-0.2693431707659019,-0.2383786337117326
22120,session_027_20260122-135506,20260122-135830,220,nonstop,LANE_KEEP,near_straight_lt5deg,0.04132190160835507,12.274731918618345,4.007945618209813,0.026531035873767043,0.02906831157016917,0.04849781704244354,0.03467541616666566,-0.03390654467135908
22125,session_027_20260122-135506,20260122-135830,225,nonstop,LANE_KEEP,near_straight_lt5deg,0.07829557777023229,12.36434163237415,3.631005586888315,0.05584014980160647,0.04283468996581881,0.26846580518172786,-0.26543007154153203,0.040258734124791445
22130,session_027_20260122-135506,20260122-135830,230,nonstop,LANE_KEEP,near_straight_lt5deg,0.029143448936203648,12.423728193650179,3.057432669566474,0.025814284480297562,0.012890998334316967,0.029064506999460064,0.02662965219307253,0.011645050072784161
22135,session_027_20260122-135506,20260122-135830,235,nonstop,LANE_KEEP,near_straight_lt5deg,0.0728578628185485,12.52621532585245,2.625538559261458,0.0670021798746856,0.023357830900770267,0.30871808280309915,0.2810558891111605,-0.12772799945805252
22140,session_027_20260122-135506,20260122-135830,240,nonstop,LANE_CHANGE_R,near_straight_lt5deg,0.09845059856659008,12.614654517431811,2.426888787339073,0.09014244663360191,0.03338103157229281,0.38553215991785583,0.3855321569863721,-4.754326956638369e-05
22145,session_027_20260122-135506,20260122-135830,245,nonstop,LANE_CHANGE_R,near_straight_lt5deg,0.10037136682254462,12.631586135815816,2.7471251961221395,0.06970411526181164,0.05477607837891465,0.38908650981672294,0.3884413298834415,-0.02239744091949378
22150,session_027_20260122-135506,20260122-135830,250,nonstop,LANE_CHANGE_R,near_straight_lt5deg,0.22392601455594963,12.618976679729876,2.8551422596707123,0.2143380488810566,0.05459073799984901,0.8817806499516684,0.8113174963723279,-0.3453998186295479
22155,session_027_20260122-135506,20260122-135830,255,nonstop,LANE_CHANGE_R,near_straight_lt5deg,0.2126291002064911,12.652942237904337,3.4925943468283465,0.19761937154333892,0.0694901043735138,0.8169324013042959,0.6808667269744654,-0.45144107965478986
22160,session_027_20260122-135506,20260122-135830,260,nonstop,LANE_CHANGE_R,near_straight_lt5deg,0.23137357918202178,12.692106588711981,4.2778853274248485,0.2126346606556086,0.07983604258268989,0.6808146507592433,0.5337288576306265,-0.42266073300075674
22165,session_027_20260122-135506,20260122-135830,265,nonstop,LANE_CHANGE_R,gentle_bend_5to15deg,0.15920841924787055,12.786969822570535,5.402161398890145,0.11610476715334582,0.10324581758302923,0.41183820262046744,0.16337002531999426,-0.3780488592293351
22170,session_027_20260122-135506,20260122-135830,270,nonstop,LANE_CHANGE_R,gentle_bend_5to15deg,0.09183581477621951,12.831750677146061,6.259257618356928,0.08624017333713868,0.019551217782581364,0.09234219072906136,-0.021583568052108364,0.08978435152509791
22175,session_027_20260122-135506,20260122-135830,275,nonstop,LANE_CHANGE_R,gentle_bend_5to15deg,0.07944167041354515,12.842553312741817,7.558527094000085,0.050519411341868325,0.05253829871028463,0.36345074767700536,-0.3551711444768143,0.0771356215895362
22180,session_027_20260122-135506,20260122-135830,280,nonstop,LANE_CHANGE_R,gentle_bend_5to15deg,0.13885616834502068,12.819633047852774,8.384549457020825,0.09954809924518312,0.0916410281698674,0.31921006534335156,-0.2702871475191503,0.1698232130848662
22185,session_027_20260122-135506,20260122-135830,285,nonstop,LANE_CHANGE_R,gentle_bend_5to15deg,0.13005572390501213,12.724378363303574,9.35984094977074,0.1291827315188392,0.008026132500430112,0.30989715158763326,-0.30970074501519035,0.011031459521051883
22190,session_027_20260122-135506,20260122-135830,290,nonstop,LANE_CHANGE_R,gentle_bend_5to15deg,0.10588457406708993,12.641067645386224,9.897444856888875,0.09594186273989695,0.03975849011314779,0.5354095489724735,-0.5053873434241255,-0.17676826139783258
22195,session_027_20260122-135506,20260122-135830,295,nonstop,LANE_CHANGE_R,gentle_bend_5to15deg,0.14820856987566644,12.535472969239613,10.055135129768102,0.1454689167375387,0.028247283385650905,0.8337292275503572,-0.8201672636608417,-0.14976676697719918
22230,session_027_20260122-135506,20260122-135900,30,nonstop,LANE_KEEP,near_straight_lt5deg,0.20204482754775896,11.843309899437388,1.249625199461775,0.09262811310156101,0.1740388361797371,0.5489780233610057,0.4369780954731366,0.33230560363922107
22235,session_027_20260122-135506,20260122-135900,35,nonstop,LANE_KEEP,near_straight_lt5deg,0.16696766292093942,11.748178921776526,1.420713205191893,0.09988592505761963,0.11567172445476259,0.45013329787018014,0.4500731569984386,-0.00735793455687328
22240,session_027_20260122-135506,20260122-135900,40,nonstop,LANE_KEEP,near_straight_lt5deg,0.1435250634852547,11.635722945887975,1.742499579927047,0.03526345349950739,0.13460275313259876,0.09762803549737416,0.09666429833357171,0.01368381316573696
22245,session_027_20260122-135506,20260122-135900,45,nonstop,LANE_KEEP,near_straight_lt5deg,0.16503897041535218,11.56318534641273,2.0317209967815235,0.12459745095513218,0.09640606017915426,0.5574068620472957,0.29322244726241325,-0.4740495820891041
22250,session_027_20260122-135506,20260122-135900,50,nonstop,LANE_KEEP,near_straight_lt5deg,0.12796125020795507,11.603529851590558,1.8860240281673,0.05149747866698923,0.09989913881853482,0.668626038937486,0.04392344826290589,-0.6671817673152709
22255,session_027_20260122-135506,20260122-135900,55,nonstop,LANE_KEEP,near_straight_lt5deg,0.09161444698761752,11.687697734469728,1.5753239657072753,0.0448845857986984,0.07888703378107641,0.4576046568635983,-0.16219432118493693,-0.427896043635144
22260,session_027_20260122-135506,20260122-135900,60,nonstop,LANE_KEEP,near_straight_lt5deg,0.05096514777654021,11.780707442967545,1.504221543910579,0.014226596698578096,0.04703161349832103,0.2535244332895945,-0.04749116168521896,-0.2490365993917329
22265,session_027_20260122-135506,20260122-135900,65,nonstop,LANE_KEEP,near_straight_lt5deg,0.05734717963801439,11.855729440602737,1.4645924550049976,0.04140143454988918,0.037472088503741605,0.16216719405414357,-0.14973040491923917,-0.06228165596798903
22270,session_027_20260122-135506,20260122-135900,70,nonstop,LANE_KEEP,near_straight_lt5deg,0.06122001504950987,11.941292875719018,1.5053880461091822,0.03492357027267495,0.04688039314151215,0.19625790120691336,-0.1465193648509434,0.1305727364721238
22275,session_027_20260122-135506,20260122-135900,75,nonstop,LANE_KEEP,near_straight_lt5deg,0.07970016305630853,12.04885229181578,1.7357853986609424,0.04690488823316802,0.055337982353366275,0.40391553222692295,-0.10351358733312777,0.3904262983094061
22280,session_027_20260122-135506,20260122-135900,80,nonstop,LANE_KEEP,near_straight_lt5deg,0.16281541611580777,12.102876030795338,1.8776481840412453,0.04286443243790116,0.144592840383522,0.6089248581898455,0.031141082846701668,0.6081280423403105
22285,session_027_20260122-135506,20260122-135900,85,nonstop,LANE_KEEP,near_straight_lt5deg,0.3213986988605039,12.084090607913335,1.9526206130631505,0.031192455682775712,0.31904910019443156,0.7996777578252542,0.15625993458899787,0.7842622961756277
22290,session_027_20260122-135506,20260122-135900,90,nonstop,LANE_KEEP,near_straight_lt5deg,0.40307174731056383,11.839166506594344,2.0406540140836054,0.04234065487131573,0.39921510096901763,0.4985563540335942,0.1611516906891392,0.47179293205314393
22295,session_027_20260122-135506,20260122-135900,95,nonstop,LANE_KEEP,near_straight_lt5deg,0.1702386127612679,11.686989136220143,1.9393623035479939,0.04052859600171862,0.15975969294203146,0.8132819916873861,0.09772773163454343,-0.8073889325923215
22300,session_027_20260122-135506,20260122-135900,100,nonstop,LANE_KEEP,near_straight_lt5deg,0.1743671993651145,11.760783755028429,1.701534762523438,0.01638198589343701,0.1717570069097275,1.150838334511581,-0.1073817982344846,-1.145817621434283
22305,session_027_20260122-135506,20260122-135900,105,nonstop,LANE_KEEP,near_straight_lt5deg,0.12095912020224114,11.882068774121054,1.4504974761357308,0.03718840582636426,0.11430052039850855,0.7683585858402331,-0.20608394467119118,-0.7402055958874969
22310,session_027_20260122-135506,20260122-135900,110,nonstop,LANE_KEEP,near_straight_lt5deg,0.16147294077344865,12.009274434410795,1.3628039870349489,0.04950521404664257,0.1517524646572524,0.7264165174906922,-0.20067627906831492,-0.6981475402109507
22315,session_027_20260122-135506,20260122-135900,115,nonstop,LANE_KEEP,near_straight_lt5deg,0.22721661702046886,12.207176067513238,1.2835622175473878,0.018524561000875593,0.22613114657390354,0.6983694078906376,-0.08892288365099571,-0.6926850298950538
22320,session_027_20260122-135506,20260122-135900,120,nonstop,LANE_KEEP,near_straight_lt5deg,0.19104852824840868,12.378495135275326,1.2451495316712358,0.02511251271179848,0.18919581086038723,0.2966815009270245,-0.06726598324816084,-0.2889553607219811
22325,session_027_20260122-135506,20260122-135900,125,nonstop,LANE_KEEP,near_straight_lt5deg,0.2019503357092718,12.593215188710499,1.3915208018319174,0.039721474569592054,0.1958342789720642,0.1764176814696805,0.12579251153416285,-0.1236909146908744
22330,session_027_20260122-135506,20260122-135900,130,nonstop,LANE_KEEP,near_straight_lt5deg,0.09292859213461246,12.64750460822383,1.332037444201681,0.004189577443942328,0.09278511572525028,0.6053409009589882,0.014727726421462285,0.6051617142948602
22335,session_027_20260122-135506,20260122-135900,135,nonstop,LANE_KEEP,near_straight_lt5deg,0.09656693345134859,12.523893062693878,1.5660107529620821,0.02595861962542965,0.09026068547389088,0.5819116261466579,0.06938011753959064,0.5777607981983897
22340,session_027_20260122-135506,20260122-135900,140,nonstop,LANE_KEEP,near_straight_lt5deg,0.1228560104319559,12.371662413311501,1.5989983052989243,0.031074641356754487,0.11639228220866167,0.07273585719321714,0.07058497414752765,0.017557515377322915
22345,session_027_20260122-135506,20260122-135900,145,nonstop,LANE_KEEP,near_straight_lt5deg,0.05980880924519347,12.25996390720218,1.6256548179014383,0.01368188655499298,0.05793313210274855,0.14024136370999513,-0.016761314697514896,0.1392361247121235
22350,session_027_20260122-135506,20260122-135900,150,nonstop,LANE_KEEP,near_straight_lt5deg,0.08488854295686021,11.987560107748942,1.5859285667777685,0.015819376248851796,0.08296581139659781,0.2754737421097902,-0.024663979560884824,0.2743674009502431
22355,session_027_20260122-135506,20260122-135900,155,nonstop,LANE_KEEP,near_straight_lt5deg,0.08237878979004423,11.708723932220217,1.5189206053733966,0.02535419117006698,0.07370402414042501,0.32839907735340435,-0.07901170751974962,-0.3187524181576993
22360,session_027_20260122-135506,20260122-135900,160,nonstop,LANE_KEEP,near_straight_lt5deg,0.14607112565614766,11.446018200013738,1.4861099285553276,0.029537706144220244,0.1412693749810486,0.2983819979380143,-0.016920961298643095,-0.297901825711443
22365,session_027_20260122-135506,20260122-135900,165,nonstop,LANE_KEEP,near_straight_lt5deg,0.10122760790578213,11.175982410103174,1.351490131002737,0.012770207678671465,0.09853678228899612,0.045764043069502304,-0.04462867662430842,0.010130590349538851
22370,session_027_20260122-135506,20260122-135900,170,nonstop,LANE_KEEP,near_straight_lt5deg,0.1357788330357392,10.901400047225701,1.3814547644159172,0.00793044930009958,0.13429311850320952,0.02547325797577422,-0.02540126447537483,0.00191380117891218
22375,session_027_20260122-135506,20260122-135900,175,nonstop,LANE_KEEP,near_straight_lt5deg,0.1634154777649898,10.611309533416318,1.34211992942859,0.014718565210648741,0.16247471221705923,0.06736298872149248,-0.028656939590369936,-0.06096353059662647
22380,session_027_20260122-135506,20260122-135900,180,nonstop,LANE_KEEP,near_straight_lt5deg,0.04596430988812507,10.214380254822434,1.5100976316969035,0.019495764463475722,0.038308407935619015,0.2922573968754142,0.07090674653430619,0.2835253415910348
22385,session_027_20260122-135506,20260122-135900,185,nonstop,LANE_KEEP,near_straight_lt5deg,0.10421712890324497,9.774051644665986,1.561937753503484,0.015197418742080014,0.10195712184340135,0.025822103548756775,0.025656909785738403,0.0029161639064356794
22390,session_027_20260122-135506,20260122-135900,190,nonstop,LANE_KEEP,near_straight_lt5deg,0.04732508541418737,9.253917114717934,1.5474760312427769,0.015805306967015074,0.043285763988751585,0.28304360142954194,0.01118353262903189,0.28282257496200824
22395,session_027_20260122-135506,20260122-135900,195,nonstop,LANE_KEEP,near_straight_lt5deg,0.0661528723664915,8.786067952119742,1.641114544345415,0.024948924408598465,0.059459134047101354,0.06910742368481652,0.007086632591793068,-0.06874311345045173
22400,session_027_20260122-135506,20260122-135900,200,nonstop,LANE_KEEP,near_straight_lt5deg,0.02881453451583267,8.25639201897394,1.663763470216354,0.019347533218569496,0.012859039626477414,0.15983233119056495,-0.026017271658936667,0.1577005886775174
22405,session_027_20260122-135506,20260122-135900,205,nonstop,LANE_KEEP,near_straight_lt5deg,0.08165260804416388,7.666847217768157,1.6012115151763795,0.012442314627186464,0.08023376558392907,0.19072729314336337,-0.06355026694727851,0.17982842912266156
22410,session_027_20260122-135506,20260122-135900,210,nonstop,LANE_KEEP,near_straight_lt5deg,0.05977458244275446,7.0500631663259234,1.508885591249694,0.009374838910491201,0.058638288106863605,0.026628122054618848,-0.01915345174997903,0.01849870725799249
22415,session_027_20260122-135506,20260122-135900,215,nonstop,LANE_KEEP,near_straight_lt5deg,0.09502087770590048,6.394469547245982,1.459354007308504,0.01145792186208505,0.09427844394614972,0.10080019753461049,-0.015973823963068925,-0.09952646266703835
22420,session_027_20260122-135506,20260122-135900,220,nonstop,LANE_KEEP,near_straight_lt5deg,0.10179324642129081,5.728194794983388,1.52046401572282,0.029809277912933186,0.09287457093597958,0.43039227915690603,0.053935635309131154,-0.42699936908814806
22425,session_027_20260122-135506,20260122-135900,225,nonstop,LANE_KEEP,near_straight_lt5deg,0.14821660700675238,5.077208757395474,1.4120850902089968,0.02736119168174384,0.144848944516691,0.6342248211740318,-0.11128184393347983,-0.6243856780900706
22430,session_027_20260122-135506,20260122-135900,230,nonstop,LANE_KEEP,near_straight_lt5deg,0.14038085768153907,4.514105636283591,1.4251644192630557,0.017876173470014856,0.13916037231699774,0.7390311010890268,-0.09929211637453099,-0.7323305565130585
22435,session_027_20260122-135506,20260122-135900,235,nonstop,LANE_KEEP,near_straight_lt5deg,0.16429019478352488,4.090693369336297,1.4450688374360066,0.020976341149732403,0.1628782336385035,0.6272886552580728,-0.09240557104863666,-0.6204452171261027
22440,session_027_20260122-135506,20260122-135900,240,nonstop,LANE_KEEP,near_straight_lt5deg,0.04268351147689699,3.695983720122055,1.39139793750213,0.025995346094371218,0.02567638377228777,0.14050520449650677,-0.12040380694303279,0.07241985752699381
22445,session_027_20260122-135506,20260122-135900,245,nonstop,LANE_KEEP,near_straight_lt5deg,0.03595594373078965,3.243151513546507,1.5953299489780277,0.023944367692505124,0.02543040529796702,0.028529300502863585,-0.012213833472730518,0.025782615443028664
22450,session_027_20260122-135506,20260122-135900,250,nonstop,LANE_KEEP,near_straight_lt5deg,0.09582779120383333,2.770693998368024,1.6166967250714,0.032738549538677164,0.08913491642711573,0.26422931458331517,0.1571327839508702,-0.2124297975638486
22455,session_027_20260122-135506,20260122-135900,255,nonstop,LANE_KEEP,low_motion_or_partial_stop,0.0983418108558996,2.2808752654810753,7.409080533959036,0.021205080762615874,0.07188024532047435,0.3901812518325286,,
22460,session_027_20260122-135506,20260122-135900,260,nonstop,LANE_KEEP,low_motion_or_partial_stop,0.050776459973639845,1.7664672327148705,102.93380034326698,0.013577131568778857,0.03287350562554547,0.15033378930961439,,
22465,session_027_20260122-135506,20260122-135900,265,nonstop,LANE_KEEP,low_motion_or_partial_stop,0.06295793551910336,1.2078918996164512,174.9045894374968,0.006675345701126056,0.04207003888029526,0.11751846712160167,,
22470,session_027_20260122-135506,20260122-135900,270,nonstop,LANE_KEEP,low_motion_or_partial_stop,0.029510771530368816,0.6897655716821853,204.12019187054992,0.004245834481893361,0.01605678156849196,0.020847780163560637,,
22475,session_027_20260122-135506,20260122-135900,275,nonstop,LANE_KEEP,low_motion_or_partial_stop,0.06461627072883075,0.3139701383560292,204.13675222116336,0.0009581864220255733,0.019409212421069556,0.04312710940095916,,
22480,session_027_20260122-135506,20260122-135900,280,steady,LANE_KEEP,low_motion_or_partial_stop,0.0072758129867797955,0.05302928229186888,204.1312021058549,0.0,0.0,0.027881114213760924,,
22485,session_027_20260122-135506,20260122-135900,285,steady,LANE_KEEP,low_motion_or_partial_stop,0.018311233090305384,0.002731007588707074,204.09916658997915,0.0,0.0,0.051325609435888236,,
22490,session_027_20260122-135506,20260122-135900,290,steady,LANE_KEEP,low_motion_or_partial_stop,0.01624539011268101,0.0018348160358392777,204.09895023372442,0.0,0.0,0.06041527183990503,,
22495,session_027_20260122-135506,20260122-135900,295,steady,LANE_KEEP,low_motion_or_partial_stop,0.016547222939225514,0.0009895996190353524,458.59580250648435,0.0,0.0,0.06212912573386647,,
36330,session_040_20260209-153550,20260209-153550,30,nonstop,LANE_KEEP,gentle_bend_5to15deg,0.0597787455433088,7.686292633506956,12.088698469347738,0.04541156594325293,0.034401261235081526,0.16569472747415506,0.08048164270140104,-0.14483593442519208
36335,session_040_20260209-153550,20260209-153550,35,nonstop,LANE_KEEP,gentle_bend_5to15deg,0.0687631756019204,7.609713799064849,12.739746658001172,0.057166747261058234,0.037556040343327116,0.41591260572149547,0.3610386983749524,-0.20648088016512398
36340,session_040_20260209-153550,20260209-153550,40,nonstop,LANE_KEEP,gentle_bend_5to15deg,0.1201075598530762,7.518744483233136,13.909175513413619,0.041254021300113304,0.11140479917263058,0.7339056570196383,0.32067338473608054,-0.6601409650425678
36345,session_040_20260209-153550,20260209-153550,45,nonstop,LANE_KEEP,gentle_bend_5to15deg,0.2472024153352292,7.611689029995878,14.567753066667342,0.03262209024391274,0.2446027274809261,0.9558486426273143,0.045729253112605256,-0.9547541374732255
36350,session_040_20260209-153550,20260209-153550,50,nonstop,LANE_KEEP,right_bend_ge15deg,0.13845893641642606,7.713550513359397,15.297249101227866,0.03394422563250784,0.13376715377054382,0.3268378408422272,0.03175298485902127,-0.32529174929430943
36355,session_040_20260209-153550,20260209-153550,55,nonstop,LANE_KEEP,right_bend_ge15deg,0.15561456912623656,7.783490755289498,15.335612465560764,0.018009532549695118,0.14795141449077626,0.13655231778456592,0.13586356914811928,-0.01369766661410948
36360,session_040_20260209-153550,20260209-153550,60,nonstop,LANE_KEEP,right_bend_ge15deg,0.11672923776539608,7.859022308140929,15.330755980891661,0.01211444091969508,0.11564174622808243,0.16730177520900466,0.0005146947344150665,0.16730098349207245
36365,session_040_20260209-153550,20260209-153550,65,nonstop,LANE_KEEP,gentle_bend_5to15deg,0.17731431981113027,7.9155445384062855,14.686798543943809,0.016755713462912856,0.1756387569573272,0.5104233196536282,-0.0037468271295964806,0.5104095674384356
36370,session_040_20260209-153550,20260209-153550,70,nonstop,LANE_KEEP,gentle_bend_5to15deg,0.17829593443564307,7.835659440867593,14.22501417868899,0.05082154110833259,0.16402718102636132,0.8218434255638284,-0.1636676206578761,0.8053816027763966
36375,session_040_20260209-153550,20260209-153550,75,nonstop,LANE_KEEP,gentle_bend_5to15deg,0.10483552532131704,7.582123368429504,13.873994319546815,0.021381998731644706,0.10192119287342218,0.5079501126398981,0.03537361953721589,0.506716907130324
36380,session_040_20260209-153550,20260209-153550,80,nonstop,LANE_KEEP,gentle_bend_5to15deg,0.06362273464332509,7.3368432836669255,13.432968714561888,0.03147041254278008,0.04726957961845514,0.07514735682378561,-0.07478544174798982,-0.007366338314208642
36385,session_040_20260209-153550,20260209-153550,85,nonstop,LANE_KEEP,gentle_bend_5to15deg,0.03678794583636353,7.085669028612086,13.702859903387838,0.013110767501742374,0.03117241645939394,0.13265170213328295,0.002527549195504703,-0.13262761995120598
36390,session_040_20260209-153550,20260209-153550,90,nonstop,TURN_RIGHT,gentle_bend_5to15deg,0.09446794100973208,6.929897807337424,13.942529135167469,0.032228191554468925,0.0823679654797557,0.3880357029313378,0.03632361297518032,-0.38633185461445807
36395,session_040_20260209-153550,20260209-153550,95,nonstop,TURN_RIGHT,gentle_bend_5to15deg,0.11244254863408634,6.811803209948245,13.67215462288393,0.09318519260174277,0.048251600189271236,0.5015961981987311,0.4968165550794988,0.06908007416295983
36400,session_040_20260209-153550,20260209-153550,100,nonstop,TURN_RIGHT,gentle_bend_5to15deg,0.10748010734330957,6.6721569198219,14.368852745514076,0.0749846462534984,0.07236082280198361,0.5590772021442775,0.47327817494230057,0.297615670086033
36405,session_040_20260209-153550,20260209-153550,105,nonstop,TURN_RIGHT,gentle_bend_5to15deg,0.1474671331095005,6.522579770459257,14.160411517177401,0.04959861861915114,0.13460791722989468,0.4815191608413273,0.3261861993688675,0.3542079411851595
36410,session_040_20260209-153550,20260209-153550,110,nonstop,TURN_RIGHT,gentle_bend_5to15deg,0.10569880681622171,6.425555085135999,14.194063334143044,0.03163646066579104,0.09933882933049516,0.10205049498627167,-0.0011893023648742694,0.10204356465171119
36415,session_040_20260209-153550,20260209-153550,115,nonstop,TURN_RIGHT,gentle_bend_5to15deg,0.2134683872186084,6.338398753006445,14.268717701300677,0.07238099870545357,0.18236218073966567,0.4828720150079257,0.47233192684662184,0.1003390938725872
36420,session_040_20260209-153550,20260209-153550,120,nonstop,TURN_RIGHT,gentle_bend_5to15deg,0.1243233047363633,5.9360048842437765,14.895323914084619,0.08919869750364764,0.06845705978790916,0.5298996789663909,0.4684865253866388,-0.2476167306541268
36425,session_040_20260209-153550,20260209-153550,125,nonstop,TURN_RIGHT,right_bend_ge15deg,0.536334820939132,6.319872657072675,15.593046995640467,0.27117314562614153,0.4117106032929145,1.0969349550532395,1.0079882744079334,-0.43269612232347243
36430,session_040_20260209-153550,20260209-153550,130,nonstop,TURN_RIGHT,right_bend_ge15deg,0.2665527717478526,6.227262214723261,16.19224375828171,0.14541707238098608,0.19826956995966089,0.88635678521027,0.8192650084038706,0.33827976098680557
36435,session_040_20260209-153550,20260209-153550,135,nonstop,TURN_RIGHT,right_bend_ge15deg,0.5208029732676263,6.568019454730607,16.54369424840125,0.1342897655041576,0.5011780713461875,1.7461163263209032,0.6881628186291096,-1.6047910020002127
36440,session_040_20260209-153550,20260209-153550,140,nonstop,TURN_RIGHT,right_bend_ge15deg,0.18908539065834024,6.86856922384191,16.652051567898503,0.109819824391197,0.14751918690591484,0.8500298385678384,0.5902308832001749,-0.6117010961020152
36445,session_040_20260209-153550,20260209-153550,145,nonstop,TURN_RIGHT,right_bend_ge15deg,0.259536777925485,7.064049928241662,16.000917033090083,0.1534834156087651,0.19363357150478863,0.9065363126597172,0.8011059218472032,-0.4243081287838113
36450,session_040_20260209-153550,20260209-153550,150,nonstop,TURN_RIGHT,gentle_bend_5to15deg,0.1645987201533619,7.237895572743169,14.9053980106497,0.08277054357024516,0.1343177203622329,0.4470012950552048,0.36946923313928476,-0.2516001660263743
36455,session_040_20260209-153550,20260209-153550,155,nonstop,TURN_RIGHT,gentle_bend_5to15deg,0.08750886377593675,7.2764798075598085,14.26745315058566,0.06017665627357549,0.05222902578678057,0.2503605262244788,0.236536321648814,0.08204243799550792
36460,session_040_20260209-153550,20260209-153550,160,nonstop,TURN_RIGHT,gentle_bend_5to15deg,0.08878949794189142,7.2732552560901675,13.92581689805458,0.015062073658329428,0.08692523207729966,0.1339140214793029,-0.011195650368092065,-0.13344520434093776
36465,session_040_20260209-153550,20260209-153550,165,nonstop,TURN_RIGHT,gentle_bend_5to15deg,0.05456493703145307,7.187851863056335,13.083349327300716,0.05062919020831485,0.015537220758634084,0.3171668771570438,0.3073980844889883,0.07811047060447211
36470,session_040_20260209-153550,20260209-153550,170,nonstop,LANE_KEEP,gentle_bend_5to15deg,0.08304880616588126,6.963522977393057,12.99784123157226,0.04354737598882487,0.06510052469744321,0.2949262722853924,0.25818156654917346,0.14256151226180286
36475,session_040_20260209-153550,20260209-153550,175,nonstop,LANE_KEEP,gentle_bend_5to15deg,0.09608514506763903,6.802894177537565,12.379893518956914,0.0812778114720996,0.04709801323722805,0.30870220751732735,0.3006802415206742,0.06991741760920582
36480,session_040_20260209-153550,20260209-153550,180,nonstop,LANE_KEEP,gentle_bend_5to15deg,0.13502895378570878,6.5815029141712325,12.461399838489934,0.03342399287424573,0.1284466458052012,0.4728766642215565,0.09164019366255982,0.4639120762286699
36485,session_040_20260209-153550,20260209-153550,185,nonstop,LANE_KEEP,gentle_bend_5to15deg,0.1630197191049416,6.331883417355709,10.215484320739348,0.015051467747126561,0.16192849005537993,0.3677368497505336,-0.08479632781021236,0.35782673663988485
36490,session_040_20260209-153550,20260209-153550,190,nonstop,LANE_KEEP,gentle_bend_5to15deg,0.2271775532052062,6.114477019705194,8.692808107237461,0.03632607254890453,0.2237437073849861,0.4680548737487131,0.008741183863532787,0.46797324340670127
36495,session_040_20260209-153550,20260209-153550,195,nonstop,LANE_KEEP,gentle_bend_5to15deg,0.36511046051592483,5.8882423174291345,6.653054374945051,0.03758589997288586,0.36156869056006635,0.6444167339258112,-0.11869082235081058,0.6333919920975463
36500,session_040_20260209-153550,20260209-153550,200,nonstop,LANE_KEEP,near_straight_lt5deg,0.37429467964022534,5.732447198769638,4.767110010468458,0.07326577781711975,0.3548770283390152,0.39071681830388477,-0.35476864349823334,0.16370351766512029
36505,session_040_20260209-153550,20260209-153550,205,nonstop,LANE_KEEP,near_straight_lt5deg,0.2146310344674717,5.390324075079684,3.5035312304713266,0.06153441440497934,0.20475673372044273,0.22273815675235517,-0.09027152224291386,-0.20362548648286602
36510,session_040_20260209-153550,20260209-153550,210,nonstop,LANE_KEEP,near_straight_lt5deg,0.3604828867842651,5.627176700470217,2.596833661507838,0.0795376729396356,0.34929598361411107,1.492872764914978,-0.2709736953692363,-1.4680743675450612
36515,session_040_20260209-153550,20260209-153550,215,nonstop,LANE_KEEP,near_straight_lt5deg,0.052819285614702165,5.887848901081551,2.004463336247085,0.021745490346291616,0.0459663403548273,0.15833991830616573,-0.053027845406179594,-0.14919643876708838
36520,session_040_20260209-153550,20260209-153550,220,nonstop,LANE_KEEP,near_straight_lt5deg,0.16088329676199326,6.215103513737552,1.735775023646402,0.0571881823248763,0.1475994094069151,0.5681121533136474,-0.10948499204080135,-0.5574625146684706
36525,session_040_20260209-153550,20260209-153550,225,nonstop,LANE_KEEP,near_straight_lt5deg,0.17069291746308715,6.704760432112967,1.7505615201062181,0.08829461985112079,0.13720616798752833,0.3894949741929101,0.3420407005181876,0.1863182602714056
36530,session_040_20260209-153550,20260209-153550,230,nonstop,LANE_KEEP,near_straight_lt5deg,0.13867756400082482,6.941223606735336,1.719406335440974,0.009705936914516064,0.13572502895764854,0.6122883571675041,-0.000512911676414287,0.6122881423353659
36535,session_040_20260209-153550,20260209-153550,235,nonstop,LANE_KEEP,near_straight_lt5deg,0.0476770592189316,7.174331100420888,1.9218198348956999,0.035300200792258325,0.03164994974175575,0.11893032431749348,-0.0979974775644335,-0.06738632230113566
36540,session_040_20260209-153550,20260209-153550,240,nonstop,LANE_KEEP,near_straight_lt5deg,0.04872193210504163,7.400098270196134,1.8991040675429525,0.04531006858058975,0.01264433825422159,0.23689077205765374,0.23630282572331937,0.016679701473521987
36545,session_040_20260209-153550,20260209-153550,245,nonstop,LANE_KEEP,near_straight_lt5deg,0.06282772047043722,7.6626810700564265,1.9323949976666748,0.027062598362860138,0.05504230699707741,0.17613418339275347,0.12429190335729041,-0.12479893156295084
36550,session_040_20260209-153550,20260209-153550,250,nonstop,LANE_KEEP,near_straight_lt5deg,0.11563105566896892,7.795490649129425,1.8273849654799008,0.01544306493136517,0.11413739582010034,0.30875502721652726,0.08296706539077998,0.2973989456805799
36555,session_040_20260209-153550,20260209-153550,255,nonstop,LANE_KEEP,near_straight_lt5deg,0.04898655981566105,7.928425376017693,1.728039288588844,0.03288317378021796,0.027267688527825316,0.17052570975293996,0.1698426904934071,0.01524723491996604
36560,session_040_20260209-153550,20260209-153550,260,nonstop,LANE_KEEP,near_straight_lt5deg,0.036085197771352565,8.055712392455199,1.6313703850499488,0.021008688853533783,0.02781877026274484,0.1436993938595943,-0.11898433374863357,-0.08057446318783999
36565,session_040_20260209-153550,20260209-153550,265,nonstop,LANE_KEEP,near_straight_lt5deg,0.15208380339916136,8.188503745967724,1.5435877697136835,0.0102801395273985,0.15140072539836272,0.2194433337551439,0.04183737814857903,0.2154182223471921
36570,session_040_20260209-153550,20260209-153550,270,nonstop,LANE_KEEP,near_straight_lt5deg,0.1841108458672105,8.176779763550169,1.467724700039168,0.0648905646877729,0.1667373883333422,0.26885754835643005,0.23278214895121951,0.13452454213964968
36575,session_040_20260209-153550,20260209-153550,275,nonstop,LANE_KEEP,near_straight_lt5deg,0.14443837932258852,8.201952809442686,1.374622333401648,0.09253276414066954,0.10458145432518517,0.7151794618012612,0.4121988536399389,-0.5844431260954842
36580,session_040_20260209-153550,20260209-153550,280,nonstop,LANE_KEEP,near_straight_lt5deg,0.179110366877209,8.404765977574838,1.4082534397052615,0.07124933492970796,0.16324330037730156,0.6298068691475744,0.17800056131697217,-0.604129532961527
36585,session_040_20260209-153550,20260209-153550,285,nonstop,LANE_KEEP,near_straight_lt5deg,0.019874839031902437,8.58322619040286,1.4000897887888029,0.012380088634669592,0.01378536162012655,0.10014096174605276,-0.03472532383033556,-0.09392744063532624
36590,session_040_20260209-153550,20260209-153550,290,nonstop,LANE_KEEP,near_straight_lt5deg,0.026386509769763165,8.755684514167687,1.423562444596067,0.025399418983355015,0.005429081941591608,0.12784784727964857,-0.12732161104101372,0.011587899549148536
36595,session_040_20260209-153550,20260209-153550,295,nonstop,LANE_KEEP,near_straight_lt5deg,0.03147962201119184,8.918951782877913,1.362035362715092,0.017189852246161576,0.023043016910713685,0.10277755092282662,-0.09735429258099257,0.03294490385095568
36630,session_040_20260209-153550,20260209-153620,30,nonstop,LANE_CHANGE_R,near_straight_lt5deg,0.07729948168949542,9.292875900776478,1.4020604035613977,0.02472041102022434,0.06688465703689395,0.27032634170791453,-0.2356006116480002,0.13254690796948967
36635,session_040_20260209-153550,20260209-153620,35,nonstop,LANE_CHANGE_R,near_straight_lt5deg,0.1212401883070659,9.244792287194805,1.3488938725008783,0.11091016041625973,0.03536227462250111,0.6654239983834751,-0.6544912375782993,-0.12012625673797267
36640,session_040_20260209-153550,20260209-153620,40,nonstop,LANE_CHANGE_R,near_straight_lt5deg,0.17972223019130573,9.23565812965542,1.7711517532316348,0.17552039578397488,0.019431102229240788,0.8560969179693643,-0.8552536080244174,-0.03798945798324341
36645,session_040_20260209-153550,20260209-153620,45,nonstop,LANE_CHANGE_R,near_straight_lt5deg,0.17851728418330398,9.197093588140277,1.5574102686693003,0.17338245039504396,0.03222257360418596,0.7293418347011914,-0.7292010359763487,0.01433042135877709
36650,session_040_20260209-153550,20260209-153620,50,nonstop,LANE_CHANGE_R,near_straight_lt5deg,0.1397747409851383,9.07810191707426,1.1450253590882262,0.11462063224791963,0.06405672431352244,0.41244774772228016,-0.4048945602363569,0.07857187596200571
36655,session_040_20260209-153550,20260209-153620,55,nonstop,LANE_CHANGE_R,near_straight_lt5deg,0.06714122015300791,9.030021328569909,1.1099421904373175,0.058548998443046105,0.02498900984564326,0.15829601200813384,-0.144743940822348,-0.06408446779755504
36660,session_040_20260209-153550,20260209-153620,60,nonstop,LANE_CHANGE_R,near_straight_lt5deg,0.078254363764027,8.930614361523558,1.7149096752380963,0.01687783882230675,0.07487372784967135,0.1672297514140017,0.038428290502441786,0.16275458901993747
36665,session_040_20260209-153550,20260209-153620,65,nonstop,LANE_CHANGE_R,near_straight_lt5deg,0.022977500221132985,8.891216589024262,2.9269245523392993,0.013138625288528029,0.014603686858839183,0.09968598051451266,0.09930641383723006,-0.008690850472111733
36670,session_040_20260209-153550,20260209-153620,70,nonstop,LANE_CHANGE_R,near_straight_lt5deg,0.05468618477664324,8.896830229093514,3.4129419370423766,0.0489155235911609,0.01600876702127677,0.12461379970316727,-0.09636106450537762,-0.07901357050438577
36675,session_040_20260209-153550,20260209-153620,75,nonstop,LANE_CHANGE_R,near_straight_lt5deg,0.07899501023746072,8.791765347972092,4.078468498216812,0.02300502305987353,0.07312482527589854,0.2637376301074998,0.18422575781101183,0.1887283966277433
36680,session_040_20260209-153550,20260209-153620,80,nonstop,LANE_CHANGE_R,near_straight_lt5deg,0.0841667863796522,8.744664696026872,4.768912523259125,0.04596804304094468,0.0692347981163093,0.4259342829076408,0.2829685635541312,-0.3183532713765602
36685,session_040_20260209-153550,20260209-153620,85,nonstop,LANE_CHANGE_R,near_straight_lt5deg,0.12535231140805017,8.735718325143422,4.518492231685034,0.0703343730704204,0.0977589490855103,0.4008489393979515,0.3310666999001844,-0.2259971513839586
36690,session_040_20260209-153550,20260209-153620,90,nonstop,LANE_KEEP,near_straight_lt5deg,0.09598102304571673,8.707656983814138,4.1954657904059465,0.06146552684069042,0.0731454529921835,0.21250022453270198,0.13784543146469289,-0.16172502110298645
36695,session_040_20260209-153550,20260209-153620,95,nonstop,LANE_KEEP,near_straight_lt5deg,0.1406251178073343,8.651481414858257,3.7262710475566165,0.04071320590042647,0.12953543836184186,0.15993111848758795,0.14591297052137853,-0.06547799396986916
36700,session_040_20260209-153550,20260209-153620,100,nonstop,LANE_KEEP,near_straight_lt5deg,0.18133248807232025,8.650339241032277,3.0813337436567942,0.01899177037955491,0.18023615802767975,0.1863949950805321,-0.019916658815298825,-0.18532787403061246
36705,session_040_20260209-153550,20260209-153620,105,nonstop,LANE_KEEP,near_straight_lt5deg,0.11954849807428611,8.6101503967861,2.4327196371686814,0.04017603105325425,0.10361822347661723,0.2576279845889744,-0.1792336661108348,0.1850607234824468
36710,session_040_20260209-153550,20260209-153620,110,nonstop,LANE_KEEP,near_straight_lt5deg,0.07888626424468956,8.43947838810226,2.0676546716355473,0.022154167091593402,0.07454245658471016,0.27248195690366506,-0.07863833061109549,0.260887772417089
36715,session_040_20260209-153550,20260209-153620,115,nonstop,LANE_KEEP,near_straight_lt5deg,0.1351996365072559,8.210545312436045,1.8784240561282435,0.008491170648170692,0.13465988522565114,0.04177701055473241,-0.01063964752088665,-0.0403994617726711
36720,session_040_20260209-153550,20260209-153620,120,nonstop,LANE_KEEP,near_straight_lt5deg,0.12181283498003995,7.940621620223079,1.6867638207388578,0.010673582845277623,0.12124556881990729,0.052138077173383104,0.013745646208862096,-0.05029350158458295
36725,session_040_20260209-153550,20260209-153620,125,nonstop,LANE_KEEP,near_straight_lt5deg,0.12234498742378988,7.698847012167325,1.534820447792906,0.011958033962047004,0.12168818497678073,0.1340741801854454,0.023767703308032115,-0.1319506804524351
36730,session_040_20260209-153550,20260209-153620,130,nonstop,LANE_KEEP,near_straight_lt5deg,0.04241928081367274,7.443745412528445,1.4701456685263643,0.031091642076673705,0.02188966470383214,0.13772902672605988,-0.11947147638954114,0.06852628059519227
36735,session_040_20260209-153550,20260209-153620,135,nonstop,LANE_KEEP,near_straight_lt5deg,0.107971660547747,7.032582967586119,1.336864358238059,0.0056473926924346,0.10748831934935366,0.33066215426185064,-0.021080834145571326,0.3299894827003049
36740,session_040_20260209-153550,20260209-153620,140,nonstop,LANE_KEEP,near_straight_lt5deg,0.06195671197944,6.5884390767232155,1.292085407699684,0.037586476007034686,0.04456604217608716,0.27765265631063946,-0.16394115118989025,-0.22408546696046047
36745,session_040_20260209-153550,20260209-153620,145,nonstop,LANE_KEEP,near_straight_lt5deg,0.07591437460000018,6.171690935224813,1.368736590004947,0.027777427960120248,0.06903393536920055,0.04601719169120597,0.04485621731770194,0.010271402002272762
36750,session_040_20260209-153550,20260209-153620,150,nonstop,LANE_KEEP,near_straight_lt5deg,0.05738891803957381,5.740299293149298,1.3655628245027682,0.03242442895682278,0.04277383217644989,0.06295782438029172,0.062305366702133644,-0.009040405456189999
36755,session_040_20260209-153550,20260209-153620,155,nonstop,LANE_KEEP,near_straight_lt5deg,0.07482891317536798,5.290108865903964,1.4791773997504192,0.057045330845665924,0.04651131654448417,0.14734902228712277,0.12976618541816531,-0.06980309084123239
36760,session_040_20260209-153550,20260209-153620,160,nonstop,LANE_KEEP,near_straight_lt5deg,0.09441423438570717,4.824440028672689,1.5013248930485654,0.060770966897980463,0.06957655538270187,0.17073887780154506,0.1612777180244562,-0.05604696300206581
36765,session_040_20260209-153550,20260209-153620,165,nonstop,LANE_KEEP,near_straight_lt5deg,0.10589315554588667,4.383947798772057,1.539065161180706,0.01660600892420823,0.10444255868914161,0.16863664782851237,0.012305738839211112,0.1681870618759328
36770,session_040_20260209-153550,20260209-153620,170,nonstop,LANE_KEEP,near_straight_lt5deg,0.09351579884048428,3.87929952259395,1.5733894889684092,0.02965823747165268,0.08468607080141134,0.5089651832589625,0.04036779136963463,0.5073618030456835
36775,session_040_20260209-153550,20260209-153620,175,nonstop,LANE_KEEP,near_straight_lt5deg,0.03336168293943086,3.371197421931508,1.7340769575939463,0.026754481333391915,0.015957716600463044,0.06273227298324595,0.06218901534676331,0.008237987851686059
36780,session_040_20260209-153550,20260209-153620,180,nonstop,LANE_KEEP,near_straight_lt5deg,0.03368500179650322,2.824694716908799,1.748155784149303,0.0209499401763876,0.020643950450429622,0.04368626107714178,-0.03816862245120507,-0.021251956782319077
36785,session_040_20260209-153550,20260209-153620,185,nonstop,LANE_KEEP,near_straight_lt5deg,0.15696756529943337,2.2688109879930387,1.744219791016162,0.015892854271165976,0.15606557828012405,0.09123781296198952,0.004824954741360467,0.09111014392388371
36790,session_040_20260209-153550,20260209-153620,190,nonstop,LANE_KEEP,low_motion_or_partial_stop,0.11051787461647815,1.7039511507198084,1.7671619968621939,0.007025398502332882,0.10689174079562812,0.0462844943299047,,
36795,session_040_20260209-153550,20260209-153620,195,nonstop,LANE_KEEP,low_motion_or_partial_stop,0.08271866948560984,1.1788965446232456,120.83632249376186,0.012396285514679731,0.07391567200413841,0.045673334497535814,,
36800,session_040_20260209-153550,20260209-153620,200,nonstop,LANE_KEEP,low_motion_or_partial_stop,0.12796287924524766,0.7579656429861407,280.19030712030707,0.005416753123352807,0.07911695774768455,0.17654072015072775,,
36805,session_040_20260209-153550,20260209-153620,205,nonstop,LANE_KEEP,low_motion_or_partial_stop,0.15508990583609952,0.4463504418258947,280.16423761148064,0.002653467524362583,0.08518826070676108,0.15825626364252623,,
36810,session_040_20260209-153550,20260209-153620,210,nonstop,LANE_KEEP,low_motion_or_partial_stop,0.04626077078662669,0.201972647265105,280.1606530397786,0.0015418612525758173,0.012361379668642841,0.030332965724769883,,
36815,session_040_20260209-153550,20260209-153620,215,steady,LANE_KEEP,low_motion_or_partial_stop,0.009173526374671118,0.050507724450807014,280.15001428192596,0.0,0.0,0.0241732604584443,,
36820,session_040_20260209-153550,20260209-153620,220,steady,LANE_KEEP,low_motion_or_partial_stop,0.01388071103032965,0.0037113221723215012,280.14531188395915,0.0,0.0,0.035959079492911716,,
36825,session_040_20260209-153550,20260209-153620,225,steady,LANE_KEEP,low_motion_or_partial_stop,0.013541426453584682,0.0025609890604014265,303.2127221313494,0.0,0.0,0.04068810579803162,,
36830,session_040_20260209-153550,20260209-153620,230,steady,LANE_KEEP,low_motion_or_partial_stop,0.015701227474061448,0.00265565064392733,303.21182001883744,0.0,0.0,0.044623642994421085,,
36835,session_040_20260209-153550,20260209-153620,235,steady,LANE_KEEP,low_motion_or_partial_stop,0.01462177623731482,0.001706513819586237,306.51252872075537,0.0,0.0,0.037621057070087234,,
36840,session_040_20260209-153550,20260209-153620,240,steady,LANE_KEEP,low_motion_or_partial_stop,0.014764323000454025,0.0037472210420585253,303.21223129916916,0.0,0.0,0.03967860670034491,,
36845,session_040_20260209-153550,20260209-153620,245,steady,LANE_KEEP,low_motion_or_partial_stop,0.013060675872534205,0.0038357544769922133,399.16738799233445,0.0,0.0,0.036724243783006746,,
36850,session_040_20260209-153550,20260209-153620,250,steady,LANE_KEEP,low_motion_or_partial_stop,0.01418490388459816,0.0015853390763687022,399.16767955856807,0.0,0.0,0.037428671863925136,,
36855,session_040_20260209-153550,20260209-153620,255,steady,LANE_KEEP,low_motion_or_partial_stop,0.012488025471709085,0.0011461207391759265,157.23530434573544,0.0,0.0,0.03581459410912792,,
36860,session_040_20260209-153550,20260209-153620,260,steady,LANE_KEEP,low_motion_or_partial_stop,0.010836334787219968,0.005020757480718586,172.5577488876418,0.0,0.0,0.03569440960705972,,
36865,session_040_20260209-153550,20260209-153620,265,steady,LANE_KEEP,low_motion_or_partial_stop,0.013141971629068327,0.0018594550185550257,282.3221432838058,0.0,0.0,0.0407982765749783,,
36870,session_040_20260209-153550,20260209-153620,270,steady,LANE_KEEP,low_motion_or_partial_stop,0.013244616111033702,0.0012500455432068608,282.3350299895478,0.0,0.0,0.040888650921863647,,
36875,session_040_20260209-153550,20260209-153620,275,steady,LANE_KEEP,low_motion_or_partial_stop,0.013135848764398423,0.003653312602420558,282.33106327063086,0.0,0.0,0.03811865234713145,,
36880,session_040_20260209-153550,20260209-153620,280,steady,LANE_KEEP,low_motion_or_partial_stop,0.014533025343423423,0.0007084976303468083,282.34447757919736,0.0,0.0,0.03744495598085729,,
36885,session_040_20260209-153550,20260209-153620,285,steady,LANE_KEEP,low_motion_or_partial_stop,0.014759219610097117,0.0012954003835588157,282.35568118477227,0.0,0.0,0.04082310038440137,,
36890,session_040_20260209-153550,20260209-153620,290,steady,LANE_KEEP,low_motion_or_partial_stop,0.013767047453714956,0.00026123852087770773,567.5481109185006,0.0,0.0,0.04062990004349702,,
36895,session_040_20260209-153550,20260209-153620,295,steady,LANE_KEEP,low_motion_or_partial_stop,0.013797973667056469,0.003536921438356572,567.548269045609,0.0,0.0,0.04214330323676985,,
40530,session_046_20260210-100504,20260210-100504,30,nonstop,LANE_KEEP,near_straight_lt5deg,0.15430069106186456,11.916347369962807,1.9128882380481542,0.03726958237736933,0.14416066748548276,0.3361601138664328,0.2372319447943623,-0.23816932322147982
40535,session_046_20260210-100504,20260210-100504,35,nonstop,LANE_KEEP,near_straight_lt5deg,0.062289174774276646,12.192365761007556,2.0034908619354366,0.03926078301111347,0.045366763797858305,0.2951422341339842,0.21223667309932764,0.20509639919152334
40540,session_046_20260210-100504,20260210-100504,40,nonstop,LANE_KEEP,near_straight_lt5deg,0.08099412370148257,12.462340978246981,2.0848444890380433,0.05508362851112034,0.04548375214324178,0.20511582358747554,0.202732477449221,0.03117761493875848
40545,session_046_20260210-100504,20260210-100504,45,nonstop,LANE_KEEP,near_straight_lt5deg,0.07457340332280302,12.651220168345805,1.9600137547705332,0.05721228555749032,0.045969879880578685,0.2824594264438608,0.21673972302574673,0.18112763469365292
40550,session_046_20260210-100504,20260210-100504,50,nonstop,LANE_KEEP,near_straight_lt5deg,0.05425095619099786,12.875834180453069,1.7652776658009963,0.027475243560333387,0.045753364336981475,0.13231121220868602,0.10583285307886378,0.07940821169954386
40555,session_046_20260210-100504,20260210-100504,55,nonstop,LANE_KEEP,near_straight_lt5deg,0.1107418852253949,12.98594871764289,1.814578568298073,0.02265896490834325,0.10717220650829012,0.2895374799529192,0.06449078133134185,0.28226386842945406
40560,session_046_20260210-100504,20260210-100504,60,nonstop,LANE_KEEP,near_straight_lt5deg,0.03950077264135458,13.075771089579234,1.7485346971344897,0.020008938103991427,0.03160913034258798,0.20558028285276275,0.055117742296697914,-0.1980537482148135
40565,session_046_20260210-100504,20260210-100504,65,nonstop,LANE_KEEP,near_straight_lt5deg,0.06181880831178344,13.180842163850608,1.664857548879686,0.017056631690894258,0.05749439458141803,0.1389985085443605,0.03265700439081872,-0.13510775492833377
40570,session_046_20260210-100504,20260210-100504,70,nonstop,LANE_KEEP,near_straight_lt5deg,0.05027101082385939,13.347433001329382,1.577604648940913,0.019219083906793884,0.044543163191839374,0.2257182039785544,-0.0523588678145537,-0.21956150976089228
40575,session_046_20260210-100504,20260210-100504,75,nonstop,LANE_KEEP,near_straight_lt5deg,0.08828387126049878,13.511616993047882,1.5170518839550133,0.05451989527659203,0.06731203881289682,0.15758692390470427,-0.1465962594372139,0.057820198069222555
40580,session_046_20260210-100504,20260210-100504,80,nonstop,LANE_KEEP,near_straight_lt5deg,0.09801691820552559,13.64212820911388,1.5113302666387733,0.013783423486742451,0.09696233866556901,0.14010417837758682,-0.034122731996912334,0.13588531914789606
40585,session_046_20260210-100504,20260210-100504,85,nonstop,LANE_KEEP,near_straight_lt5deg,0.09283289700223936,13.770200106165092,1.3926930208683619,0.024697187647418194,0.08792411902807003,0.030160150233272953,0.02993793258708082,0.0036544294363141366
40590,session_046_20260210-100504,20260210-100504,90,nonstop,LANE_KEEP,near_straight_lt5deg,0.06941670385767593,13.87486903354659,1.4352363976042843,0.009325161095427312,0.06533327333161297,0.07387494947327877,-0.07361097170364096,-0.006239631761992148
40595,session_046_20260210-100504,20260210-100504,95,nonstop,LANE_KEEP,near_straight_lt5deg,0.0713137220938531,13.998541659309833,1.4747134990593314,0.014824844821205111,0.06707103923318081,0.09874531401404997,-0.09061991794382047,-0.039225852592245584
40600,session_046_20260210-100504,20260210-100504,100,nonstop,LANE_KEEP,near_straight_lt5deg,0.055815022658184096,14.014384038112638,1.3819733111759358,0.036422692662261336,0.03822226418083027,0.16939420971676122,-0.16357229775621937,-0.04402841914396647
40605,session_046_20260210-100504,20260210-100504,105,nonstop,LANE_KEEP,near_straight_lt5deg,0.0996527503301292,14.169105811786107,1.4332589062940122,0.03783428962150656,0.09195188778150216,0.5670473856359659,-0.1995898362981657,-0.5307604307058461
40610,session_046_20260210-100504,20260210-100504,110,nonstop,LANE_KEEP,near_straight_lt5deg,0.1129145581248112,14.245242717072061,1.2797097462957718,0.06901421443493413,0.08056525725795806,0.23319142511614557,-0.23043652949928495,0.03573858726956217
40615,session_046_20260210-100504,20260210-100504,115,nonstop,LANE_KEEP,near_straight_lt5deg,0.0498166023337136,14.34270338153245,1.3607997066023674,0.005608153087744505,0.04943300300138243,0.14339140150529245,-0.022570800398379026,-0.1416038593931271
40620,session_046_20260210-100504,20260210-100504,120,nonstop,LANE_KEEP,near_straight_lt5deg,0.05911023654114793,14.491478176514297,1.3373665784938527,0.024963705263650857,0.047065246236720655,0.11830680163942267,0.07947650608011134,-0.08763551959934812
40625,session_046_20260210-100504,20260210-100504,125,nonstop,LANE_KEEP,near_straight_lt5deg,0.028960428029515053,14.580666226112388,1.3520538579056531,0.015486943464498812,0.021135139032008792,0.07548614679369688,-0.07539766752024829,0.0036537775336833575
40630,session_046_20260210-100504,20260210-100504,130,nonstop,LANE_KEEP,near_straight_lt5deg,0.03781620705254565,14.636679437195179,1.5252120844262007,0.013301445049804581,0.033579396073988375,0.048356183444383465,0.03615015336653728,-0.03211676958977504
40635,session_046_20260210-100504,20260210-100504,135,nonstop,LANE_KEEP,near_straight_lt5deg,0.06630978522151672,14.705739830618688,1.6518287005455952,0.03668850918900528,0.04960643023723452,0.195671553857121,0.15840252283363412,-0.11487383404762037
40640,session_046_20260210-100504,20260210-100504,140,nonstop,LANE_KEEP,near_straight_lt5deg,0.11780323117410829,14.732120546656516,1.83195909810268,0.07472348596073078,0.0822224062482912,0.320587459024719,0.30670814923623885,0.09330825298979165
40645,session_046_20260210-100504,20260210-100504,145,nonstop,LANE_KEEP,near_straight_lt5deg,0.06133148497128908,14.812295443317312,2.057257905108093,0.039254221719442726,0.03678668580094026,0.2435380960845544,0.18833737988022747,-0.1544015400970487
40650,session_046_20260210-100504,20260210-100504,150,nonstop,LANE_KEEP,near_straight_lt5deg,0.07227374545489251,14.861877349920364,1.9692674195280193,0.02281727981252408,0.06805570801409079,0.013877950907492808,0.012000648154981601,0.006970076416447465
40655,session_046_20260210-100504,20260210-100504,155,nonstop,LANE_KEEP,near_straight_lt5deg,0.0679980806923228,15.003509295105477,1.994148862607351,0.039329020683256846,0.04678413279142452,0.29990555567395705,0.12034278107613053,-0.2747015787485894
40660,session_046_20260210-100504,20260210-100504,160,nonstop,LANE_KEEP,near_straight_lt5deg,0.1600218122632936,15.023620493277562,2.0134666269110246,0.05299752142863232,0.14808688233764178,0.3149857251058741,0.19734796227489926,0.2454990607037392
40665,session_046_20260210-100504,20260210-100504,165,nonstop,LANE_KEEP,near_straight_lt5deg,0.0499903585706111,15.085929727608807,2.0407224708128986,0.032127497574388965,0.03223828196029132,0.22772289931914305,0.09299525989671584,-0.2078691908654547
40670,session_046_20260210-100504,20260210-100504,170,nonstop,LANE_KEEP,near_straight_lt5deg,0.050360714175050836,15.23235275985443,1.9150442029412524,0.028884372124207244,0.03840037366893978,0.2574742822091442,0.11152073731694624,-0.23206923783086525
40675,session_046_20260210-100504,20260210-100504,175,nonstop,LANE_KEEP,near_straight_lt5deg,0.14901124904015778,15.22310038950244,1.6752634603923806,0.048662364285592036,0.13828799189399005,0.1382284281809675,-0.023264301169950943,0.1362566352456082
40680,session_046_20260210-100504,20260210-100504,180,nonstop,LANE_KEEP,near_straight_lt5deg,0.09070388708105921,15.30582224010851,1.63322606610668,0.01918359331628112,0.08708107043269281,0.5142600992293708,0.021938001043408557,-0.5137919557268502
40685,session_046_20260210-100504,20260210-100504,185,nonstop,LANE_KEEP,near_straight_lt5deg,0.08156022898470722,15.395586027682025,1.572279497617971,0.01954480797523804,0.07787885019139386,0.46635987440778304,-0.11560237361377249,-0.4518048513158142
40690,session_046_20260210-100504,20260210-100504,190,nonstop,LANE_KEEP,near_straight_lt5deg,0.11741916577488258,15.460823698718915,1.4394085274492887,0.05868089151312387,0.09414645281432252,0.3491467102994214,-0.1415535786018502,-0.3191645495632588
40695,session_046_20260210-100504,20260210-100504,195,nonstop,LANE_KEEP,near_straight_lt5deg,0.15468844421807182,15.559393201042319,1.3859916867990645,0.02098983399023871,0.15229552759765907,0.20461697560197342,-0.009905125915940049,-0.20437709065618867
40700,session_046_20260210-100504,20260210-100504,200,nonstop,LANE_KEEP,near_straight_lt5deg,0.14135293938483182,15.67794667480081,1.256181981852207,0.02483663473717515,0.1381598717353275,0.26406139116944044,0.03745646857349159,0.26139133740111453
40705,session_046_20260210-100504,20260210-100504,205,nonstop,LANE_KEEP,near_straight_lt5deg,0.15902625524462943,15.723630507059497,1.5146319285006413,0.060624410598605266,0.14410638166668488,0.7859614984172129,0.19054775114502817,0.762513627109577
40710,session_046_20260210-100504,20260210-100504,210,nonstop,LANE_KEEP,near_straight_lt5deg,0.21187369584152682,15.76255477524265,1.4245874399476026,0.01993187196420173,0.21083693486232638,0.8420883266180169,0.06130908563056546,0.8398535264231948
40715,session_046_20260210-100504,20260210-100504,215,nonstop,LANE_KEEP,near_straight_lt5deg,0.3530844006446057,15.449180916595049,1.4254481871852147,0.04158185103923587,0.3500916492949483,0.8344354911290423,-0.09163257161658095,0.829388968261996
40720,session_046_20260210-100504,20260210-100504,220,nonstop,LANE_KEEP,near_straight_lt5deg,0.11360690178015195,15.227927618830833,1.4279093617234229,0.012402602715535968,0.11002204844732408,0.6575555358517208,0.03173403462063039,-0.6567893374408116
40725,session_046_20260210-100504,20260210-100504,225,nonstop,LANE_KEEP,near_straight_lt5deg,0.14865185825878152,15.214457849163615,1.322764997248075,0.017909630743074705,0.14546357279977384,0.6744322365382158,0.06480656235559695,-0.671311366772223
40730,session_046_20260210-100504,20260210-100504,230,nonstop,LANE_KEEP,near_straight_lt5deg,0.04133627852299148,15.18685690293754,1.3396494813952158,0.030115127779800428,0.027193094999583174,0.10034711974764776,0.060479685445225445,-0.08007341687536099
40735,session_046_20260210-100504,20260210-100504,235,nonstop,LANE_KEEP,near_straight_lt5deg,0.059090539337981855,15.201298153489747,1.4053675232679579,0.03366477960054731,0.047288325924947076,0.2529772747900669,0.1811339076049757,-0.17660127144491664
40740,session_046_20260210-100504,20260210-100504,240,nonstop,LANE_KEEP,near_straight_lt5deg,0.047282389806047695,15.238737615629994,1.4759363529296272,0.04178599545296245,0.016908319381067075,0.14268631575266882,0.14204369050006174,0.013526813822662699
40745,session_046_20260210-100504,20260210-100504,245,nonstop,LANE_KEEP,near_straight_lt5deg,0.06652737315197414,15.244759244732654,1.4478368294273867,0.05415044278366294,0.02730448499930409,0.13055049008334366,0.12863226314280773,0.022297339297787815
40750,session_046_20260210-100504,20260210-100504,250,nonstop,LANE_KEEP,near_straight_lt5deg,0.05328401498297911,15.265143899744105,1.3947451545297747,0.03345613933660866,0.033794390397762795,0.19562924076541904,-0.16830465780212767,-0.09972132171488203
40755,session_046_20260210-100504,20260210-100504,255,nonstop,LANE_KEEP,near_straight_lt5deg,0.05215515936522709,15.298435785601738,1.8103682254309967,0.042517273510241455,0.016726449048412115,0.4253118946970286,-0.4251346600777881,-0.012277156483481285
40760,session_046_20260210-100504,20260210-100504,260,nonstop,LANE_KEEP,near_straight_lt5deg,0.0784047668587722,15.271418907312418,2.7713722417952518,0.05552923156890032,0.031980465488021574,0.47245311586990313,-0.4710726496736047,-0.03609024001955955
40765,session_046_20260210-100504,20260210-100504,265,nonstop,LANE_KEEP,near_straight_lt5deg,0.18746681101055646,15.295274596722402,3.7765439014750375,0.1752130521479846,0.06413333758290402,0.8477055104875597,-0.8097630921199841,-0.25077553140459347
40770,session_046_20260210-100504,20260210-100504,270,nonstop,LANE_KEEP,near_straight_lt5deg,0.08196348956512048,15.332969667855659,4.116428519371611,0.08044447562326947,0.00990436669143195,0.3886375657874508,-0.3870141263021176,0.03548554048910101
40775,session_046_20260210-100504,20260210-100504,275,nonstop,LANE_KEEP,near_straight_lt5deg,0.08934068964118387,15.252513111243852,4.167560644917774,0.01208539146726876,0.08767033902878486,0.1794523921138903,-0.08814730951477175,0.15631126914174956
40780,session_046_20260210-100504,20260210-100504,280,nonstop,LANE_KEEP,near_straight_lt5deg,0.10643535361002403,15.217840659276336,4.35757875321209,0.03592109464782876,0.09614628602900555,0.2051098560320069,-0.0004888430732149038,-0.2051092734956671
40785,session_046_20260210-100504,20260210-100504,285,nonstop,LANE_KEEP,near_straight_lt5deg,0.11460026964904864,15.253102220395249,4.846989988800916,0.07423716905837326,0.08560858093333291,0.1191400851678091,0.08681001101963179,-0.08159890857458948
40790,session_046_20260210-100504,20260210-100504,290,nonstop,LANE_KEEP,gentle_bend_5to15deg,0.07873420895929424,15.199210485802396,5.8290465930941355,0.04167282658135386,0.06006900538477931,0.3687290599054292,-0.20499933300521667,0.3064904453423595
40795,session_046_20260210-100504,20260210-100504,295,nonstop,LANE_KEEP,gentle_bend_5to15deg,0.08377025905560632,15.090694409899548,6.396438206573401,0.06487169315416587,0.04536293927309319,0.42487834551838166,-0.3991412271320232,0.1456292872123596
40830,session_046_20260210-100504,20260210-100534,30,nonstop,LANE_KEEP,gentle_bend_5to15deg,0.10815684590682023,14.681049096944179,5.410164633514976,0.07593801686505908,0.07140017697877543,0.1651909263600204,0.11652776750191012,-0.11708681203578165
40835,session_046_20260210-100504,20260210-100534,35,nonstop,LANE_KEEP,gentle_bend_5to15deg,0.10923023220989282,14.656587324003784,5.365707903591868,0.06022154481633252,0.08925309179408612,0.06137546911086647,-0.03212254440999908,0.052298091257774994
40840,session_046_20260210-100504,20260210-100534,40,nonstop,LANE_KEEP,gentle_bend_5to15deg,0.11152663218179053,14.617898693234734,5.7856576184450095,0.08253728677708998,0.07300394592039075,0.2754350072073784,-0.13837525088789854,0.23815275168899422
40845,session_046_20260210-100504,20260210-100534,45,nonstop,LANE_KEEP,gentle_bend_5to15deg,0.12663875100710723,14.416723943886833,6.082004564717675,0.08906502828255641,0.06963555230810556,0.5462658179935436,-0.39677033728674865,0.3754725600593403
40850,session_046_20260210-100504,20260210-100534,50,nonstop,LANE_KEEP,gentle_bend_5to15deg,0.10267545147641022,14.282010294107637,6.158144620504691,0.08738920202953945,0.04750971739601245,0.42296056106774377,-0.4176240790909937,-0.06697585223153199
40855,session_046_20260210-100504,20260210-100534,55,nonstop,LANE_KEEP,gentle_bend_5to15deg,0.12363420833966193,14.11308535214812,6.262692754830897,0.09053977801735555,0.07559939931350872,0.5523908094339104,-0.475737481234658,0.2807302179950604
40860,session_046_20260210-100504,20260210-100534,60,nonstop,LANE_KEEP,gentle_bend_5to15deg,0.1389780172896578,13.818403467283806,6.1858497011213744,0.11694213628658282,0.060856652439717274,0.6678228502046653,-0.6232489333922611,0.23989190540927324
40865,session_046_20260210-100504,20260210-100534,65,nonstop,LANE_KEEP,gentle_bend_5to15deg,0.20030112121000548,13.710427755271219,5.58152013566435,0.06867437456633044,0.1778412993299508,0.5221991623006338,-0.35279028374564064,-0.38500776719717505
40870,session_046_20260210-100504,20260210-100534,70,nonstop,LANE_KEEP,gentle_bend_5to15deg,0.07596152064542674,13.657239442788146,5.066671801048347,0.07012222767133539,0.027935073475041518,0.3277171906880776,-0.30053652918928103,0.13067651546986656
40875,session_046_20260210-100504,20260210-100534,75,nonstop,LANE_KEEP,near_straight_lt5deg,0.1597121360307987,13.443355964393167,4.711084819546919,0.07154246510991229,0.13715863033821343,0.45142799570964703,-0.285828322298025,0.3494129440686556
40880,session_046_20260210-100504,20260210-100534,80,nonstop,LANE_KEEP,near_straight_lt5deg,0.06881469333775578,13.276511976380268,4.685073555444157,0.057482220273449854,0.03692013896330599,0.038591980269850085,0.020097711811723522,-0.03294575725463611
40885,session_046_20260210-100504,20260210-100534,85,nonstop,LANE_KEEP,near_straight_lt5deg,0.06800203426471571,13.148665848448227,4.589811220517382,0.05706555049629839,0.032827718758103135,0.15805983114426608,-0.13227900352566113,0.0865169084492276
40890,session_046_20260210-100504,20260210-100534,90,nonstop,LANE_KEEP,near_straight_lt5deg,0.10578365789164648,12.96952983251526,4.537140165374214,0.0975599281494116,0.02991345180240825,0.08297600689181553,-0.03590402195129177,0.07480587495265177
40895,session_046_20260210-100504,20260210-100534,95,nonstop,LANE_KEEP,near_straight_lt5deg,0.10137442337233504,12.908617815202328,4.7396163517739405,0.0646170204816823,0.0696363084527338,0.3367245720274027,-0.24639122152407072,-0.22950991996624853
40900,session_046_20260210-100504,20260210-100534,100,nonstop,LANE_KEEP,gentle_bend_5to15deg,0.14607760661321792,12.66243499859975,5.05867478684053,0.050196383233498565,0.13338763061341335,0.31878164057066705,-0.19998074126921642,0.248252769342742
40905,session_046_20260210-100504,20260210-100534,105,nonstop,LANE_KEEP,near_straight_lt5deg,0.17782501329640432,12.48545099229746,4.735854405511373,0.08011989512164028,0.14112556494892028,0.6833254600717814,0.11442309715616611,-0.6736772515229399
40910,session_046_20260210-100504,20260210-100534,110,nonstop,LANE_KEEP,gentle_bend_5to15deg,0.21832134102879452,12.365769686781952,5.031646600460174,0.07727604870835164,0.19936741307576855,0.7104074275196353,0.24479594741423136,-0.6668985359142984
40915,session_046_20260210-100504,20260210-100534,115,nonstop,LANE_KEEP,near_straight_lt5deg,0.2228671606143273,12.312261392864809,4.825278217480265,0.11433354127865708,0.18805281251531972,0.4852537491030097,0.3323117693760926,-0.35361008038891845
40920,session_046_20260210-100504,20260210-100534,120,nonstop,LANE_KEEP,gentle_bend_5to15deg,0.12869279695379177,12.088644725446242,5.411456459998362,0.07185262191191509,0.10167531844349247,0.28555846780412625,0.12590094751120764,0.256305657273538
40925,session_046_20260210-100504,20260210-100534,125,nonstop,LANE_KEEP,gentle_bend_5to15deg,0.25415551035078376,12.034717618194424,5.9274321380491015,0.06570493056539171,0.2450822560046687,0.041578225411163336,0.005435885625343943,0.04122135339614273
40930,session_046_20260210-100504,20260210-100534,130,nonstop,LANE_CHANGE_L,gentle_bend_5to15deg,0.21916291722392658,11.929575427822348,7.127075225520433,0.07164660967618924,0.20254287021552986,1.1654632986958664,-0.40753732394683645,1.0918873706556464
40935,session_046_20260210-100504,20260210-100534,135,nonstop,LANE_CHANGE_L,gentle_bend_5to15deg,0.4235522988479943,11.567394214383512,8.537510585884869,0.1046419574814591,0.40547059728320933,1.664014000399894,-0.7650872201637414,1.4776955501959725
40940,session_046_20260210-100504,20260210-100534,140,nonstop,LANE_CHANGE_L,gentle_bend_5to15deg,0.45768909665546437,10.9818701325417,9.462773789641725,0.1926464892241703,0.39004362679286875,1.1776663396478042,-1.0385186445612533,0.5553170557781512
40945,session_046_20260210-100504,20260210-100534,145,nonstop,LANE_CHANGE_L,gentle_bend_5to15deg,0.28109986937508474,10.467521641422413,9.425615584862749,0.17180955841788748,0.18244792265963466,1.059911050653061,-0.8023667827391693,-0.6925452918425408
40950,session_046_20260210-100504,20260210-100534,150,nonstop,LANE_CHANGE_L,gentle_bend_5to15deg,0.26448321362907196,10.0639615028994,7.976543545894354,0.1663448514269085,0.17922840338797347,1.051849233970385,-0.6428860031856523,-0.832516905481242
40955,session_046_20260210-100504,20260210-100534,155,nonstop,LANE_CHANGE_L,gentle_bend_5to15deg,0.22051675312132446,9.826117777714083,6.055462988330436,0.15399494245302908,0.14153134474396717,0.8526391248276448,-0.35227803910168676,-0.7764622723310659
40960,session_046_20260210-100504,20260210-100534,160,nonstop,LANE_CHANGE_L,near_straight_lt5deg,0.12008237503743185,9.70458306657133,3.7412224885008616,0.08235087386570442,0.07952164173361388,0.5046279158659586,0.35563545126124263,-0.3580122334186826
40965,session_046_20260210-100504,20260210-100534,165,nonstop,LANE_CHANGE_L,near_straight_lt5deg,0.13298893850900403,9.638057279799613,1.4656312231841921,0.12675803559478527,0.018177324637459615,1.047188225571499,1.0464425838541187,-0.0395107386959593
40970,session_046_20260210-100504,20260210-100534,170,nonstop,LANE_CHANGE_L,near_straight_lt5deg,0.26295059486567324,9.544633529620944,2.2940606127694316,0.241009460666274,0.0930272317431349,1.4770247716202256,1.4365242698764853,0.3435115689982079
40975,session_046_20260210-100504,20260210-100534,175,nonstop,LANE_CHANGE_L,near_straight_lt5deg,0.25241971649916345,9.453219798105984,3.1839835246629176,0.22379321379227693,0.11135564702967016,1.1185058895732216,1.0635506666094983,0.34628803699301547
40980,session_046_20260210-100504,20260210-100534,180,nonstop,LANE_CHANGE_L,near_straight_lt5deg,0.28788236630154196,9.331239179952126,3.0410220079925514,0.11276136895371144,0.259478792674016,0.776586726873601,0.45203210071687877,0.6314696542809786
40985,session_046_20260210-100504,20260210-100534,185,nonstop,LANE_CHANGE_L,near_straight_lt5deg,0.25310241001327677,9.228398392966957,2.346182630745001,0.030553352670123334,0.25087275680423704,0.562853161985838,0.0611986449897016,0.5595162265822864
40990,session_046_20260210-100504,20260210-100534,190,nonstop,LANE_KEEP,near_straight_lt5deg,0.38428198254761936,9.129915644038213,1.6756594852611293,0.0508046712507044,0.379624630730789,0.6949440054324117,-0.19226511099368987,0.6678183119539535
40995,session_046_20260210-100504,20260210-100534,195,nonstop,LANE_KEEP,near_straight_lt5deg,0.33597271180932686,9.026768067315222,1.3430668344467869,0.009803572696397738,0.3356459628433947,0.12006966703659182,-0.028738534639136143,0.11657967905717187
41000,session_046_20260210-100504,20260210-100534,200,nonstop,LANE_CHANGE_R,near_straight_lt5deg,0.3279079052675054,8.99263835795336,1.2381470537950827,0.014831790945785902,0.32736537511213104,0.3352963865855915,-0.02851629521730884,-0.3340815585518508
41005,session_046_20260210-100504,20260210-100534,205,nonstop,LANE_CHANGE_R,near_straight_lt5deg,0.28666949644545253,8.920916384070166,1.0553649941265884,0.06404111581074606,0.26868378747766497,0.9521997164250752,-0.14635261117146786,-0.9408853347583258
41010,session_046_20260210-100504,20260210-100534,210,nonstop,LANE_CHANGE_R,near_straight_lt5deg,0.35858041164107946,9.085182268968548,0.8995487135832231,0.03353300000717045,0.3540523531548342,2.0067720783167413,0.23315016839419694,-1.9931821726298506
41015,session_046_20260210-100504,20260210-100534,215,nonstop,LANE_CHANGE_R,near_straight_lt5deg,0.41708496785889104,9.548648307936213,0.890563153243064,0.18294721015039656,0.3705639202008205,1.8960374452948896,0.8395647771556113,-1.7000261700691612
41020,session_046_20260210-100504,20260210-100534,220,nonstop,LANE_CHANGE_R,near_straight_lt5deg,0.39067952594420197,10.111682491070372,1.3254080206909062,0.2859586782538629,0.2615549031144342,1.4466845887603523,1.0772076617802078,-0.9656707268829927
41025,session_046_20260210-100504,20260210-100534,225,nonstop,LANE_CHANGE_R,near_straight_lt5deg,0.3389793874609617,10.621677665429779,1.7708059640569807,0.21261816634951694,0.2610935907942081,0.7528161418229595,0.5846354321397736,-0.47427160454316303
41030,session_046_20260210-100504,20260210-100534,230,nonstop,LANE_CHANGE_R,near_straight_lt5deg,0.22799402306590572,11.069077507128867,4.005921460836941,0.10094790061171866,0.20280305435049803,0.1256457579181215,-0.09495256364521416,-0.08228527899947075
41035,session_046_20260210-100504,20260210-100534,235,nonstop,LANE_CHANGE_R,gentle_bend_5to15deg,0.17406298052382105,11.407030520399939,6.32938317988498,0.1073311296482781,0.12420272604851525,0.8505753885010972,-0.7719461291920864,0.35718015783235685
41040,session_046_20260210-100504,20260210-100534,240,nonstop,LANE_CHANGE_R,gentle_bend_5to15deg,0.19614594531075508,11.543727354492997,8.005465902448856,0.14164072030670252,0.12732693969566397,1.1324828970884533,-0.988772678902581,0.5521287002626016
41045,session_046_20260210-100504,20260210-100534,245,nonstop,LANE_CHANGE_R,gentle_bend_5to15deg,0.2347218480809578,11.575859694326063,8.890750928410432,0.2145224147494444,0.07071068640185452,1.2955093859492477,-1.2490950895019182,0.34366557358104977
41050,session_046_20260210-100504,20260210-100534,250,nonstop,LANE_CHANGE_R,gentle_bend_5to15deg,0.1880250296225185,11.470556670481027,9.280250542583529,0.15492596986718268,0.1010624373648753,0.87342747538417,-0.7621950914756055,0.42653745121203374
41055,session_046_20260210-100504,20260210-100534,255,nonstop,LANE_CHANGE_R,gentle_bend_5to15deg,0.13309133855831973,11.408453876731558,8.472895826155561,0.12475767970300344,0.03371268190616941,0.5030990383030272,-0.4977266115096227,0.07332709278690865
41060,session_046_20260210-100504,20260210-100534,260,nonstop,LANE_KEEP,gentle_bend_5to15deg,0.07135925002489343,11.322809018298322,7.194981741762278,0.06076014053327973,0.03237969324682334,0.2807349347019108,-0.2188866982569145,0.17578599741808953
41065,session_046_20260210-100504,20260210-100534,265,nonstop,LANE_KEEP,gentle_bend_5to15deg,0.09511632686251686,11.264448659023733,6.271198435829304,0.0944199781031886,0.009206329542961465,0.39257939306545575,0.3924383950728298,-0.010520738201435412
41070,session_046_20260210-100504,20260210-100534,270,nonstop,LANE_KEEP,gentle_bend_5to15deg,0.040517997276299976,11.161833580745906,5.212824711913337,0.023065414740078886,0.027217083663593024,0.03158778705520219,0.02151570574630272,-0.023127098764940558
41075,session_046_20260210-100504,20260210-100534,275,nonstop,LANE_KEEP,near_straight_lt5deg,0.043938889302437015,11.062444707570817,4.324088311008715,0.021416072183585398,0.03434819382339999,0.17163993234503766,0.14634254523787502,-0.08968905077382416
41080,session_046_20260210-100504,20260210-100534,280,nonstop,LANE_KEEP,near_straight_lt5deg,0.0733622965097147,11.002274868158437,3.5024104165195284,0.05122729234170957,0.05165782472778553,0.26932421055303696,0.22131552885872255,-0.1534762752870962
41085,session_046_20260210-100504,20260210-100534,285,nonstop,LANE_KEEP,near_straight_lt5deg,0.05476255267437059,10.97772305610095,2.7066282005746136,0.03987348821394225,0.034548864190216105,0.2349341136481775,0.2073859766860395,-0.11038611520310095
41090,session_046_20260210-100504,20260210-100534,290,nonstop,LANE_KEEP,near_straight_lt5deg,0.05579981536544802,10.94817987793714,1.7444034375127724,0.0439340164030775,0.029494469528642972,0.28296957071177464,0.2763497789848517,-0.060848809387116905
41095,session_046_20260210-100504,20260210-100534,295,nonstop,LANE_KEEP,near_straight_lt5deg,0.10161559920731769,10.977869831366897,0.9389992501445829,0.06790832313016423,0.06660253969156249,0.4403081008745735,0.4195000788820473,-0.13375689706975732
41130,session_046_20260210-100504,20260210-100614,30,nonstop,LANE_KEEP,near_straight_lt5deg,0.09191993082091483,9.875342387922501,1.6400407752157875,0.012365559412625198,0.09043096793512369,0.10049760619273383,-0.041516107358269314,0.0915214820699844
41135,session_046_20260210-100504,20260210-100614,35,nonstop,LANE_KEEP,near_straight_lt5deg,0.06215055285769678,9.773403672766943,1.7067169422295163,0.012727654447319521,0.06074265710893072,0.2710069462078703,0.04857660230710789,-0.26661785124258386
41140,session_046_20260210-100504,20260210-100614,40,nonstop,LANE_KEEP,near_straight_lt5deg,0.0298814219272679,9.688592714076696,1.7228562659679152,0.024186538442390562,0.015343961230314857,0.08564395603472733,0.060824392159271115,-0.060293287551215054
41145,session_046_20260210-100504,20260210-100614,45,nonstop,LANE_KEEP,near_straight_lt5deg,0.03177048105902957,9.553911593449296,1.8004355810917523,0.027893778717415576,0.011206084557765986,0.08502514441202934,0.08474012913418384,0.006955982792409042
41150,session_046_20260210-100504,20260210-100614,50,nonstop,LANE_KEEP,near_straight_lt5deg,0.04478406141106592,9.405753297652073,1.7539659653240913,0.020697957407106293,0.03111763924629163,0.10836353872511646,0.10537312947602472,0.025281616037325365
41155,session_046_20260210-100504,20260210-100614,55,nonstop,LANE_KEEP,near_straight_lt5deg,0.03146205447199047,9.292233205336261,1.7720439959129028,0.015067164133791767,0.026973723407286463,0.07963854837870522,0.02666514215088925,0.07504177890975296
41160,session_046_20260210-100504,20260210-100614,60,nonstop,LANE_KEEP,near_straight_lt5deg,0.12547011686974938,9.144484183300964,1.7295493528420136,0.014091297490972196,0.12446986243575313,0.17202451285508685,-0.027794399460993168,0.16976426120250598
41165,session_046_20260210-100504,20260210-100614,65,nonstop,LANE_KEEP,near_straight_lt5deg,0.07539039106218019,9.00650969256769,1.743438952888645,0.04135643123643548,0.06211511273733385,0.14668838605681897,0.11146759300709087,-0.09535438276849106
41170,session_046_20260210-100504,20260210-100614,70,nonstop,LANE_KEEP,near_straight_lt5deg,0.07602884679956583,8.845572625917958,1.727554461886524,0.007858483128832717,0.0752723398796292,0.24345691896597313,0.011384931167007442,-0.24319057287388202
41175,session_046_20260210-100504,20260210-100614,75,nonstop,LANE_KEEP,near_straight_lt5deg,0.0807902379746376,8.663483697028463,1.6429929536124563,0.03430432889732638,0.0706481662275372,0.41735911758776406,0.08110208720974404,-0.4094033273971526
41180,session_046_20260210-100504,20260210-100614,80,nonstop,LANE_KEEP,near_straight_lt5deg,0.12574127419175007,8.501052974278863,1.5808223928891554,0.009843226960403864,0.12436978104587143,0.6841878976636804,-0.011298858348717728,-0.684094595147091
41185,session_046_20260210-100504,20260210-100614,85,nonstop,LANE_KEEP,near_straight_lt5deg,0.24920091263763447,8.41873651521231,1.525369978449947,0.03342436669685752,0.24576388077195196,0.8115259763919006,0.03554369677473772,-0.8107472207651489
41190,session_046_20260210-100504,20260210-100614,90,nonstop,LANE_KEEP,near_straight_lt5deg,0.19538390448117543,8.50809073601128,1.490344304019224,0.04250387506933954,0.1889987750297795,0.5358483482705325,-0.2394065676974118,-0.4793933121014544
41195,session_046_20260210-100504,20260210-100614,95,nonstop,LANE_KEEP,near_straight_lt5deg,0.06615512056980496,8.453725057792424,1.4512071238578796,0.03993489747639861,0.05198019492714154,0.4459548547235058,-0.23370134341363125,0.37981497408360193
41200,session_046_20260210-100504,20260210-100614,100,nonstop,LANE_KEEP,near_straight_lt5deg,0.07738137923996298,8.374123013668335,1.340299200803089,0.04521094135285163,0.05317496298827176,0.24614062141198628,-0.24216350576809412,-0.044068605414569126
41205,session_046_20260210-100504,20260210-100614,105,nonstop,LANE_KEEP,near_straight_lt5deg,0.055246797577616955,8.258315426634823,1.2664632640666795,0.04315596462530273,0.03266264192166793,0.30375326713830586,-0.2359334791263782,0.19131503005388223
41210,session_046_20260210-100504,20260210-100614,110,nonstop,LANE_KEEP,near_straight_lt5deg,0.09503527610644454,8.099496242340987,1.3251421391259022,0.04341197507497384,0.08103733132476648,0.41957966992261797,-0.23892673028204067,0.34490740347099835
41215,session_046_20260210-100504,20260210-100614,115,nonstop,LANE_KEEP,near_straight_lt5deg,0.09355611578970148,7.927699922729485,1.3432524427553099,0.03276500623177898,0.08007771813187463,0.18328513294751575,-0.17875878716216803,0.04048130397972915
41220,session_046_20260210-100504,20260210-100614,120,nonstop,LANE_KEEP,near_straight_lt5deg,0.1170046599915562,7.730561189822267,1.5887459424838448,0.05483139506365926,0.09021889026577304,0.272883687658545,-0.24351994459987272,-0.12314034096185235
41225,session_046_20260210-100504,20260210-100614,125,nonstop,LANE_KEEP,near_straight_lt5deg,0.08036048255246653,7.524951499869214,1.852703732728494,0.05436057557020904,0.05399123135331587,0.35762790697845115,-0.2115499350081964,-0.28834761113596136
41230,session_046_20260210-100504,20260210-100614,130,nonstop,LANE_KEEP,near_straight_lt5deg,0.1590440609061261,7.427700684258243,2.1781316192605504,0.049688968514256956,0.15045933322619373,0.6082098448640347,-0.1439292543317671,-0.5909345015625967
41235,session_046_20260210-100504,20260210-100614,135,nonstop,LANE_KEEP,near_straight_lt5deg,0.08896202578070549,7.414592847773227,2.2901683583349417,0.010351257630934212,0.08812601628700574,0.23833168051039927,0.06257130887861218,-0.2299713487374641
41240,session_046_20260210-100504,20260210-100614,140,nonstop,LANE_KEEP,near_straight_lt5deg,0.06590803218676286,7.383025860830181,2.2832016106495208,0.008114765205344793,0.06524793292927518,0.23319404623606999,-0.010624647623698939,0.23295188357861063
41245,session_046_20260210-100504,20260210-100614,145,nonstop,LANE_KEEP,near_straight_lt5deg,0.07949743696933789,7.32117912564273,2.1679534857860676,0.01354721801073688,0.07831308232605383,0.2766141321579412,0.048146831742744506,0.27239174125260623
41250,session_046_20260210-100504,20260210-100614,150,nonstop,LANE_KEEP,near_straight_lt5deg,0.0760321994607062,7.237291514887673,1.9675725895205263,0.004373052893072104,0.07579913437844663,0.34693899051207094,0.0033719445399263102,0.3469226039443877
41255,session_046_20260210-100504,20260210-100614,155,nonstop,LANE_KEEP,near_straight_lt5deg,0.15059188801409745,7.097855841061416,1.7337304420328303,0.017775294372778888,0.14947899049843325,0.4299061078294162,-0.0691566781338363,0.42430721820224854
41260,session_046_20260210-100504,20260210-100614,160,nonstop,LANE_KEEP,near_straight_lt5deg,0.1284906911184935,6.91690400904224,1.5761545846995126,0.0026151295329120746,0.12845339949368925,0.25087081406666767,0.012187146199348587,0.25057461726597174
41265,session_046_20260210-100504,20260210-100614,165,nonstop,LANE_KEEP,near_straight_lt5deg,0.10745163419936239,6.814993191832526,1.4937177072678398,0.0044572794002517065,0.10731401810005459,0.21867779538443802,-0.0057048276302768385,-0.21860336945231879
41270,session_046_20260210-100504,20260210-100614,170,nonstop,LANE_KEEP,near_straight_lt5deg,0.1563575634066256,6.674595496623783,1.3605520907753788,0.0231228528562296,0.15101258584545413,0.12756266950749778,0.11366000951893115,0.057910593918864134
41275,session_046_20260210-100504,20260210-100614,175,nonstop,LANE_KEEP,near_straight_lt5deg,0.1518422769857232,6.53567246594976,1.3245884493122633,0.004904202114900915,0.15129979661453485,0.06858234204430934,0.03286986002546347,-0.060192274771677136
41280,session_046_20260210-100504,20260210-100614,180,nonstop,LANE_KEEP,near_straight_lt5deg,0.08378438809719409,6.387433205432704,1.3915101939299617,0.058643194466509854,0.05346124934016935,0.36388833929860337,0.26090636819616325,-0.2536584130522455
41285,session_046_20260210-100504,20260210-100614,185,nonstop,LANE_KEEP,near_straight_lt5deg,0.09752389003179163,6.355231840986965,1.3288034737876342,0.012497884657271217,0.09662464906019474,0.5744995536145923,0.09116317179159905,-0.5672204273580609
41290,session_046_20260210-100504,20260210-100614,190,nonstop,LANE_KEEP,near_straight_lt5deg,0.09323894820597028,6.3344343684034055,1.4286261130128135,0.08107897488746085,0.04480024626026152,0.37322434930919046,0.30484095314535087,-0.21533324918066557
41295,session_046_20260210-100504,20260210-100614,195,nonstop,LANE_KEEP,near_straight_lt5deg,0.0957325755725699,6.36937917460656,1.5687161544095527,0.09366018054492123,0.014999867996616206,0.4025827975865854,0.37196826028914204,-0.15398870819027832
41300,session_046_20260210-100504,20260210-100614,200,nonstop,LANE_KEEP,near_straight_lt5deg,0.032624234921092024,6.389682949578101,1.5450687390177151,0.022156752756203647,0.022255952578378785,0.052834477644188194,-0.04224124790746606,-0.03173576851368526
41305,session_046_20260210-100504,20260210-100614,205,nonstop,LANE_KEEP,near_straight_lt5deg,0.0889241615427501,6.376378243714084,1.47604362249884,0.08705625641304658,0.015398093283759903,0.3465271259475537,-0.32398093015165336,0.12295286054232848
41310,session_046_20260210-100504,20260210-100614,210,nonstop,LANE_KEEP,near_straight_lt5deg,0.08214270557270395,6.424735399451834,1.416209699366813,0.053520312176164556,0.06071217343715729,0.11610895686107772,-0.0950058419309761,0.06674713373886547
41315,session_046_20260210-100504,20260210-100614,215,nonstop,LANE_KEEP,near_straight_lt5deg,0.14402734491982316,6.5068590651009774,1.358318562137511,0.10573275015976882,0.09362041687874165,0.5418863319129276,-0.32612040952976784,0.4327658433866795
41320,session_046_20260210-100504,20260210-100614,220,nonstop,LANE_KEEP,near_straight_lt5deg,0.20014484982836767,6.69642692668405,1.3508814540580074,0.04151449439038855,0.19288125339308232,0.7834845217268596,-0.0722443494687178,0.780146620678067
41325,session_046_20260210-100504,20260210-100614,225,nonstop,LANE_KEEP,near_straight_lt5deg,0.4324148220288984,6.741935988515625,1.3494874423275014,0.046066709178912466,0.42843568401789356,1.37608598057255,-0.1387735763253435,1.3690706776650323
41330,session_046_20260210-100504,20260210-100614,230,nonstop,LANE_KEEP,near_straight_lt5deg,0.43730611921731677,6.589998195930879,1.3531319524368555,0.03936345102039044,0.4344250168692881,0.7042439931400876,-0.20448882959968082,0.6739020110096484
41335,session_046_20260210-100504,20260210-100614,235,nonstop,LANE_KEEP,near_straight_lt5deg,0.2324730289805364,6.564163504713248,1.3834315259003527,0.04373626992263826,0.2246206858262908,0.9011395804643164,-0.23940937385321767,-0.8687552562089131
41340,session_046_20260210-100504,20260210-100614,240,nonstop,LANE_KEEP,near_straight_lt5deg,0.21765711868956894,6.771717117929402,1.3679033375653051,0.019690574247801566,0.21627957539278447,1.3660607254827866,-0.08347752200976773,-1.3635077590632427
41345,session_046_20260210-100504,20260210-100614,245,nonstop,LANE_KEEP,near_straight_lt5deg,0.24898077156470574,7.136983789614756,1.382011002776542,0.0440199914606764,0.23946471547781178,1.5296346096515234,-0.18321834151338262,-1.5186220986067778
41350,session_046_20260210-100504,20260210-100614,250,nonstop,LANE_KEEP,near_straight_lt5deg,0.3930378321463238,7.795010589666805,1.4322228687341472,0.0558303625759088,0.3890128075437372,1.6048282602253654,-0.25594929861428356,-1.5842864959838638
41355,session_046_20260210-100504,20260210-100614,255,nonstop,LANE_KEEP,near_straight_lt5deg,0.2814295991570276,8.489292345443685,1.7503797061991933,0.0222278607762867,0.28001598578214804,0.7008178667232053,-0.12126741201674143,-0.6902462583029525
41360,session_046_20260210-100504,20260210-100614,260,nonstop,LANE_KEEP,near_straight_lt5deg,0.237753477934171,9.172131591677498,2.0331157938973865,0.012122304674366506,0.23724282305142583,0.43457517967891074,-0.04980973735898762,-0.43171121928574685
41365,session_046_20260210-100504,20260210-100614,265,nonstop,LANE_KEEP,near_straight_lt5deg,0.12270339421940463,9.738815779305366,2.3040822318781506,0.011242609510332985,0.12093672980185383,0.13281452266106447,0.040134251457298306,0.1266054473142793
41370,session_046_20260210-100504,20260210-100614,270,nonstop,LANE_KEEP,near_straight_lt5deg,0.05788049608734385,10.215054282289252,2.3529903905644494,0.010794149863710535,0.05490460603243034,0.25641058305752495,-0.007136396440637261,0.25631125404426147
41375,session_046_20260210-100504,20260210-100614,275,nonstop,LANE_KEEP,near_straight_lt5deg,0.1357698283288682,10.5552183486902,2.3616082934474107,0.0057697570535940245,0.13551410131855188,0.458477639119391,-0.053783167555127895,0.45531210884428225
41380,session_046_20260210-100504,20260210-100614,280,nonstop,LANE_KEEP,near_straight_lt5deg,0.15944149586175488,10.769618541788299,2.2882159181206867,0.0154466038711783,0.15825477385753853,0.3634245848949771,-0.08808833768339902,0.3525873986265844
41385,session_046_20260210-100504,20260210-100614,285,nonstop,LANE_KEEP,near_straight_lt5deg,0.08954757256448184,10.94093801895467,2.164769668735484,0.012443719654106473,0.0866829922746854,0.10997328685263237,-0.08493442072554364,0.06985891494424824
41390,session_046_20260210-100504,20260210-100614,290,nonstop,LANE_KEEP,near_straight_lt5deg,0.09083534401573924,11.072062612704595,1.9272928636939795,0.029731287637330652,0.0795256134484973,0.13771363784955165,-0.13767543667043047,0.003243483831277238
41395,session_046_20260210-100504,20260210-100614,295,nonstop,LANE_KEEP,near_straight_lt5deg,0.038254089390158404,11.2340016365093,1.8339552463949869,0.0176153467365556,0.03157217530536479,0.21976459527275644,-0.04719419792544737,-0.214637333699364
41430,session_046_20260210-100504,20260210-100644,30,nonstop,LANE_KEEP,near_straight_lt5deg,0.07857506072900035,12.09888290468812,1.498873855241031,0.041841950410014095,0.061475828009073016,0.2065398915999998,-0.16171952504784784,0.12847381850181844
41435,session_046_20260210-100504,20260210-100644,35,nonstop,LANE_KEEP,near_straight_lt5deg,0.08821032158376962,12.106959281272239,1.4415611127105998,0.05600505342856135,0.06475954101739821,0.19303343033283205,-0.1762828443904377,0.07865280668658337
41440,session_046_20260210-100504,20260210-100644,40,nonstop,LANE_KEEP,near_straight_lt5deg,0.09176196025142841,12.09878433709837,1.3642060306147181,0.03512906248747092,0.08067821219228533,0.36052190485286967,-0.1334851696419809,0.33489961684718783
41445,session_046_20260210-100504,20260210-100644,45,nonstop,LANE_KEEP,near_straight_lt5deg,0.10751455523393479,12.084347396604215,1.363077690484885,0.04704087920024459,0.0922768172037572,0.5301183900491641,-0.15134352499555473,0.5080557498053119
41450,session_046_20260210-100504,20260210-100644,50,nonstop,LANE_KEEP,near_straight_lt5deg,0.1888416238744063,11.982710877397782,1.3812713499856852,0.012156646950477627,0.18770097515921327,0.7764040754643134,0.016976647400532615,0.776218449819787
41455,session_046_20260210-100504,20260210-100644,55,nonstop,LANE_KEEP,near_straight_lt5deg,0.26111495752020963,11.773956261769545,1.3470648539092305,0.006907933231091503,0.2609447835386522,0.7467648298022673,0.012149420895682706,0.7466659913251097
41460,session_046_20260210-100504,20260210-100644,60,nonstop,LANE_KEEP,near_straight_lt5deg,0.15964583640078306,11.588291672813531,1.3819880066801182,0.013155626117917842,0.15884507316737112,0.2195769581750189,-0.056901918167668715,0.21207595872760762
41465,session_046_20260210-100504,20260210-100644,65,nonstop,LANE_KEEP,near_straight_lt5deg,0.09630920441779214,11.374222691375687,1.4247607998051337,0.006381159810213326,0.09547303216704489,0.02691966478390154,0.021540429951722305,-0.01614553280547203
41470,session_046_20260210-100504,20260210-100644,70,nonstop,LANE_KEEP,near_straight_lt5deg,0.07235053355231241,11.223307853653479,1.4723129284618977,0.0192366733962496,0.06943209913191822,0.4817149656796926,0.09957328222693948,-0.4713114359172093
41475,session_046_20260210-100504,20260210-100644,75,nonstop,LANE_KEEP,near_straight_lt5deg,0.16535258871646874,11.21268971820142,1.590753051442915,0.051509099090530225,0.15593618780711696,0.6716661786189689,0.18205308710236232,-0.6465231078446526
41480,session_046_20260210-100504,20260210-100644,80,nonstop,LANE_KEEP,near_straight_lt5deg,0.11173255605739996,11.243561189020726,1.4237471213170072,0.019377518832726457,0.10903774046700887,0.21996458364665983,0.005783154162142517,-0.2198885471933118
41485,session_046_20260210-100504,20260210-100644,85,nonstop,LANE_KEEP,near_straight_lt5deg,0.11736709700086005,11.383704442426147,1.4141756815337734,0.04037356568188879,0.10864366201771665,0.10888009249537008,-0.0906394049399082,-0.06032721453821392
41490,session_046_20260210-100504,20260210-100644,90,nonstop,LANE_KEEP,near_straight_lt5deg,0.06277799233077136,11.445476437738996,1.3880379189789824,0.04246088675318159,0.043054988965514476,0.26854662466906387,-0.1108514110751368,0.2446001927305007
41495,session_046_20260210-100504,20260210-100644,95,nonstop,LANE_KEEP,near_straight_lt5deg,0.042810947403328206,11.487667409718803,1.3558213878748664,0.013829123464664878,0.04011315210943621,0.16106670587758265,-0.08612150138002259,0.13610867254626535
41500,session_046_20260210-100504,20260210-100644,100,nonstop,LANE_KEEP,near_straight_lt5deg,0.05071291177119169,11.472615825848548,1.310756354276792,0.03865222991385538,0.03099345431027419,0.2801907942744008,-0.25370769028413,0.11890874268451226
41505,session_046_20260210-100504,20260210-100644,105,nonstop,LANE_KEEP,near_straight_lt5deg,0.05250150110874671,11.414517693153545,1.2789546919079207,0.04216811038326948,0.019455751548941264,0.24822698582485372,-0.24553136845120824,0.03648264790512261
41510,session_046_20260210-100504,20260210-100644,110,nonstop,LANE_KEEP,near_straight_lt5deg,0.05101125408463163,11.41588859152677,1.253102655208195,0.03983381958400468,0.027256319693018047,0.2253361153918199,-0.13172324059075244,-0.1828260178096825
41515,session_046_20260210-100504,20260210-100644,115,nonstop,LANE_KEEP,near_straight_lt5deg,0.08309250618629864,11.292200421518448,1.150812570431912,0.04677731327232165,0.06763928967591268,0.28011394681163326,-0.11493960713488897,0.25544609981377264
41520,session_046_20260210-100504,20260210-100644,120,nonstop,LANE_KEEP,near_straight_lt5deg,0.08413996433651111,11.226084463772304,1.2162976349164705,0.024357185092072648,0.07986858201814766,0.17075014711860512,-0.010848036129049535,-0.17040520195454165
41525,session_046_20260210-100504,20260210-100644,125,nonstop,LANE_KEEP,near_straight_lt5deg,0.08358616417670364,11.182283687974667,1.6655926579736944,0.016845169644272427,0.08042040370088369,0.1054144597935089,0.0722667006795779,-0.07674459138236128
41530,session_046_20260210-100504,20260210-100644,130,nonstop,LANE_KEEP,near_straight_lt5deg,0.06896927034521864,11.117524825961466,2.1529924625539585,0.05557456393490356,0.03247667615524691,0.2558930989810455,0.255258456598681,0.018011064404482448
41535,session_046_20260210-100504,20260210-100644,135,nonstop,LANE_KEEP,near_straight_lt5deg,0.07208454126081887,11.091138148979802,2.373718173415034,0.05398899208150767,0.039923347788096517,0.3463181279506722,0.21992256587572603,0.2675262805144479
41540,session_046_20260210-100504,20260210-100644,140,nonstop,LANE_KEEP,near_straight_lt5deg,0.10319736606077104,10.884187423736654,2.3471000815149003,0.023698831685135934,0.09939043348788469,0.7163233796898205,0.1560695505547334,0.6991147829075639
41545,session_046_20260210-100504,20260210-100644,145,nonstop,LANE_KEEP,near_straight_lt5deg,0.08447972865752114,10.825972839944257,2.855567659465128,0.03813143612298593,0.07189734345159915,0.2380109366176805,0.19230146616870133,-0.14024746721061793
41550,session_046_20260210-100504,20260210-100644,150,nonstop,LANE_KEEP,near_straight_lt5deg,0.06755375617214852,10.621674078830914,3.2621954242216775,0.04543492209003448,0.04704239567740563,0.504248234029358,0.34480333256825,0.36793605880853136
41555,session_046_20260210-100504,20260210-100644,155,nonstop,LANE_KEEP,near_straight_lt5deg,0.09914879666002777,10.464831760969385,3.431709929696639,0.052130764977201594,0.07162565312497006,0.36711252238715875,0.3584626334392859,-0.0792221214133669
41560,session_046_20260210-100504,20260210-100644,160,nonstop,LANE_KEEP,near_straight_lt5deg,0.13780529901286248,10.314730481992775,3.746082859462564,0.09473805374078603,0.07204265060883903,0.5113560863615184,0.5083677030443661,0.05520258653689931
41565,session_046_20260210-100504,20260210-100644,165,nonstop,LANE_KEEP,near_straight_lt5deg,0.14472268484007406,10.184578002862247,4.116019513932841,0.12236970896933894,0.048507238786596234,0.5939697596304433,0.5781447426329869,0.1361937293757825
41570,session_046_20260210-100504,20260210-100644,170,nonstop,LANE_CHANGE_R,near_straight_lt5deg,0.11334108769256851,9.987436051098445,4.161401598988328,0.09068716573814303,0.06025189868581435,0.5836186035457946,0.47295099349843134,0.34194741138600565
41575,session_046_20260210-100504,20260210-100644,175,nonstop,LANE_CHANGE_R,near_straight_lt5deg,0.040350712778787226,9.667588607695931,4.085655720994799,0.032259718550059754,0.016454246624282538,0.23106141981010894,0.2275969425094435,0.039862406914490986
41580,session_046_20260210-100504,20260210-100644,180,nonstop,LANE_CHANGE_R,near_straight_lt5deg,0.14428336496550437,9.529006349999682,4.040292431223874,0.0457030623325576,0.13441338781738335,0.48388979445172053,0.24804091371983522,-0.4154816942965811
41585,session_046_20260210-100504,20260210-100644,185,nonstop,LANE_CHANGE_R,near_straight_lt5deg,0.057176535955498056,9.311726154924612,3.8538238013658286,0.02648917838693443,0.04312568794873903,0.2576600756859906,0.09442536603623172,0.23973436310098317
41590,session_046_20260210-100504,20260210-100644,190,nonstop,LANE_CHANGE_R,near_straight_lt5deg,0.024077546408310863,9.08647229111497,3.528847580648717,0.012011987541064712,0.01959981093769954,0.12035981413634286,0.03504114551933201,0.11514600722399367
41595,session_046_20260210-100504,20260210-100644,195,nonstop,LANE_CHANGE_R,near_straight_lt5deg,0.09984892551592513,8.854424686509093,2.9625301597388125,0.03419605178165077,0.0875051778910961,0.1860055407705838,0.13661695046706723,0.12622943413656026
41600,session_046_20260210-100504,20260210-100644,200,nonstop,LANE_CHANGE_R,near_straight_lt5deg,0.07251038132287699,8.64920576183767,2.357251195374722,0.018043850626994196,0.06468986167577884,0.3693914324131932,0.001252791228597453,0.3693893079860437
41605,session_046_20260210-100504,20260210-100644,205,nonstop,LANE_CHANGE_R,near_straight_lt5deg,0.13450221487934202,8.30831831811697,1.9132253663778236,0.03739999127928543,0.12616168576797993,0.6376714809203854,0.024119653219289328,0.637215159822629
41610,session_046_20260210-100504,20260210-100644,210,nonstop,LANE_CHANGE_R,near_straight_lt5deg,0.0708942924697556,7.970979910768688,1.6829154577613028,0.027975805171690533,0.060687591620341805,0.30170752420872887,-0.2400328311926207,0.18278859404737371
41615,session_046_20260210-100504,20260210-100644,215,nonstop,LANE_CHANGE_R,near_straight_lt5deg,0.1347171800916917,7.569419821293212,2.6910986279226305,0.06036880799509578,0.09662898954613912,0.44867675234854165,-0.42790429317585027,-0.13493977908574845
41620,session_046_20260210-100504,20260210-100644,220,nonstop,LANE_CHANGE_R,near_straight_lt5deg,0.16152919442655425,7.193983949554571,3.6475162485298185,0.1023756049263071,0.12036439675118002,0.7870789484548237,-0.5150636698506712,-0.5951492981603103
41625,session_046_20260210-100504,20260210-100644,225,nonstop,LANE_CHANGE_R,near_straight_lt5deg,0.17030202072884643,6.926291485126353,3.389627045020954,0.07763490096806244,0.15011535392904213,0.5644485327687483,-0.34383978748711236,-0.4476341661285588
41630,session_046_20260210-100504,20260210-100644,230,nonstop,TURN_RIGHT,near_straight_lt5deg,0.09190708554419516,6.70121033870565,2.364470630459361,0.035261594753340356,0.08109973809449403,0.26231200832627727,-0.11296960919342702,0.23673921751760799
41635,session_046_20260210-100504,20260210-100644,235,nonstop,TURN_RIGHT,near_straight_lt5deg,0.13458350713130585,6.458406349577322,1.220217519291572,0.03574416301191904,0.12831418182230736,0.6401622275481608,0.16182089577764575,0.619372000714549
41640,session_046_20260210-100504,20260210-100644,240,nonstop,TURN_RIGHT,gentle_bend_5to15deg,0.23612843843717607,6.2276428860333155,6.941011216856626,0.060774481681411543,0.21987098256224222,1.0592716883076032,0.6485833357485564,0.83749397982273
41645,session_046_20260210-100504,20260210-100644,245,nonstop,TURN_RIGHT,right_bend_ge15deg,0.5319927791121715,5.76024018823166,15.358635403130384,0.15331236576121096,0.4778182003678687,1.5377254630761918,1.3179139714573929,0.7922766963821988
41650,session_046_20260210-100504,20260210-100644,250,nonstop,TURN_RIGHT,right_bend_ge15deg,0.38237196509343385,5.038302996117547,24.858451304522564,0.11180724407092368,0.31733259194309443,1.0584690448462664,1.039610141300086,-0.19891574347894786
41655,session_046_20260210-100504,20260210-100644,255,nonstop,TURN_RIGHT,right_bend_ge15deg,0.31357897770287446,4.530733820180451,34.685957214498835,0.10563397492168632,0.29479768570140824,2.0014920543466306,0.7620717300886756,-1.8507342115529037
41660,session_046_20260210-100504,20260210-100644,260,nonstop,TURN_RIGHT,right_bend_ge15deg,0.2112055393003589,4.370551369906936,44.510953665645765,0.03959188938793044,0.20145588041688867,1.3287548997271637,0.3876573208689386,-1.270949009648169
41665,session_046_20260210-100504,20260210-100644,265,nonstop,TURN_RIGHT,right_bend_ge15deg,0.1278576730730455,4.27573351835287,51.741490198463914,0.059240160200648984,0.10840796026385131,0.6412349990357993,0.08094280768192852,-0.6361057977042875
41670,session_046_20260210-100504,20260210-100644,270,nonstop,TURN_RIGHT,right_bend_ge15deg,0.12448030555799466,4.254870187664092,55.77545831880251,0.08998635053766696,0.07730952536026647,0.8867389088885196,0.7216960529645535,-0.5152287838156819
41675,session_046_20260210-100504,20260210-100644,275,nonstop,TURN_RIGHT,right_bend_ge15deg,0.17077716328959625,4.1928215223004255,58.06249334678364,0.10615012945328273,0.11998303519728803,1.2973570001208974,0.9588858167564294,-0.8738839603666207
41680,session_046_20260210-100504,20260210-100644,280,nonstop,TURN_RIGHT,right_bend_ge15deg,0.4061885087183391,4.253660659864235,59.10195590279352,0.1339547263591288,0.37828284876597496,2.364025807098573,1.1348073855503853,-2.0738443081216005
41685,session_046_20260210-100504,20260210-100644,285,nonstop,TURN_RIGHT,right_bend_ge15deg,0.4023151794321622,4.322593283091846,56.7887072783015,0.20312391969485766,0.34212978155554336,2.531545600297328,1.29153925909294,-2.177303256004183
41690,session_046_20260210-100504,20260210-100644,290,nonstop,TURN_RIGHT,right_bend_ge15deg,0.3233890971802708,4.60523323577541,52.01220258093285,0.05627119917003487,0.31447171767786464,1.824245155241128,0.44057417370038,-1.7702442723785197
41695,session_046_20260210-100504,20260210-100644,295,nonstop,TURN_RIGHT,right_bend_ge15deg,0.25905942445441066,5.054216588293115,46.03550255447223,0.10909960159176148,0.23087414337710002,1.6052387178661316,0.8641764600187488,-1.35277137288086
41730,session_046_20260210-100504,20260210-100754,30,nonstop,LANE_KEEP,near_straight_lt5deg,0.07977974882845945,13.46861660800994,1.5114354060923543,0.06641352240383268,0.042182787592350626,0.11547764376256685,0.09611879518980487,0.06400205793734008
41735,session_046_20260210-100504,20260210-100754,35,nonstop,LANE_KEEP,near_straight_lt5deg,0.04096497454485927,13.508523795087221,1.4994494586610039,0.0346195342263469,0.01312208881111245,0.067883691415919,-0.007815435976653249,-0.06743229582882782
41740,session_046_20260210-100504,20260210-100754,40,nonstop,LANE_KEEP,near_straight_lt5deg,0.065270410053835,13.578871057803852,1.4440707918158813,0.02724936632610896,0.05708317876835033,0.4665955332393361,-0.18002696106377689,-0.43046682210019604
41745,session_046_20260210-100504,20260210-100754,45,nonstop,LANE_KEEP,near_straight_lt5deg,0.135833541669889,13.677026895760081,1.392309692148275,0.08230266669899401,0.0996429180622106,0.3930393444872263,-0.3004946716899885,-0.2533434005473097
41750,session_046_20260210-100504,20260210-100754,50,nonstop,LANE_KEEP,near_straight_lt5deg,0.13410182124251502,13.727746536627565,1.258370817567334,0.08533274556896067,0.0912526279379709,0.3834497302864095,-0.27588522039315244,-0.2663100464221016
41755,session_046_20260210-100504,20260210-100754,55,nonstop,LANE_KEEP,near_straight_lt5deg,0.12636120855087196,13.783143764913873,1.1701058570413567,0.05846978229597879,0.10497091821142675,0.4736827236353762,-0.2075310687382659,-0.425800631961698
41760,session_046_20260210-100504,20260210-100754,60,nonstop,LANE_KEEP,near_straight_lt5deg,0.117507294217748,14.010083650085832,1.514207954205737,0.022207509504563707,0.11523855270407146,0.6398234816809055,-0.1205383080217764,-0.6283666159253875
41765,session_046_20260210-100504,20260210-100754,65,nonstop,LANE_KEEP,near_straight_lt5deg,0.13547378883776048,14.187369293556912,1.735867832254545,0.10086356802832036,0.07529805107753902,0.33012715512223745,0.3298327808494624,-0.013938264820712885
41770,session_046_20260210-100504,20260210-100754,70,nonstop,LANE_KEEP,near_straight_lt5deg,0.08726820492776126,14.30832039378203,1.7165505825628347,0.014244458880025913,0.08550043993501812,0.03278437474139845,-0.02394359917489923,-0.02239462626917917
41775,session_046_20260210-100504,20260210-100754,75,nonstop,LANE_KEEP,near_straight_lt5deg,0.05321865572412442,14.429344286152817,1.6394429053395267,0.04202241024878983,0.028746171957275357,0.19710957257081,-0.11569168996979756,-0.15958576525172805
41780,session_046_20260210-100504,20260210-100754,80,nonstop,LANE_KEEP,near_straight_lt5deg,0.057480921620732914,14.56425443482532,1.6928190509296155,0.04350811108173,0.03501330017356391,0.11469873205244242,-0.1010116102026793,-0.05433648625647371
41785,session_046_20260210-100504,20260210-100754,85,nonstop,LANE_KEEP,near_straight_lt5deg,0.09351334952599266,14.614757638652184,1.624613622005641,0.014609550050903586,0.09166926154203639,0.1489815080065039,0.0618578423164089,0.13553264208983115
41790,session_046_20260210-100504,20260210-100754,90,nonstop,LANE_KEEP,near_straight_lt5deg,0.03818418752177619,14.74882421030845,1.5695313841837684,0.025546385256715296,0.019401909007765915,0.19176731475638292,0.03568290146211676,-0.1884182410280876
41795,session_046_20260210-100504,20260210-100754,95,nonstop,LANE_KEEP,near_straight_lt5deg,0.0432921988477559,14.855858949691374,1.5017490588197804,0.03802082849372827,0.014725538149438697,0.1646505173154451,0.13164216425886358,-0.09889455718838154
41800,session_046_20260210-100504,20260210-100754,100,nonstop,LANE_KEEP,near_straight_lt5deg,0.05626245780566108,14.92472260376404,1.4494166391777372,0.048366596822413406,0.023539335493260934,0.1526549627778112,0.13126281922104488,-0.07793336866091587
41805,session_046_20260210-100504,20260210-100754,105,nonstop,LANE_KEEP,near_straight_lt5deg,0.0837939303100847,15.017199153793978,1.4025408510901634,0.025994140683918608,0.07747407485032563,0.34615980012265685,-0.1073015984173389,-0.3291093651023044
41810,session_046_20260210-100504,20260210-100754,110,nonstop,LANE_KEEP,near_straight_lt5deg,0.08360425548496311,15.128767919273804,1.3096419758091125,0.06888578723689351,0.044103845264453975,0.35147164886320503,-0.29046387769153165,-0.1978965783206446
41815,session_046_20260210-100504,20260210-100754,115,nonstop,LANE_KEEP,near_straight_lt5deg,0.058340222819783884,15.204222422791284,1.1969441870735218,0.040013971691767763,0.03975803800683942,0.16171629444030086,-0.13342003883932854,0.09138519094259277
41820,session_046_20260210-100504,20260210-100754,120,nonstop,LANE_KEEP,near_straight_lt5deg,0.05082555873405535,15.322818117217164,1.1855313057902794,0.03795284850873125,0.03221728995605167,0.2003842546838816,0.16024974464782302,0.12030739322885459
41825,session_046_20260210-100504,20260210-100754,125,nonstop,LANE_KEEP,near_straight_lt5deg,0.12708166141227376,15.364308923125161,1.4176038437606342,0.03640758007965254,0.11970723135057171,0.3050511434704447,0.13021164430776722,0.27586432864597293
41830,session_046_20260210-100504,20260210-100754,130,nonstop,LANE_KEEP,near_straight_lt5deg,0.03819989808629769,15.478905830241809,1.4069230148284784,0.01874016114437061,0.0316729934126314,0.11248667143854074,-0.011110408559499204,-0.11193663418632536
41835,session_046_20260210-100504,20260210-100754,135,nonstop,LANE_KEEP,near_straight_lt5deg,0.1301093427321539,15.562732404838158,1.3677831640631257,0.012528365205920598,0.12893632078149928,0.3065480951914655,-0.08697388650010096,0.29395114854782134
41840,session_046_20260210-100504,20260210-100754,140,nonstop,LANE_KEEP,near_straight_lt5deg,0.13334522960362138,15.575199829175588,1.3328553757995443,0.08165919862454273,0.10393180313287377,0.2835141963254805,-0.20550194867633872,0.19531832635037238
41845,session_046_20260210-100504,20260210-100754,145,nonstop,LANE_KEEP,near_straight_lt5deg,0.07830870139547805,15.67610738103809,1.3281866231537318,0.06438784405216916,0.041394963998177756,0.17010337828445674,-0.07808945872396181,-0.15111980591564975
41850,session_046_20260210-100504,20260210-100754,150,nonstop,LANE_KEEP,near_straight_lt5deg,0.08793647822157355,15.7230025013021,1.5951555911807458,0.04143855368285747,0.07282848923613808,0.22863613201571653,0.20485077209039243,0.10154133166882465
41855,session_046_20260210-100504,20260210-100754,155,nonstop,LANE_KEEP,near_straight_lt5deg,0.14181656774668583,15.790340312377905,2.1251433145761114,0.12173286760492971,0.04767777176592621,0.5248841114902272,0.5248125380371635,-0.008667780216187663
41860,session_046_20260210-100504,20260210-100754,160,nonstop,LANE_KEEP,near_straight_lt5deg,0.110148227282966,15.830471672209098,2.1354371954088456,0.08349640702935043,0.05767949286510179,0.34700852899937573,0.34268760175660784,0.0545905376472438
41865,session_046_20260210-100504,20260210-100754,165,nonstop,LANE_KEEP,near_straight_lt5deg,0.15424029340535308,15.916503180532366,1.9701954199688336,0.10667393125090163,0.10991823635547698,0.5076893720511002,0.39847630990100835,-0.31458723582071163
41870,session_046_20260210-100504,20260210-100754,170,nonstop,LANE_KEEP,near_straight_lt5deg,0.08864728395760993,15.952697202811159,1.8016829963825762,0.04662328810598592,0.07433456378390639,0.28271512211076016,0.16367343822063832,-0.2305186454305528
41875,session_046_20260210-100504,20260210-100754,175,nonstop,LANE_KEEP,near_straight_lt5deg,0.16445047588618575,16.017630404271582,1.6211296594172298,0.07355687193829416,0.1469847254736215,0.3083358398711607,0.14924231392368337,-0.26981052960134605
41880,session_046_20260210-100504,20260210-100754,180,nonstop,LANE_KEEP,near_straight_lt5deg,0.1871579027552136,16.01562515692791,1.4305515293102709,0.015194232640056125,0.18567597505547012,0.026597242971246566,0.02462282884178497,-0.010056323060626447
41885,session_046_20260210-100504,20260210-100754,185,nonstop,LANE_KEEP,near_straight_lt5deg,0.2382276502960601,16.07972341438191,1.3012340888443692,0.009491451252445294,0.23785627827540978,0.3196386392634945,0.008475665795487962,0.31952624743445035
41890,session_046_20260210-100504,20260210-100754,190,nonstop,LANE_KEEP,near_straight_lt5deg,0.23307198301708387,16.115062599320037,1.2664675188497856,0.03658560694731156,0.2228548295652973,0.9283644123731855,-0.06415237918053854,0.9261452123757302
41895,session_046_20260210-100504,20260210-100754,195,nonstop,LANE_KEEP,near_straight_lt5deg,0.27640130227769133,16.009415517730158,1.2537514235613045,0.02543831795507201,0.27422517072548636,1.5593235472722136,0.11613832438945038,1.5549925448971162
41900,session_046_20260210-100504,20260210-100754,200,nonstop,LANE_KEEP,near_straight_lt5deg,0.3438377166832705,15.657391691898324,1.412680153844463,0.03821894564724101,0.3407834137725962,1.3526965864201037,0.12575625484481706,1.346838304801288
41905,session_046_20260210-100504,20260210-100754,205,nonstop,LANE_KEEP,near_straight_lt5deg,0.22383884764432854,15.288089121026415,1.6257906471865529,0.01158823456485156,0.22327466502288035,0.3879852022735728,-0.03876521609709539,0.3860437477854171
41910,session_046_20260210-100504,20260210-100754,210,nonstop,LANE_KEEP,near_straight_lt5deg,0.19402355354822468,14.928103493967827,1.7691916013051556,0.01593964883747398,0.1927653152450031,0.12056336194684156,-0.04663079940290588,0.11118045147853589
41915,session_046_20260210-100504,20260210-100754,215,nonstop,LANE_KEEP,near_straight_lt5deg,0.16065873281358736,14.598362062159687,1.7189916036828603,0.02472896513858952,0.15541570472410426,0.363603877369112,-0.1054819777212837,-0.34796742953020593
41920,session_046_20260210-100504,20260210-100754,220,nonstop,LANE_KEEP,near_straight_lt5deg,0.14468627902861492,14.489932092793959,1.7196745423045803,0.026882798414883845,0.13880147737839746,0.7379879620952989,-0.09634345689041364,-0.7316721742091723
41925,session_046_20260210-100504,20260210-100754,225,nonstop,LANE_KEEP,near_straight_lt5deg,0.07762154514504158,14.545567255402684,1.7449560831704716,0.04428928868250031,0.06093911353685468,0.3597326132237529,-0.18741167465158481,-0.3070576773524458
41930,session_046_20260210-100504,20260210-100754,230,nonstop,LANE_KEEP,near_straight_lt5deg,0.0906395294593423,14.636387087921115,1.8139954556535505,0.04350903747769946,0.07697862143019671,0.1747848387198435,-0.1305699923949746,0.1161947371110154
41935,session_046_20260210-100504,20260210-100754,235,nonstop,LANE_KEEP,near_straight_lt5deg,0.09066938730466136,14.640868106770967,1.7826582032818465,0.02845386222877246,0.08450380336613326,0.11049411466443414,-0.06915954846784489,0.08617369802440263
41940,session_046_20260210-100504,20260210-100754,240,nonstop,LANE_KEEP,near_straight_lt5deg,0.06683523841028995,14.651861456747586,1.8197262903196383,0.04029241688966509,0.04767149667564938,0.27114429940349644,-0.09580500134772744,-0.2536545541002071
41945,session_046_20260210-100504,20260210-100754,245,nonstop,LANE_KEEP,near_straight_lt5deg,0.04646044764506298,14.712083365303588,2.0193988708694497,0.010840117868591627,0.04239792888014833,0.20488897181580432,0.0402227151203008,-0.20090202577397914
41950,session_046_20260210-100504,20260210-100754,250,nonstop,LANE_KEEP,near_straight_lt5deg,0.10929665806235597,14.71019140202797,2.3858881092042825,0.009273520746356196,0.10825463444976319,0.29391813253967786,0.07279802929499303,-0.28476010178109046
41955,session_046_20260210-100504,20260210-100754,255,nonstop,LANE_KEEP,near_straight_lt5deg,0.159634168762778,14.7515480826536,2.4656572153124423,0.02184577831521048,0.15604148063368167,0.2680395270195181,0.13903741382975127,-0.22915886541956315
41960,session_046_20260210-100504,20260210-100754,260,nonstop,LANE_KEEP,near_straight_lt5deg,0.18144420833933844,14.767228955011582,2.377465258836117,0.048926944899517655,0.16793830575891908,0.35570914337774695,0.2143359278868551,0.28388220215330756
41965,session_046_20260210-100504,20260210-100754,265,nonstop,LANE_KEEP,near_straight_lt5deg,0.1657183389308015,14.82020635088535,2.312706088732289,0.050071667732366265,0.14686918966886325,0.7439826467317108,0.035738626789920555,0.743123764384569
41970,session_046_20260210-100504,20260210-100754,270,nonstop,LANE_KEEP,near_straight_lt5deg,0.2785661784416805,14.628278827099704,2.0966235417515064,0.047978223906964386,0.26843404814885197,1.5549832896225386,-0.07071970768871327,1.5533743122472943
41975,session_046_20260210-100504,20260210-100754,275,nonstop,LANE_KEEP,near_straight_lt5deg,0.2562136492788738,14.318736498574836,1.5982150049354082,0.056399564294141766,0.2484464631519344,1.1189575434409378,-0.3835407085390022,1.0511719692404182
41980,session_046_20260210-100504,20260210-100754,280,nonstop,LANE_KEEP,near_straight_lt5deg,0.2030299268159495,13.972302725339492,1.3616721030689736,0.07829491182583682,0.18395043510045908,0.7172753133461764,-0.3996399032391306,0.5956272516220811
41985,session_046_20260210-100504,20260210-100754,285,nonstop,LANE_KEEP,near_straight_lt5deg,0.1591187518433144,13.577045373108858,1.173301541115325,0.09467187700405295,0.11856359560479562,0.44235721692173047,-0.3697575991946591,0.2428152079268115
41990,session_046_20260210-100504,20260210-100754,290,nonstop,LANE_KEEP,near_straight_lt5deg,0.08939759487640975,13.270112888810402,1.1701725878104978,0.05946238709788067,0.05889792514245704,0.3313284811420547,-0.24319759869238478,-0.22501886677822966
41995,session_046_20260210-100504,20260210-100754,295,nonstop,LANE_KEEP,near_straight_lt5deg,0.08415458358402164,13.009243257055298,1.543562082175386,0.034035974997818026,0.07647363217536192,0.12746471723539168,0.010615104847380269,-0.127021941761955
42030,session_046_20260210-100504,20260210-100854,30,nonstop,LANE_KEEP,near_straight_lt5deg,0.42521771715894036,14.983826780982263,1.6521886414053963,0.02787450173235207,0.4242659092801679,0.8101443314104169,-0.036380995981619,-0.8093270419600576
42035,session_046_20260210-100504,20260210-100854,35,nonstop,LANE_KEEP,near_straight_lt5deg,0.4555414922711561,15.072215785869453,1.949971059244013,0.04652591631399393,0.4529353295534236,0.2228413323221448,-0.023854582336710506,-0.2215608681438346
42040,session_046_20260210-100504,20260210-100854,40,nonstop,LANE_KEEP,near_straight_lt5deg,0.43844807796966634,15.133623384234891,2.203228929242619,0.04106852526958879,0.4358746549439935,0.8821031978134907,0.005850892902090964,0.8820837934374685
42045,session_046_20260210-100504,20260210-100854,45,nonstop,LANE_KEEP,near_straight_lt5deg,0.38495265884591623,15.08567463344454,2.2098123597282426,0.019189461150396152,0.38417348190699774,1.6730452811639491,0.006939756334972798,1.6730308881210079
42050,session_046_20260210-100504,20260210-100854,50,nonstop,LANE_KEEP,near_straight_lt5deg,0.40985295547103334,14.641912744455725,2.11130460534215,0.017029918660293523,0.40906809646420966,2.3146110915856726,0.017057850477254152,2.314548235623642
42055,session_046_20260210-100504,20260210-100854,55,nonstop,LANE_KEEP,near_straight_lt5deg,0.29236345102763317,13.894990171943993,1.8244296525663068,0.05134252908447471,0.2822130031573575,1.3333562572756792,-0.1869854017936355,1.3201800514824789
42060,session_046_20260210-100504,20260210-100854,60,nonstop,LANE_KEEP,near_straight_lt5deg,0.10699959115582958,13.062738888439055,1.6277749919905684,0.07426354297925494,0.060333441684603153,0.3192967961845871,-0.3148103104456675,-0.053337721087840295
42065,session_046_20260210-100504,20260210-100854,65,nonstop,LANE_KEEP,near_straight_lt5deg,0.200747704193465,12.430200997672479,1.4597381952796142,0.03755641785559542,0.1956027825719849,0.8614527182003018,-0.21462672576958622,-0.8342878126163149
42070,session_046_20260210-100504,20260210-100854,70,nonstop,LANE_KEEP,near_straight_lt5deg,0.13552552340213123,11.89974414924668,1.3293115404387998,0.10486440765537852,0.08315042713414975,0.5562154178039215,-0.40387071092403565,-0.3824448193668008
42075,session_046_20260210-100504,20260210-100854,75,nonstop,LANE_KEEP,near_straight_lt5deg,0.09347479453043311,11.385140773088889,1.2191276252387164,0.061991194298407826,0.06437658741810168,0.3074562748674172,-0.21274169086198902,-0.22196921841672257
42080,session_046_20260210-100504,20260210-100854,80,nonstop,LANE_KEEP,near_straight_lt5deg,0.07849888890154982,10.847089809923014,1.2588224729471345,0.03914560419395738,0.05570029799817051,0.20743339803518931,-0.20105779713846866,-0.05103309544062241
42085,session_046_20260210-100504,20260210-100854,85,nonstop,LANE_KEEP,near_straight_lt5deg,0.1072639245913171,10.31988860563961,1.3058776462505783,0.0703449615201895,0.07039106677435174,0.34179382084382104,-0.2847767649480963,-0.1890111375361641
42090,session_046_20260210-100504,20260210-100854,90,nonstop,LANE_KEEP,near_straight_lt5deg,0.11069106897130454,9.791557432922838,1.4779661995780267,0.067910732443408,0.07641737604349963,0.20401232596634783,-0.18471286634140446,-0.0866151612256296
42095,session_046_20260210-100504,20260210-100854,95,nonstop,LANE_KEEP,near_straight_lt5deg,0.12194756031880706,9.26183286066208,1.845618593882503,0.05784557177379008,0.10086594152737915,0.3520592702371287,-0.11740893845675275,-0.3319049124830153
42100,session_046_20260210-100504,20260210-100854,100,nonstop,LANE_KEEP,near_straight_lt5deg,0.11583042204002467,8.714049630845283,1.9631231799192639,0.04042752320001806,0.10568230401709448,0.41539388705019115,-0.05243318692624688,-0.4120714043796588
42105,session_046_20260210-100504,20260210-100854,105,nonstop,LANE_KEEP,near_straight_lt5deg,0.10071755766637908,8.100708798298015,2.226064386754921,0.026696996483485537,0.0962201934579883,0.49001402311044556,0.08625151167266307,-0.48236336881967395
42110,session_046_20260210-100504,20260210-100854,110,nonstop,LANE_KEEP,near_straight_lt5deg,0.14814443104343844,7.480646739399646,2.282443183265869,0.03221713855702111,0.14298864584167456,0.6472934638098164,0.10063637181099765,-0.639422512083856
42115,session_046_20260210-100504,20260210-100854,115,nonstop,LANE_KEEP,near_straight_lt5deg,0.13535906884683777,6.686572394717283,1.9239934635593683,0.02875921598404025,0.13012388244369774,0.4003925129575002,-0.031661163104933575,-0.3991387417719116
42120,session_046_20260210-100504,20260210-100854,120,nonstop,LANE_KEEP,near_straight_lt5deg,0.24710881866587248,5.957319062700773,1.5397205311218032,0.04911317928401447,0.2384553851697655,0.7672255089522378,-0.08871740429717974,-0.7620788697777883
42125,session_046_20260210-100504,20260210-100854,125,nonstop,LANE_KEEP,near_straight_lt5deg,0.20120304244374534,5.29085470732186,1.4195828083788558,0.02508027235475686,0.19911921887809333,0.3876810785277762,-0.05885500511745643,0.3831875611513035
42130,session_046_20260210-100504,20260210-100854,130,nonstop,LANE_KEEP,low_motion_or_partial_stop,0.2701763196056297,4.538694344121588,11.601076603691117,0.04661106354718659,0.1772374056258335,1.4562911143374448,,
42135,session_046_20260210-100504,20260210-100854,135,nonstop,LANE_KEEP,low_motion_or_partial_stop,0.3559262756549715,3.615188481899884,11.550979032469433,0.013282308584454436,0.20659131446784904,1.4357020657437367,,
42140,session_046_20260210-100504,20260210-100854,140,nonstop,LANE_KEEP,low_motion_or_partial_stop,0.34088081755180744,2.5498841219557393,11.49705884894253,0.011688569330480974,0.15254403443715941,0.8308103975126573,,
42145,session_046_20260210-100504,20260210-100854,145,nonstop,LANE_KEEP,low_motion_or_partial_stop,0.21661241243346555,1.359676592120128,141.04871775159438,0.004589384783073499,0.08806842021791778,0.35192281335216713,,
42150,session_046_20260210-100504,20260210-100854,150,nonstop,LANE_KEEP,low_motion_or_partial_stop,0.013501848814746994,0.20034290177503944,141.07052938141734,0.0018866777580141413,0.002173314600449403,0.025553614064631462,,
42155,session_046_20260210-100504,20260210-100854,155,nonstop,LANE_KEEP,low_motion_or_partial_stop,0.008881598422876742,0.007137211475575084,205.45448070480364,0.0,0.0,0.02194510308817696,,
42160,session_046_20260210-100504,20260210-100854,160,steady,LANE_KEEP,low_motion_or_partial_stop,0.006855044422269757,0.0031647559409889482,351.71723350928465,0.0,0.0,0.017696259980537497,,
42165,session_046_20260210-100504,20260210-100854,165,steady,LANE_KEEP,low_motion_or_partial_stop,0.007137758020513646,0.0008740216927377634,351.71888941875994,0.0,0.0,0.0192161219144801,,
42170,session_046_20260210-100504,20260210-100854,170,steady,LANE_KEEP,low_motion_or_partial_stop,0.007504352706051446,0.00393279509986341,351.715562432428,0.0,0.0,0.020082507172411973,,
42175,session_046_20260210-100504,20260210-100854,175,steady,LANE_KEEP,low_motion_or_partial_stop,0.006355976963808238,0.00304120522546539,351.7143651037909,0.0,0.0,0.017389879677959758,,
42180,session_046_20260210-100504,20260210-100854,180,steady,LANE_KEEP,low_motion_or_partial_stop,0.008518480456827286,0.005412200216946956,304.8932270976057,0.0,0.0,0.02203651478385066,,
42185,session_046_20260210-100504,20260210-100854,185,steady,LANE_KEEP,low_motion_or_partial_stop,0.005744381482061013,0.004098883749991912,304.8909980481249,0.0,0.0,0.02063622279195056,,
42190,session_046_20260210-100504,20260210-100854,190,steady,LANE_KEEP,low_motion_or_partial_stop,0.008038973175426909,0.001615966825707635,304.89925166471585,0.0,0.0,0.023730649392531212,,
42195,session_046_20260210-100504,20260210-100854,195,steady,LANE_KEEP,low_motion_or_partial_stop,0.0071733983590635715,0.002810893529733445,489.2869103984233,0.0,0.0,0.02105965222588036,,
42200,session_046_20260210-100504,20260210-100854,200,steady,LANE_KEEP,low_motion_or_partial_stop,0.006311934647594465,0.005099057302192709,489.29158410092833,0.0,0.0,0.01954793809779894,,
42205,session_046_20260210-100504,20260210-100854,205,steady,LANE_KEEP,low_motion_or_partial_stop,0.008937225242121333,0.005050458749083205,153.19288586204712,0.0,0.0,0.02217656903444079,,
42210,session_046_20260210-100504,20260210-100854,210,steady,LANE_KEEP,low_motion_or_partial_stop,0.006262408587648643,0.0018034591652517683,129.28429807878075,0.0,0.0,0.01967728074227762,,
42215,session_046_20260210-100504,20260210-100854,215,steady,LANE_KEEP,low_motion_or_partial_stop,0.006958189079313844,0.0033439350996339323,129.28591562174043,0.0,0.0,0.018613137076949206,,
42220,session_046_20260210-100504,20260210-100854,220,steady,LANE_KEEP,low_motion_or_partial_stop,0.005877010713315682,0.0019024024999450542,193.42337533244665,0.0,0.0,0.017571334524581667,,
42225,session_046_20260210-100504,20260210-100854,225,steady,LANE_KEEP,low_motion_or_partial_stop,0.006299154162058554,0.0025049225138497554,233.96355903163507,0.0,0.0,0.01763312662435333,,
42230,session_046_20260210-100504,20260210-100854,230,steady,LANE_KEEP,low_motion_or_partial_stop,0.005838224498362004,0.002427983650538948,272.0249445589184,0.0,0.0,0.017023917586914076,,
42235,session_046_20260210-100504,20260210-100854,235,steady,LANE_KEEP,low_motion_or_partial_stop,0.006612627367146675,0.0016638448315116447,401.4494179169393,0.0,0.0,0.016889621837184916,,
42240,session_046_20260210-100504,20260210-100854,240,steady,LANE_KEEP,low_motion_or_partial_stop,0.006517748411883339,0.0022450869310813876,401.44958737918535,0.0,0.0,0.0162595270122488,,
42245,session_046_20260210-100504,20260210-100854,245,steady,LANE_KEEP,low_motion_or_partial_stop,0.007274707353555507,0.002265001113823367,166.57099305909642,0.0,0.0,0.016903372030311087,,
42250,session_046_20260210-100504,20260210-100854,250,steady,LANE_KEEP,low_motion_or_partial_stop,0.006138905255037111,0.001296118785028707,188.43900935809245,0.0,0.0,0.017006293838660987,,
42255,session_046_20260210-100504,20260210-100854,255,steady,LANE_KEEP,low_motion_or_partial_stop,0.005559101593822586,0.0013806066082703908,357.56682906024497,0.0,0.0,0.015595438878156795,,
42260,session_046_20260210-100504,20260210-100854,260,steady,LANE_KEEP,low_motion_or_partial_stop,0.00573907879302642,0.0027455638357378764,437.57131138827697,0.0,0.0,0.015437187257224058,,
42265,session_046_20260210-100504,20260210-100854,265,steady,LANE_KEEP,low_motion_or_partial_stop,0.005989962843446085,0.0011265411651057928,437.5698144991025,0.0,0.0,0.015702193174710437,,
42270,session_046_20260210-100504,20260210-100854,270,steady,LANE_KEEP,low_motion_or_partial_stop,0.0065340987318837475,0.0020568718110105196,437.57046623371946,0.0,0.0,0.016277608101551808,,
42275,session_046_20260210-100504,20260210-100854,275,steady,LANE_KEEP,low_motion_or_partial_stop,0.006569279589612051,0.002600419632247234,263.3091331058348,0.0,0.0,0.01633406254758941,,
42280,session_046_20260210-100504,20260210-100854,280,steady,LANE_KEEP,low_motion_or_partial_stop,0.004871586505308667,0.0025277347259623074,263.3081808707249,0.0,0.0,0.015529635808184108,,
42285,session_046_20260210-100504,20260210-100854,285,steady,LANE_KEEP,low_motion_or_partial_stop,0.0058145445875841,0.0014163973705674999,357.6390496658343,0.0,0.0,0.016508138948672473,,
42290,session_046_20260210-100504,20260210-100854,290,steady,LANE_KEEP,low_motion_or_partial_stop,0.006112202136302828,0.0011941766670687094,509.47572527742,0.0,0.0,0.01784400615180836,,
42295,session_046_20260210-100504,20260210-100854,295,steady,LANE_KEEP,low_motion_or_partial_stop,0.006716901259776537,0.0009026196554547236,611.7329324722488,0.0,0.0,0.018249773281876228,,
42330,session_046_20260210-100504,20260210-101004,30,steady,LANE_KEEP,low_motion_or_partial_stop,0.0064352535260785385,0.0005077783226386509,379.2640744685008,0.0,0.0,0.018550395693844556,,
42335,session_046_20260210-100504,20260210-101004,35,steady,LANE_KEEP,low_motion_or_partial_stop,0.006348686154718535,0.0010684425466854562,379.264093279656,0.0,0.0,0.019600721845171303,,
42340,session_046_20260210-100504,20260210-101004,40,steady,LANE_KEEP,low_motion_or_partial_stop,0.006823599123123785,0.0004444718589729994,379.26421482704717,0.0,0.0,0.019973713140775833,,
42345,session_046_20260210-100504,20260210-101004,45,steady,LANE_KEEP,low_motion_or_partial_stop,0.007119969352569357,0.0016470629136324311,371.6401273381344,0.0,0.0,0.020069511041853887,,
42350,session_046_20260210-100504,20260210-101004,50,steady,LANE_KEEP,low_motion_or_partial_stop,0.006159954665040225,0.00025078474702641733,433.26192096919175,0.0,0.0,0.018821669863854324,,
42355,session_046_20260210-100504,20260210-101004,55,steady,LANE_KEEP,low_motion_or_partial_stop,0.006144025390201503,0.001304172503261623,433.26183414512633,0.0,0.0,0.01787414508896568,,
42360,session_046_20260210-100504,20260210-101004,60,steady,LANE_KEEP,low_motion_or_partial_stop,0.006678270119864821,0.00044300312949983645,433.2617671950981,0.0,0.0,0.019034392475665643,,
42365,session_046_20260210-100504,20260210-101004,65,steady,LANE_KEEP,low_motion_or_partial_stop,0.006928166566416455,0.0014021856682599673,209.21123856033356,0.0,0.0,0.01932135595021194,,
42370,session_046_20260210-100504,20260210-101004,70,steady,LANE_KEEP,low_motion_or_partial_stop,0.005965202300233655,0.0008683259187254564,209.21126187282613,0.0,0.0,0.01846882156593019,,
42375,session_046_20260210-100504,20260210-101004,75,steady,LANE_KEEP,low_motion_or_partial_stop,0.006305086294018985,0.0009436629641572055,275.4524206641391,0.0,0.0,0.018792235534412057,,
42380,session_046_20260210-100504,20260210-101004,80,steady,LANE_KEEP,low_motion_or_partial_stop,0.006472451159862158,0.0007159203412899412,275.45245931257074,0.0,0.0,0.01867875114402006,,
42385,session_046_20260210-100504,20260210-101004,85,steady,LANE_KEEP,low_motion_or_partial_stop,0.007060857712470138,0.000698588102464493,275.452538884801,0.0,0.0,0.01968644687244208,,
42390,session_046_20260210-100504,20260210-101004,90,steady,LANE_KEEP,low_motion_or_partial_stop,0.0067588061504538,0.0004439825059223703,417.65510607174946,0.0,0.0,0.018437253438845655,,
42395,session_046_20260210-100504,20260210-101004,95,steady,LANE_KEEP,low_motion_or_partial_stop,0.006593721500167286,0.00036703664207249803,275.4525163416627,0.0,0.0,0.018899692717660524,,
42400,session_046_20260210-100504,20260210-101004,100,steady,LANE_KEEP,low_motion_or_partial_stop,0.0065016241775128335,0.0014275301931922818,417.6549746965796,0.0,0.0,0.019741614962448136,,
42405,session_046_20260210-100504,20260210-101004,105,steady,LANE_KEEP,low_motion_or_partial_stop,0.006931068861764499,0.0010169749101719369,293.62849782043867,0.0,0.0,0.01883254045801014,,
42410,session_046_20260210-100504,20260210-101004,110,steady,LANE_KEEP,low_motion_or_partial_stop,0.006363418717795562,0.0009230197259230137,463.6483880612103,0.0,0.0,0.01778258577512891,,
42415,session_046_20260210-100504,20260210-101004,115,steady,LANE_KEEP,low_motion_or_partial_stop,0.006082643793400129,0.0014690763850018621,498.79636756120493,0.0,0.0,0.017670331199161556,,
42420,session_046_20260210-100504,20260210-101004,120,steady,LANE_KEEP,low_motion_or_partial_stop,0.006873535057827126,0.001717356848841018,498.79653980688545,0.0,0.0,0.01784392124441583,,
42425,session_046_20260210-100504,20260210-101004,125,steady,LANE_KEEP,low_motion_or_partial_stop,0.006857472680284407,0.0016769555260352457,498.79650226356324,0.0,0.0,0.017980030776134463,,
42430,session_046_20260210-100504,20260210-101004,130,steady,LANE_KEEP,low_motion_or_partial_stop,0.005907443513495305,0.002570689371028662,208.6098825048365,0.0,0.0,0.017305438828054045,,
42435,session_046_20260210-100504,20260210-101004,135,steady,LANE_KEEP,low_motion_or_partial_stop,0.007059135180118917,0.0010256966253004796,208.6099385846616,0.0,0.0,0.017825913350423175,,
42440,session_046_20260210-100504,20260210-101004,140,steady,LANE_KEEP,low_motion_or_partial_stop,0.006828376442961822,0.0013286720752218528,208.60999859886914,0.0,0.0,0.017315480318049414,,
42445,session_046_20260210-100504,20260210-101004,145,steady,LANE_KEEP,low_motion_or_partial_stop,0.006081546504233962,0.0006897462633479565,252.0049620354277,0.0,0.0,0.017288713161734536,,
42450,session_046_20260210-100504,20260210-101004,150,steady,LANE_KEEP,low_motion_or_partial_stop,0.0064349111093533855,0.0006876619278729158,252.00490664518114,0.0,0.0,0.01799475062581039,,
42455,session_046_20260210-100504,20260210-101004,155,steady,LANE_KEEP,low_motion_or_partial_stop,0.006819306841291257,0.0010655204224768815,325.4935412785022,0.0,0.0,0.01790632357368684,,
42460,session_046_20260210-100504,20260210-101004,160,steady,LANE_KEEP,low_motion_or_partial_stop,0.00608803716852631,0.0008439396400479491,252.00500534578032,0.0,0.0,0.016789211792903734,,
42465,session_046_20260210-100504,20260210-101004,165,steady,LANE_KEEP,low_motion_or_partial_stop,0.006720177274799689,0.0012719791873056043,252.00498733587247,0.0,0.0,0.01798878377905003,,
42470,session_046_20260210-100504,20260210-101004,170,steady,LANE_KEEP,low_motion_or_partial_stop,0.007340919040993601,0.0018101504312881028,518.4787249733324,0.0,0.0,0.01941106582107877,,
42475,session_046_20260210-100504,20260210-101004,175,steady,LANE_KEEP,low_motion_or_partial_stop,0.008301753364342208,0.0006387377783566235,519.7203677707555,0.0,0.0,0.03928764813237897,,
42480,session_046_20260210-100504,20260210-101004,180,steady,LANE_KEEP,low_motion_or_partial_stop,0.011350376161212337,0.0018161205736273649,159.7202099306261,0.001017221385988887,0.0030181776875493403,0.0573297482304062,0.018309984947799965,-0.054327198375888126
42485,session_046_20260210-100504,20260210-101004,185,depart,LANE_KEEP,low_motion_or_partial_stop,0.050722178532140824,0.0006779942526930822,159.72021277312456,0.0030624794135795993,0.03692230550935846,0.6399455362808688,0.031246159694747713,-0.6391822642330895
42490,session_046_20260210-100504,20260210-101004,190,depart,LANE_KEEP,low_motion_or_partial_stop,0.10182896092328528,0.0011188683518510044,159.72030190712286,0.008753151198802336,0.0841689077932677,0.9636187664688223,0.05177166189357792,-0.9622270117366647
42495,session_046_20260210-100504,20260210-101004,195,depart,LANE_KEEP,low_motion_or_partial_stop,0.1577651493001073,0.0012139690749112281,159.72041341581144,0.028305160928490267,0.12897941992854445,0.2614317754459123,-0.1850472029361948,0.18467297013448566
42500,session_046_20260210-100504,20260210-101004,200,depart,LANE_KEEP,low_motion_or_partial_stop,0.14324405334680276,0.03592377431435417,159.72015988356597,0.05646495622915528,0.11071406196709023,0.5134114137157639,-0.3481778595202303,0.37731082395490606
42505,session_046_20260210-100504,20260210-101004,205,depart,LANE_KEEP,near_straight_lt5deg,0.4226601436807888,0.2074880908247062,2.641752273102589,0.06427997391003085,0.4148434652923711,0.9479983597183602,-0.3617291885987056,-0.8762721518708805
42510,session_046_20260210-100504,20260210-101004,210,nonstop,LANE_KEEP,near_straight_lt5deg,0.6517546428536863,1.3154162719155447,1.5331143189571328,0.04507292620908628,0.6500222762460443,1.6777928943860085,-0.1981304032761202,-1.6660532223641062
42515,session_046_20260210-100504,20260210-101004,215,nonstop,LANE_KEEP,near_straight_lt5deg,0.13613554779211698,2.4527738984247387,1.562124775233548,0.025187713038376473,0.1332062303711894,0.39890024377580313,0.05830167078099846,-0.39461667434174547
42520,session_046_20260210-100504,20260210-101004,220,nonstop,LANE_KEEP,near_straight_lt5deg,0.08412496015499643,3.411582759989207,1.4373227524112837,0.04044612783016443,0.06629581910753478,0.17854866736901437,0.17347685435553936,-0.042254084088498754
42525,session_046_20260210-100504,20260210-101004,225,nonstop,LANE_KEEP,near_straight_lt5deg,0.10425979797396313,4.367147940228784,1.0087436153668246,0.03884283475269731,0.08910242345273504,0.12413901747962193,-0.12351152060755918,0.012465951147600565
42530,session_046_20260210-100504,20260210-101004,230,nonstop,LANE_KEEP,near_straight_lt5deg,0.10962958844443303,5.13072204880048,1.3639613316020507,0.032488755359906606,0.10186218172315825,0.4363014319877376,0.09794828078175048,0.4251647608239067
42535,session_046_20260210-100504,20260210-101004,235,nonstop,LANE_KEEP,near_straight_lt5deg,0.10664653899189994,5.846444303354396,1.8963494880504053,0.044953372102419606,0.09571637598661875,0.4205002093260348,-0.19760484343472315,0.3711775207287985
42540,session_046_20260210-100504,20260210-101004,240,nonstop,LANE_KEEP,near_straight_lt5deg,0.21096517574901097,6.472816811647844,2.5486331762694765,0.17319593304508898,0.10556226646848757,0.7197113002831705,-0.6758118963313315,0.24751290174926557
42545,session_046_20260210-100504,20260210-101004,245,nonstop,LANE_KEEP,near_straight_lt5deg,0.15925353565924683,7.004378234491599,3.4267878342025297,0.05685588761448313,0.14673676538154706,0.4302798731995018,-0.17320474580544132,0.3938792775852161
42550,session_046_20260210-100504,20260210-101004,250,nonstop,LANE_KEEP,near_straight_lt5deg,0.10514338494180557,7.535319091691309,4.485418177824785,0.033919820422620046,0.09705873923645622,0.10751544642411784,-0.08022748329960361,0.07157598859386557
42555,session_046_20260210-100504,20260210-101004,255,nonstop,LANE_KEEP,gentle_bend_5to15deg,0.16136878924803055,8.060084102440525,5.435006875100604,0.01992034305021093,0.15949906681768453,0.15707717156970424,0.05685587608971877,-0.14642625168462398
42560,session_046_20260210-100504,20260210-101004,260,nonstop,LANE_KEEP,gentle_bend_5to15deg,0.10203797350242995,8.633284849932613,5.970719295644248,0.08245668804074797,0.05678004496533698,0.28590592823164857,-0.2181061713188865,-0.18485642491029924
42565,session_046_20260210-100504,20260210-101004,265,nonstop,LANE_KEEP,gentle_bend_5to15deg,0.10981281731797388,9.232170125420224,6.431244201114224,0.08669987201144667,0.05565765586957389,0.17254133966064483,-0.0977171771393467,-0.1422036117115439
42570,session_046_20260210-100504,20260210-101004,270,nonstop,LANE_KEEP,gentle_bend_5to15deg,0.09146615168967882,9.848021528057602,6.593043417028336,0.038823214803028375,0.07582019441254419,0.21363033307065052,0.1472754146391635,-0.15475099822211014
42575,session_046_20260210-100504,20260210-101004,275,nonstop,LANE_KEEP,gentle_bend_5to15deg,0.13644107182650536,10.421075351932704,6.0706058466626045,0.05546421557044872,0.11328951019909946,0.2791511234747223,0.25606361260207083,-0.11116103651179322
42580,session_046_20260210-100504,20260210-101004,280,nonstop,LANE_KEEP,gentle_bend_5to15deg,0.16155522909146322,10.965929511084918,5.03115622017751,0.08145553227939852,0.12658836296582843,0.7137675753718007,0.39942309563804146,-0.5915448776915097
42585,session_046_20260210-100504,20260210-101004,285,nonstop,LANE_KEEP,near_straight_lt5deg,0.15810647173888676,11.47886032272638,4.072205189400466,0.09055561582173534,0.11734345273178999,1.0139100794738074,0.3510616354679746,-0.9511936592309337
42590,session_046_20260210-100504,20260210-101004,290,nonstop,LANE_KEEP,near_straight_lt5deg,0.23562645546750743,12.052428394544718,3.363019469184703,0.07371332790346459,0.21711567677012883,1.3685384688297317,0.1836668723770578,-1.3561578155428875
42595,session_046_20260210-100504,20260210-101004,295,nonstop,LANE_KEEP,near_straight_lt5deg,0.2567829564319569,12.725364018696418,2.599892166426304,0.03477423632668404,0.25352718021908105,1.3562929055177986,-0.17455104115800157,-1.3450138956860518
42630,session_046_20260210-100504,20260210-101034,30,nonstop,LANE_KEEP,near_straight_lt5deg,0.1416992258641467,15.78662064784825,1.7435482225655685,0.018419414054323707,0.13971172161881049,0.05332691197452027,0.03610977390101024,0.03924084313003674
42635,session_046_20260210-100504,20260210-101034,35,nonstop,LANE_KEEP,near_straight_lt5deg,0.10918768216003119,16.001421640940332,1.727459649609977,0.03323721104445924,0.09709981862453199,0.497251649017484,-0.032449388764105025,-0.49619173675046524
42640,session_046_20260210-100504,20260210-101034,40,nonstop,LANE_KEEP,near_straight_lt5deg,0.0386798621024073,16.191659757114838,1.6590998107818762,0.020534734366857096,0.031864411081929264,0.09497350024779172,0.0405740873397612,-0.08587030444724604
42645,session_046_20260210-100504,20260210-101034,45,nonstop,LANE_KEEP,near_straight_lt5deg,0.04632810375234806,16.37966802688333,1.5844920635581747,0.01865434463320465,0.04118488516559837,0.07669627355190528,0.04838018791193332,-0.059511980259059676
42650,session_046_20260210-100504,20260210-101034,50,nonstop,LANE_KEEP,near_straight_lt5deg,0.14798477639266866,16.521646720923716,1.5352297101579289,0.005791742618643675,0.1475771698855332,0.12684073853313418,-0.03958935183228848,0.12050417491991795
42655,session_046_20260210-100504,20260210-101034,55,nonstop,LANE_KEEP,near_straight_lt5deg,0.13485054847128922,16.607871045211798,1.4780725242667363,0.015818504398881342,0.13123765065430598,0.24058858739411795,-0.13720989747494164,-0.19762669966179452
42660,session_046_20260210-100504,20260210-101034,60,nonstop,LANE_KEEP,near_straight_lt5deg,0.14256724901969528,16.742695443916435,1.4056364420398597,0.03467722034385287,0.13618392503887966,0.6739749961482288,-0.23989214290907232,-0.629836530540662
42665,session_046_20260210-100504,20260210-101034,65,nonstop,LANE_KEEP,near_straight_lt5deg,0.19001309988173654,16.9207586889425,1.3672459667129158,0.10977456100284955,0.13755569860229622,0.8519248897265602,-0.5184524071304802,-0.6760052657163425
42670,session_046_20260210-100504,20260210-101034,70,nonstop,LANE_KEEP,near_straight_lt5deg,0.16275374088666664,17.09618457431916,1.333475888022587,0.027011213623553715,0.15888774279687926,0.7645232483369697,-0.1678627119255651,-0.7458672182048939
42675,session_046_20260210-100504,20260210-101034,75,nonstop,LANE_KEEP,near_straight_lt5deg,0.2114247329685215,17.418810568169818,1.3332409707970418,0.0205179775220526,0.2103667301545991,1.0186007156672106,-0.12017268080410548,-1.011486996825025
42680,session_046_20260210-100504,20260210-101034,80,nonstop,LANE_KEEP,near_straight_lt5deg,0.18523257906597573,17.836825217805142,1.542969086452742,0.059279045313292957,0.1752832934596389,0.6845248342951892,0.21594521701389224,-0.6495705596897685
42685,session_046_20260210-100504,20260210-101034,85,nonstop,LANE_KEEP,near_straight_lt5deg,0.035528909349186795,18.212849906630375,1.738580806138453,0.029259551652042057,0.018467180726659888,0.1544038232260043,0.12742331865220655,-0.08719999134441132
42690,session_046_20260210-100504,20260210-101034,90,nonstop,LANE_KEEP,near_straight_lt5deg,0.08710077315141648,18.43885038077234,1.9012205406786429,0.06439260187560336,0.04694757361748329,0.35612571649523356,0.35450878266342617,-0.03389762475069734
42695,session_046_20260210-100504,20260210-101034,95,nonstop,LANE_KEEP,near_straight_lt5deg,0.062014106710698555,18.689935626707605,1.9211866970533573,0.03868602576797028,0.04378493159854174,0.34664033925850635,0.13156363827442377,-0.3207031865841824
42700,session_046_20260210-100504,20260210-101034,100,nonstop,LANE_KEEP,near_straight_lt5deg,0.2023618666320098,18.887516648527658,1.9371803098034077,0.19959630037722836,0.02753324828895449,0.665420004354121,0.6395849504089655,-0.18361610333791425
42705,session_046_20260210-100504,20260210-101034,105,nonstop,LANE_KEEP,near_straight_lt5deg,0.12108626115968643,19.07948462124518,1.7689608381194688,0.11842179100539436,0.016464789272394885,0.150227747440554,0.11756599114194152,-0.09352333306654445
42710,session_046_20260210-100504,20260210-101034,110,nonstop,LANE_KEEP,near_straight_lt5deg,0.10772564154812411,19.30059737356042,1.645305205211272,0.1042040860997307,0.022860777741931338,0.13595464707818117,-0.1247620815580253,-0.05401933975403098
42715,session_046_20260210-100504,20260210-101034,115,nonstop,LANE_KEEP,near_straight_lt5deg,0.09761918739896494,19.491962378559872,1.449689040989532,0.07562982301836535,0.05224896685942935,0.46736646383563746,-0.4554593800101662,0.10482444695290874
42720,session_046_20260210-100504,20260210-101034,120,nonstop,LANE_KEEP,near_straight_lt5deg,0.14486222221839196,19.592198568558086,1.273596552613661,0.1157334200594167,0.07268336677024348,0.5647624768786381,-0.5492165714227767,0.13159716168939317
42725,session_046_20260210-100504,20260210-101034,125,nonstop,LANE_KEEP,near_straight_lt5deg,0.032394397639345165,19.717619917995993,1.1889077155859245,0.027694552484083947,0.015204330897168787,0.1892673474641883,0.1398058575457636,-0.1275791950594745
42730,session_046_20260210-100504,20260210-101034,130,nonstop,LANE_KEEP,near_straight_lt5deg,0.08604217236773185,19.818277408505427,1.185488626830738,0.021671559859911767,0.07574143721421471,0.14783402217427477,0.14505553122359155,0.02852702181556324
42735,session_046_20260210-100504,20260210-101034,135,nonstop,LANE_KEEP,near_straight_lt5deg,0.06418835505308151,19.90764225861512,1.2485246933558924,0.0466260110974124,0.033149016669304136,0.30195938377411663,0.26707251381812486,-0.14089620936033656
42740,session_046_20260210-100504,20260210-101034,140,nonstop,LANE_KEEP,near_straight_lt5deg,0.17988921336469454,19.95460219682271,1.3337451520717507,0.15663890523953425,0.051838293696609423,0.6090920615109113,0.6061799344650403,-0.05948971715827296
42745,session_046_20260210-100504,20260210-101034,145,nonstop,LANE_KEEP,near_straight_lt5deg,0.05699111380944508,20.10250704975316,1.2933807781244364,0.03531212701652642,0.04132973759930773,0.1929198058334809,0.04170054381778503,-0.18835900861952146
42750,session_046_20260210-100504,20260210-101034,150,nonstop,LANE_KEEP,near_straight_lt5deg,0.18884987945600684,20.182988961988933,1.2146926407907246,0.09694648053188432,0.15231519678317237,0.28507204710442624,0.10318520996724936,0.2657421390828389
42755,session_046_20260210-100504,20260210-101034,155,nonstop,LANE_KEEP,near_straight_lt5deg,0.11847070422469638,20.25727566308169,2.19178499044341,0.0856072257034416,0.06621690946053621,0.17741755336523968,-0.17669969777406042,-0.015943809101446608
42760,session_046_20260210-100504,20260210-101034,160,nonstop,LANE_KEEP,near_straight_lt5deg,0.10582179910935598,20.37460550930367,3.332919483950074,0.07780945407752765,0.04608201158179982,0.6912945944534693,-0.6911287885506572,-0.015139813641115843
42765,session_046_20260210-100504,20260210-101034,165,nonstop,LANE_KEEP,near_straight_lt5deg,0.23569786776792084,20.430561486109937,4.123250107938355,0.12421575555449667,0.16819867414510897,0.890259949049623,-0.8606542951846723,0.2276773178470186
42770,session_046_20260210-100504,20260210-101034,170,nonstop,LANE_KEEP,near_straight_lt5deg,0.13046688317575103,20.429267998488502,4.304738241855913,0.12445504752798844,0.024514018840279102,0.7897771452506328,-0.7748384618131298,-0.1528832798421796
42775,session_046_20260210-100504,20260210-101034,175,nonstop,LANE_KEEP,near_straight_lt5deg,0.24386486325262793,20.578248263487446,3.805571746314349,0.20378850072614,0.1170723747647122,1.0723924157684697,-1.0101294681522421,-0.3600888098347444
42780,session_046_20260210-100504,20260210-101034,180,nonstop,LANE_KEEP,near_straight_lt5deg,0.24629929110566456,20.610529061848265,3.0513900583276703,0.1800406863993886,0.1460441555632583,0.8070252522458539,-0.7767829312890101,0.2188561980400303
42785,session_046_20260210-100504,20260210-101034,185,nonstop,LANE_KEEP,near_straight_lt5deg,0.16380913826491378,20.6645343040952,2.263563316871478,0.11840539836785656,0.09860976283214411,0.3854922110787153,-0.37843056299366046,0.07344762620165451
42790,session_046_20260210-100504,20260210-101034,190,nonstop,LANE_KEEP,near_straight_lt5deg,0.12686003752484495,20.701155669562596,1.7098875013450918,0.09333823625863588,0.06488422945324097,0.42666399136676053,0.42430414738967864,-0.0448124094078078
42795,session_046_20260210-100504,20260210-101034,195,nonstop,LANE_KEEP,near_straight_lt5deg,0.19961367214594194,20.773229685486136,1.5581215696566502,0.19199648843436037,0.03656524620521405,0.7565477988455264,0.7487243597855384,-0.10851914578426543
42800,session_046_20260210-100504,20260210-101034,200,nonstop,LANE_KEEP,near_straight_lt5deg,0.13053914614415058,20.791126574756092,1.8190916143734137,0.12775428902069216,0.021680667709429488,0.43032467403961183,0.40827126675727554,-0.1359922712057846
42805,session_046_20260210-100504,20260210-101034,205,nonstop,LANE_KEEP,near_straight_lt5deg,0.04711785295625822,20.887519494555587,2.3025600806364293,0.04008501270023383,0.020615368676022795,0.34557433477676497,-0.30454450519688536,-0.1633225802232744
42810,session_046_20260210-100504,20260210-101034,210,nonstop,LANE_KEEP,near_straight_lt5deg,0.1355466175358124,20.91251727503071,2.697865213056115,0.06969309125993119,0.1114601742772307,0.5839939625994864,-0.471221581935313,0.34496256183973284
42815,session_046_20260210-100504,20260210-101034,215,nonstop,LANE_KEEP,near_straight_lt5deg,0.102785476439261,20.9284255419698,3.075421958574586,0.06976738261433492,0.06689313175271094,0.5106292148482605,-0.46126610137382706,0.21903373890782493
42820,session_046_20260210-100504,20260210-101034,220,nonstop,LANE_KEEP,near_straight_lt5deg,0.11520699070591087,20.911696934200375,2.7164961655763378,0.07826503935074719,0.07715012569998772,0.45819772890308813,-0.41797428981916335,0.18773026346893001
42825,session_046_20260210-100504,20260210-101034,225,nonstop,LANE_KEEP,near_straight_lt5deg,0.13635200283362345,20.92577991975245,1.9507139290350421,0.12252505181234359,0.033911828007243947,0.39849764348557026,-0.39724675357442946,-0.0315497803182405
42830,session_046_20260210-100504,20260210-101034,230,nonstop,LANE_KEEP,near_straight_lt5deg,0.1060433023572619,20.943202197191653,0.9977389804798451,0.042158689005061964,0.09426701160102048,0.42267259660964884,0.1448415272041736,0.3970806667692417
42835,session_046_20260210-100504,20260210-101034,235,nonstop,LANE_KEEP,near_straight_lt5deg,0.09098607999519395,20.843831984375036,1.0983749037520942,0.06205905864415014,0.06433425670611805,0.5464405075200901,0.4251740185029709,0.34325541838235984
42840,session_046_20260210-100504,20260210-101034,240,nonstop,LANE_KEEP,near_straight_lt5deg,0.11201337170296131,20.77752967298542,0.9827814896718051,0.08456434239077128,0.07214669954995008,0.2666088427405833,0.22865936666852293,0.13709547425871876
42845,session_046_20260210-100504,20260210-101034,245,nonstop,LANE_KEEP,near_straight_lt5deg,0.1771083158087679,20.723465438088823,1.4921343339351312,0.15737754730989445,0.05860462779782184,0.7679533198690317,0.7466968534737215,0.17943274648266128
42850,session_046_20260210-100504,20260210-101034,250,nonstop,LANE_KEEP,near_straight_lt5deg,0.14691946895359298,20.659055123198932,1.4969576430834668,0.1273514250183302,0.05668756263878656,0.5408352383308853,0.5104945813021642,0.1786002169135126
42855,session_046_20260210-100504,20260210-101034,255,nonstop,LANE_KEEP,near_straight_lt5deg,0.07240965192923512,20.523030172672726,1.451021019373068,0.06321177958136939,0.031159056335975033,0.29732725579523683,0.26790080373684294,0.128967656394461
42860,session_046_20260210-100504,20260210-101034,260,nonstop,LANE_KEEP,near_straight_lt5deg,0.045364875112563055,20.475155533654984,1.3845957483533697,0.027133780511279012,0.03484299479769633,0.11163071942775527,0.06696173866675632,-0.08931709284724423
42865,session_046_20260210-100504,20260210-101034,265,nonstop,LANE_KEEP,near_straight_lt5deg,0.04743114786013885,20.47683932979526,1.3437182925824525,0.04024143034586756,0.018259323231293027,0.10585663044187466,0.10426191749994161,0.018305156862015507
42870,session_046_20260210-100504,20260210-101034,270,nonstop,LANE_KEEP,near_straight_lt5deg,0.08696369368987503,20.419421573556367,1.362015926201944,0.029630200831567432,0.07954373020570053,0.22701043798029708,0.08327621341262842,0.2111843063100586
42875,session_046_20260210-100504,20260210-101034,275,nonstop,LANE_KEEP,near_straight_lt5deg,0.03634882174406299,20.41002190891462,1.280093444735813,0.02299182736094958,0.02612049555530394,0.05957690811824995,-0.004947331138936047,-0.059371136889334625
42880,session_046_20260210-100504,20260210-101034,280,nonstop,LANE_KEEP,near_straight_lt5deg,0.1316608788014484,20.323938409882093,1.2508075968437953,0.010827464146342204,0.1303632552269353,0.17394009337422206,0.07793841827290171,0.15550163677643816
42885,session_046_20260210-100504,20260210-101034,285,nonstop,LANE_KEEP,near_straight_lt5deg,0.049965589997986906,20.362484225903593,1.3097279993519904,0.019833471296198564,0.04366820193542462,0.236251447140028,0.08552193972826176,-0.2202288448429792
42890,session_046_20260210-100504,20260210-101034,290,nonstop,LANE_KEEP,near_straight_lt5deg,0.19328847128213528,20.293983215063303,1.330095780973721,0.03181492042084256,0.18833972954206984,0.1647970456086125,0.11346286890819976,0.11951670854088889
42895,session_046_20260210-100504,20260210-101034,295,nonstop,LANE_KEEP,near_straight_lt5deg,0.10591824050804516,20.247175555584814,1.4501973972166387,0.012040646502750487,0.10323766906021828,0.42103118869733225,-0.03582365852488618,-0.419504382987569
42930,session_046_20260210-100504,20260210-101114,30,nonstop,LANE_KEEP,near_straight_lt5deg,0.12433823148829241,21.729079142080998,1.4619742646963783,0.10891696489477513,0.051572160764333644,0.5098428597561796,-0.5083870749160125,-0.03850095716602504
42935,session_046_20260210-100504,20260210-101114,35,nonstop,LANE_KEEP,near_straight_lt5deg,0.19043168322193554,21.811673353576733,1.284935881897916,0.09693848135780025,0.15891147218068424,0.18343436340001884,-0.18070327417423526,-0.03153557322582444
42940,session_046_20260210-100504,20260210-101114,40,nonstop,LANE_KEEP,near_straight_lt5deg,0.1934538119892143,22.05379058245012,1.5109773618398326,0.027436209392781383,0.18940698392994665,0.2371054848394485,0.07162726596417004,0.22602775429457328
42945,session_046_20260210-100504,20260210-101114,45,nonstop,LANE_KEEP,near_straight_lt5deg,0.19988072661364922,21.908558521443172,1.814409266750062,0.09436081796980438,0.16396121796732369,0.8205791741633744,0.11473017149398843,0.8125190267431316
42950,session_046_20260210-100504,20260210-101114,50,nonstop,LANE_KEEP,near_straight_lt5deg,0.19192705437941102,21.85537820863683,1.7747563666561996,0.1336548434827876,0.12198242508256053,0.4369160435712502,0.11370331338038303,0.4218615716752085
42955,session_046_20260210-100504,20260210-101114,55,nonstop,LANE_KEEP,near_straight_lt5deg,0.19909073406323696,21.596341123179325,1.579473326507813,0.07303952464989596,0.17525787112548008,0.7628198730523662,-0.5134734024000033,0.5641269571217037
42960,session_046_20260210-100504,20260210-101114,60,nonstop,LANE_KEEP,near_straight_lt5deg,0.09102300931088828,21.362817539661226,1.4482648439508583,0.08578149475669077,0.01593776657862405,0.5742994141185422,-0.5671986035611228,-0.0900308901167435
42965,session_046_20260210-100504,20260210-101114,65,nonstop,LANE_KEEP,near_straight_lt5deg,0.110291241430298,21.30932015665507,1.3805163727047873,0.06055636817494442,0.08822806845769424,0.457035142827099,-0.36553693391832187,-0.27434261739762394
42970,session_046_20260210-100504,20260210-101114,70,nonstop,LANE_KEEP,near_straight_lt5deg,0.05454748717326049,21.309540821304097,1.4026174436576662,0.011499823034182469,0.04974142579717497,0.13370440342764656,-0.07657680428236201,0.10960319585597714
42975,session_046_20260210-100504,20260210-101114,75,nonstop,LANE_KEEP,near_straight_lt5deg,0.05077319325177265,21.245999451844142,1.4095357996349853,0.008431592075700928,0.04975693832520842,0.10222632968703274,-0.03828536998560306,0.09478635411464773
42980,session_046_20260210-100504,20260210-101114,80,nonstop,LANE_KEEP,near_straight_lt5deg,0.05152381664348904,21.276637065618477,1.3819272599373131,0.01598542539669586,0.04776617274877972,0.19175147569209441,0.05802349896841746,-0.1827618723846906
42985,session_046_20260210-100504,20260210-101114,85,nonstop,LANE_KEEP,near_straight_lt5deg,0.08405024567416775,21.281208320570435,1.346981762781176,0.04203738955605269,0.07092720513191587,0.1662915412792859,-0.10114423431956156,0.1319951535661445
42990,session_046_20260210-100504,20260210-101114,90,nonstop,LANE_KEEP,near_straight_lt5deg,0.12461144424279497,21.241769704189213,1.3508108111725379,0.015337623563844915,0.12280601923627532,0.3174045175931064,-0.11972774193924834,-0.2939573023393727
42995,session_046_20260210-100504,20260210-101114,95,nonstop,LANE_KEEP,near_straight_lt5deg,0.17538578461257165,21.37164477046801,1.3680571000887323,0.05170600820811472,0.16480857958442122,0.38476164829476955,-0.25287713145351964,-0.2899908315556671
43000,session_046_20260210-100504,20260210-101114,100,nonstop,LANE_KEEP,near_straight_lt5deg,0.11406314371472745,21.37038590827457,1.5628271762820798,0.0549372048088556,0.09631804868783109,0.5248027026105733,-0.3412702836630699,0.39868843744945703
43005,session_046_20260210-100504,20260210-101114,105,nonstop,LANE_KEEP,near_straight_lt5deg,0.10726130461138511,21.422269129941714,1.8845004146036826,0.07528671236227709,0.05879586388627979,0.3696492111796912,-0.3516814113383454,0.11384517664283103
43010,session_046_20260210-100504,20260210-101114,110,nonstop,LANE_KEEP,near_straight_lt5deg,0.11835371505681819,21.38417886732798,2.1868342704026276,0.09034994148769665,0.05639026998200712,0.44433024797737813,-0.3837600452127801,0.22395891803168563
43015,session_046_20260210-100504,20260210-101114,115,nonstop,LANE_KEEP,near_straight_lt5deg,0.04215128472734599,21.337400857031685,2.4418693484472422,0.019052475236600364,0.03621566228450593,0.18626403179746914,-0.0728096973245454,0.17144397777978868
43020,session_046_20260210-100504,20260210-101114,120,nonstop,LANE_KEEP,near_straight_lt5deg,0.05270193398567477,21.25085301493908,2.674199063821376,0.025594367187338426,0.04596769304430882,0.24384042178111742,0.10740095247387584,0.21891365124655318
43025,session_046_20260210-100504,20260210-101114,125,nonstop,LANE_KEEP,near_straight_lt5deg,0.09879144387896018,21.211755536549745,2.528510281617196,0.03353140870505317,0.08723983760922355,0.1073476227940716,0.10731241703468669,0.002749048874022531
43030,session_046_20260210-100504,20260210-101114,130,nonstop,LANE_KEEP,near_straight_lt5deg,0.0946581984033742,21.14926988678851,2.437218010705584,0.04913973862900811,0.06552573939551544,0.3002741470184149,0.23955164645389318,0.18105129673345519
43035,session_046_20260210-100504,20260210-101114,135,nonstop,LANE_KEEP,near_straight_lt5deg,0.1275949124789939,21.093416943689633,2.2895306382288223,0.07585463249903626,0.07598984615195158,0.40295774890094166,0.38976968460320544,0.10224744673404884
43040,session_046_20260210-100504,20260210-101114,140,nonstop,LANE_KEEP,near_straight_lt5deg,0.08375048331824039,21.025913833860216,2.1414026253131757,0.0443236611260252,0.07009143986622877,0.24505345540720164,0.14218783970838303,0.1995841031897895
43045,session_046_20260210-100504,20260210-101114,145,nonstop,LANE_KEEP,near_straight_lt5deg,0.12028251589705548,20.934941085448727,2.0031014769636406,0.08258862475830725,0.05918345211989476,0.42378005193597684,0.4168187592533936,0.07649610678538293
43050,session_046_20260210-100504,20260210-101114,150,nonstop,LANE_KEEP,near_straight_lt5deg,0.11584459725177307,20.882029865937888,2.081036513521526,0.06664813777137578,0.06883164864559738,0.32671022099828784,0.32660442275289897,0.008313816391749957
43055,session_046_20260210-100504,20260210-101114,155,nonstop,LANE_KEEP,near_straight_lt5deg,0.059735497201940574,20.870150899547728,2.0238088760741775,0.020950204161042475,0.05352613831909768,0.1771401066573155,0.018485608586794208,0.17617292545036808
43060,session_046_20260210-100504,20260210-101114,160,nonstop,LANE_KEEP,near_straight_lt5deg,0.14278172046505833,20.767703780013495,2.0427776169212977,0.030522943524058686,0.13922944459263942,0.39448798865672496,0.12783197737929367,0.3732020347663288
43065,session_046_20260210-100504,20260210-101114,165,nonstop,LANE_KEEP,near_straight_lt5deg,0.03447972573344038,20.709027645814395,2.0488870173217597,0.020338152017987242,0.025048800935899448,0.08854838612638041,0.08563095859783977,-0.02254230722888878
43070,session_046_20260210-100504,20260210-101114,170,nonstop,LANE_KEEP,near_straight_lt5deg,0.07547820307122537,20.684410547045836,2.1004914272697826,0.05676582200752635,0.03960466692813519,0.2124934079844917,0.2033278801997139,-0.06173509188747056
43075,session_046_20260210-100504,20260210-101114,175,nonstop,LANE_KEEP,near_straight_lt5deg,0.049929344548081706,20.6291803023924,2.12649364039355,0.04639424488121025,0.01699368016452311,0.08815881054257192,0.08524526200301948,-0.022477125757481838
43080,session_046_20260210-100504,20260210-101114,180,nonstop,LANE_KEEP,near_straight_lt5deg,0.031693099453826645,20.66452662720455,2.1244915981251156,0.01864210609826956,0.023651108524088898,0.11104570446430088,-0.07937861442309274,-0.0776542597173061
43085,session_046_20260210-100504,20260210-101114,185,nonstop,LANE_KEEP,near_straight_lt5deg,0.08591002940610871,20.68709038427489,2.081722043346767,0.02380841474657097,0.08060812266844365,0.23452316294470196,-0.15145641587197095,0.17905883962765928
43090,session_046_20260210-100504,20260210-101114,190,nonstop,LANE_KEEP,near_straight_lt5deg,0.06811300846906931,20.70329011834376,2.131176106935487,0.012504463032163645,0.06648963990041326,0.06099823576023068,-0.038042466992050265,0.047681814888062425
43095,session_046_20260210-100504,20260210-101114,195,nonstop,LANE_KEEP,near_straight_lt5deg,0.05520173286127644,20.704496516670538,2.1214845430194806,0.022016927432453648,0.04835708656183114,0.1466484812351436,0.09331997025141148,-0.11312453403594616
43100,session_046_20260210-100504,20260210-101114,200,nonstop,LANE_KEEP,near_straight_lt5deg,0.06496295305969597,20.774924824652402,2.284903925068904,0.01787686954059235,0.06151883752209277,0.30967055050997366,0.08616469887905624,-0.29744158169333307
43105,session_046_20260210-100504,20260210-101114,205,nonstop,LANE_KEEP,near_straight_lt5deg,0.11233428849801638,20.79108220051459,2.4595385799388136,0.011726853238600253,0.11120971974211917,0.093303548789859,0.046482616035308,0.08090067134020412
43110,session_046_20260210-100504,20260210-101114,210,nonstop,LANE_KEEP,near_straight_lt5deg,0.05049824776549028,20.835501572100778,2.500479329841134,0.017859349990595606,0.04260508172131977,0.30704771261895186,0.0523321666087915,-0.3025551886227703
43115,session_046_20260210-100504,20260210-101114,215,nonstop,LANE_KEEP,near_straight_lt5deg,0.03499318205644809,20.892025661660014,2.6381631007643107,0.01834530430134577,0.022799089655267706,0.16174433031946558,0.01026935232755677,-0.16141799401945528
43120,session_046_20260210-100504,20260210-101114,220,nonstop,LANE_KEEP,near_straight_lt5deg,0.17674189083860814,20.931933457763286,2.691023486741243,0.052968777269553007,0.1648063762282328,0.35158559792902383,0.23095218624842712,0.2650915320001396
43125,session_046_20260210-100504,20260210-101114,225,nonstop,LANE_KEEP,near_straight_lt5deg,0.11172963301793062,20.941809357322004,2.7874163805071457,0.07821565811181284,0.06652963419265245,0.3424208314396095,0.34165999194586216,0.02281393669112932
43130,session_046_20260210-100504,20260210-101114,230,nonstop,LANE_KEEP,near_straight_lt5deg,0.04727765324401266,21.021701043215412,2.666198993586439,0.036866419849091864,0.023157543065960733,0.25375598576636843,0.12615320231723556,-0.22017599745968683
43135,session_046_20260210-100504,20260210-101114,235,nonstop,LANE_KEEP,near_straight_lt5deg,0.04724719413207258,21.055868672860033,2.498591239927466,0.011818570040572721,0.043326073796810326,0.131974971901726,-0.0564348794927355,-0.1193000317900284
43140,session_046_20260210-100504,20260210-101114,240,nonstop,LANE_KEEP,near_straight_lt5deg,0.09979074119848622,21.019036932876965,2.324846141723217,0.07551562796431205,0.060281924742334396,0.1937630746624024,0.05152283635474933,-0.18678738296948602
43145,session_046_20260210-100504,20260210-101114,245,nonstop,LANE_KEEP,near_straight_lt5deg,0.12178752433789002,21.094702559210674,2.2175850069588576,0.059635588026223554,0.09829515732225783,0.5847910752463603,-0.25859386270670676,-0.5245091189466767
43150,session_046_20260210-100504,20260210-101114,250,nonstop,LANE_KEEP,near_straight_lt5deg,0.06271169492681405,21.171335412553084,2.037166226619898,0.048069547118003625,0.035672005393043396,0.33884460600790206,-0.19317717271753163,-0.27838506957362374
43155,session_046_20260210-100504,20260210-101114,255,nonstop,LANE_KEEP,near_straight_lt5deg,0.13407624811283153,21.223784565474098,1.8692966356234235,0.09312675049827533,0.07462580261882708,0.5132089525033919,-0.4787531116755526,-0.18487532823663833
43160,session_046_20260210-100504,20260210-101114,260,nonstop,LANE_KEEP,near_straight_lt5deg,0.10006421179632563,21.29183331035723,1.8598705590937061,0.06545415985081024,0.06929094800049282,0.5568374081272494,-0.3376788692330911,-0.44276503968056674
43165,session_046_20260210-100504,20260210-101114,265,nonstop,LANE_KEEP,near_straight_lt5deg,0.09316664918637971,21.351260149246606,1.9738928576542023,0.04390048150500945,0.08115717310507428,0.5562090517113,-0.25628236283551076,-0.4936475055188988
43170,session_046_20260210-100504,20260210-101114,270,nonstop,LANE_KEEP,near_straight_lt5deg,0.17338852783124858,21.437711480310924,2.2410868602851863,0.07320386975909735,0.15587835942277628,0.6310249227594463,-0.30859643534452763,-0.550418652696487
43175,session_046_20260210-100504,20260210-101114,275,nonstop,LANE_KEEP,near_straight_lt5deg,0.15289975890816293,21.52164900190055,2.630175606136898,0.08751473532598981,0.11848838376719387,0.38332283051484334,-0.33285781947078813,-0.19011066359113976
43180,session_046_20260210-100504,20260210-101114,280,nonstop,LANE_KEEP,near_straight_lt5deg,0.19802578854372957,21.61416307628554,3.0018715704517036,0.11042502195375249,0.14928573025267652,0.3644216978351627,-0.3553639991253658,-0.08074405228058366
43185,session_046_20260210-100504,20260210-101114,285,nonstop,LANE_KEEP,near_straight_lt5deg,0.1093668591710315,21.65889571033052,3.1788680803553047,0.04688761759014181,0.09513155183519734,0.385501276736597,0.06673689062880098,0.37968068398951477
43190,session_046_20260210-100504,20260210-101114,290,nonstop,LANE_KEEP,near_straight_lt5deg,0.14852096827888023,21.664713215044017,3.1566328002610096,0.07733159949622634,0.12606800193921486,0.6794274576502407,0.39035692978179215,0.5560963383986651
43195,session_046_20260210-100504,20260210-101114,295,nonstop,LANE_KEEP,near_straight_lt5deg,0.14404787921055107,21.55088897489742,2.999860578657933,0.07518828824215162,0.11873818131335646,0.5125665406472553,0.2455063740897231,0.44994563990821307
43230,session_046_20260210-100504,20260210-101214,30,nonstop,LANE_KEEP,near_straight_lt5deg,0.09395308900950634,21.094633755994227,2.610996987091165,0.034671802174356725,0.077748510535258,0.21806069481015952,0.17376152406259687,0.13174748337836706
43235,session_046_20260210-100504,20260210-101214,35,nonstop,LANE_KEEP,near_straight_lt5deg,0.09542629242880446,21.024284204785026,2.4766086653331754,0.036682524233473304,0.078231449443947,0.240292652536627,0.2047747848659847,0.12572925811511754
43240,session_046_20260210-100504,20260210-101214,40,nonstop,LANE_KEEP,near_straight_lt5deg,0.07575604883300112,20.94972762360739,2.416691221162292,0.04616594278956234,0.05503481956832568,0.1018740467893298,0.014254420942896369,0.10087186373224834
43245,session_046_20260210-100504,20260210-101214,45,nonstop,LANE_KEEP,near_straight_lt5deg,0.07158537483063378,20.881190644971177,2.3656587562297826,0.04278561775825507,0.04944792874153479,0.318076512284411,0.24695778819545763,0.20046076552937367
43250,session_046_20260210-100504,20260210-101214,50,nonstop,LANE_KEEP,near_straight_lt5deg,0.10152919301403371,20.807544499276897,2.2153898107201706,0.07392124883018746,0.06046150330909683,0.39036418608738666,0.30801558975842613,0.23981366567699344
43255,session_046_20260210-100504,20260210-101214,55,nonstop,LANE_KEEP,near_straight_lt5deg,0.07567752125012622,20.749484746878846,2.0393495374362187,0.03156984684312568,0.062077936442997785,0.2016957633103404,0.05629948303958422,0.19367898478362702
43260,session_046_20260210-100504,20260210-101214,60,nonstop,LANE_KEEP,near_straight_lt5deg,0.09016204758078038,20.663045525091782,1.8114992511954835,0.027480910515349767,0.08379743700182686,0.3848725530284475,0.036906094726365746,0.3830989718684764
43265,session_046_20260210-100504,20260210-101214,65,nonstop,LANE_KEEP,near_straight_lt5deg,0.1252918989650363,20.585211185603406,1.6347450693661436,0.011149670516002436,0.12412860586538592,0.3244964270063496,-0.026671530807244846,0.32339845482668184
43270,session_046_20260210-100504,20260210-101214,70,nonstop,LANE_KEEP,near_straight_lt5deg,0.14005571815731727,20.550000465816026,1.7198691573535598,0.07161505719340726,0.11976275550488258,0.3464570777144292,-0.2181163885745477,0.2691797684329544
43275,session_046_20260210-100504,20260210-101214,75,nonstop,LANE_KEEP,near_straight_lt5deg,0.1870168577211926,20.505422734430372,1.946573324795893,0.13937899881714944,0.12190601382275781,0.33881672057451695,-0.3111828477707887,0.13402240631376713
43280,session_046_20260210-100504,20260210-101214,80,nonstop,LANE_KEEP,near_straight_lt5deg,0.10258113718668578,20.440307407115807,2.454360833577807,0.049561594221752284,0.08776672031002912,0.10805480334532008,0.06295435053858073,-0.08782135431807743
43285,session_046_20260210-100504,20260210-101214,85,nonstop,LANE_KEEP,near_straight_lt5deg,0.11376067359692982,20.543021625063382,2.7400750406477363,0.025697623228380748,0.10779122329802887,0.5309335515548382,0.10371307652275505,-0.5207053235034373
43290,session_046_20260210-100504,20260210-101214,90,nonstop,LANE_KEEP,near_straight_lt5deg,0.06285856258826011,20.649757809179537,2.8795779739607537,0.04097610533406802,0.040771030766886554,0.18542585304413203,0.18530028974941484,-0.0068227264291452734
43295,session_046_20260210-100504,20260210-101214,95,nonstop,LANE_KEEP,near_straight_lt5deg,0.08350821679738284,20.744850722666385,2.9322865720464857,0.07611304213071604,0.03061848063633874,0.35518716173046627,0.29251272162986264,-0.20148009217497115
43300,session_046_20260210-100504,20260210-101214,100,nonstop,LANE_KEEP,near_straight_lt5deg,0.11978963312482999,20.85044725128262,2.685933136077269,0.0975139036426033,0.06664817520268343,0.2836483463686647,0.27478203248510563,0.07036489906929694
43305,session_046_20260210-100504,20260210-101214,105,nonstop,LANE_KEEP,near_straight_lt5deg,0.1436352806176751,20.899336506781548,2.400135457688846,0.07403987293606637,0.11049008469120648,0.3591261727001128,-0.33734034186336603,0.12317914462171989
43310,session_046_20260210-100504,20260210-101214,110,nonstop,LANE_KEEP,near_straight_lt5deg,0.04940279301460669,21.006257636668938,2.411329948986708,0.015387671405156183,0.040892287019780774,0.1616444258436893,0.022148669067238447,-0.1601198203374146
43315,session_046_20260210-100504,20260210-101214,115,nonstop,LANE_KEEP,near_straight_lt5deg,0.04566886807136199,21.016292080325787,2.517455281282886,0.026636442006446746,0.03142107759075819,0.11478360089700254,-0.10986097038828196,0.03325420605318061
43320,session_046_20260210-100504,20260210-101214,120,nonstop,LANE_KEEP,near_straight_lt5deg,0.1061175438030473,21.206826228027406,2.5191261024246185,0.04253667892621804,0.0933449842869901,0.2118858314817767,-0.12537842198343732,-0.1708094168471604
43325,session_046_20260210-100504,20260210-101214,125,nonstop,LANE_KEEP,near_straight_lt5deg,0.11961904447924905,21.185806806265457,2.418682185381578,0.057095337785878254,0.10474027875551951,0.443371412317285,-0.18107137330136533,0.4047114614524545
43330,session_046_20260210-100504,20260210-101214,130,nonstop,LANE_KEEP,near_straight_lt5deg,0.13620637288162457,21.156255521449406,2.426558087804692,0.03507606483576377,0.13125961560575164,0.19171160466151801,0.05050180752355144,-0.18494027900581406
43335,session_046_20260210-100504,20260210-101214,135,nonstop,LANE_KEEP,near_straight_lt5deg,0.16560491284936762,21.214289899201074,2.352743630541934,0.025429121837217614,0.16321840762340278,0.267399756820467,-0.06105643108763623,-0.26033582575297937
43340,session_046_20260210-100504,20260210-101214,140,nonstop,LANE_KEEP,near_straight_lt5deg,0.07487993009937123,21.219909455701483,2.0522243267349958,0.04666271417398124,0.05671746706596589,0.307456670356792,-0.2203681387240207,0.2144002975328995
43345,session_046_20260210-100504,20260210-101214,145,nonstop,LANE_KEEP,near_straight_lt5deg,0.10059717347640267,21.166512493510144,1.8345903762118438,0.07316135999806703,0.06687575835177088,0.2550360697134615,-0.16600984391638754,0.19360818313735148
43350,session_046_20260210-100504,20260210-101214,150,nonstop,LANE_KEEP,near_straight_lt5deg,0.047412433343110384,21.10198508737546,1.9532583807700727,0.045430004398899625,0.010984286532187172,0.030488364473376196,0.02514178216334407,0.017246192562776916
43355,session_046_20260210-100504,20260210-101214,155,nonstop,LANE_KEEP,near_straight_lt5deg,0.08477695731385729,21.10589344737347,1.9967786489403767,0.05198791541783505,0.05626511015775588,0.21790609552435272,0.03218252171618047,0.2155164767776606
43360,session_046_20260210-100504,20260210-101214,160,nonstop,LANE_KEEP,near_straight_lt5deg,0.19041426393062372,21.04015466671902,2.124236612896697,0.0994177672605446,0.15839244869911726,0.43315534224209634,-0.09304690645510247,0.42304352460710587
43365,session_046_20260210-100504,20260210-101214,165,nonstop,LANE_KEEP,near_straight_lt5deg,0.1632408316350355,21.01134374629792,2.3502028910576755,0.14345673382201782,0.07024984230185381,0.26279869973637004,-0.16885152836488954,0.2013760610200917
43370,session_046_20260210-100504,20260210-101214,170,nonstop,LANE_KEEP,near_straight_lt5deg,0.06621900157473883,20.928280959295414,2.5052133135994588,0.0601941505393848,0.01731616268127878,0.25064714233602753,0.24430723057787423,0.05601756018059183
43375,session_046_20260210-100504,20260210-101214,175,nonstop,LANE_KEEP,near_straight_lt5deg,0.13749536904011947,20.921003933159948,2.7834766576049663,0.07984633277575592,0.09515440704588507,0.5066710670382113,0.5007416781532007,-0.07728739828688794
43380,session_046_20260210-100504,20260210-101214,180,nonstop,LANE_KEEP,near_straight_lt5deg,0.12051502622000647,20.83926250961837,2.7908001332833656,0.0734450527059548,0.0850607941758614,0.5230590925391834,0.3248454315609122,0.40995885144965305
43385,session_046_20260210-100504,20260210-101214,185,nonstop,LANE_KEEP,near_straight_lt5deg,0.0892357277383378,20.809822690395055,3.0483594942015606,0.06909053540133714,0.05451486037790096,0.500980956364647,0.40199741616858714,0.2989648742474877
43390,session_046_20260210-100504,20260210-101214,190,nonstop,LANE_KEEP,near_straight_lt5deg,0.14056952517155968,20.788633609535076,2.979632263197033,0.06022924014975134,0.12492578164558227,0.5927270190760205,0.3239844860613571,0.4963460203671461
43395,session_046_20260210-100504,20260210-101214,195,nonstop,LANE_KEEP,near_straight_lt5deg,0.21328613523363757,20.68980265978514,2.839694200266562,0.032957945605023124,0.20801089633974376,0.7205119749790123,-0.08348753175950599,0.7156586743195826
43400,session_046_20260210-100504,20260210-101214,200,nonstop,LANE_KEEP,near_straight_lt5deg,0.17064221996796225,20.551028306640763,2.6156126836999944,0.057962725568666315,0.15680724379173636,0.47133625022598036,-0.2799405505294417,0.3791980339431642
43405,session_046_20260210-100504,20260210-101214,205,nonstop,LANE_KEEP,near_straight_lt5deg,0.058030949250857514,20.398750594285637,2.267931000373247,0.03632079667105219,0.04212609947266148,0.22738584303017526,0.106492418258867,-0.2009071588170069
43410,session_046_20260210-100504,20260210-101214,210,nonstop,LANE_KEEP,near_straight_lt5deg,0.0738253337940308,20.44343483937195,1.9067116158458344,0.04702164741599202,0.05492395317184784,0.2517875828163141,-0.16060112732339143,-0.1939181909026021
43415,session_046_20260210-100504,20260210-101214,215,nonstop,LANE_KEEP,near_straight_lt5deg,0.041647040238908695,20.51989298620581,1.7398741496402794,0.014407550341009842,0.03608893393296665,0.11876529491109838,-0.09648415889582102,0.06925317579350519
43420,session_046_20260210-100504,20260210-101214,220,nonstop,LANE_KEEP,near_straight_lt5deg,0.03772251860992286,20.570803991718655,1.6859809172762072,0.030153178636250402,0.015486649774162541,0.15289932667230274,-0.14140597556885842,0.05815972979874448
43425,session_046_20260210-100504,20260210-101214,225,nonstop,LANE_KEEP,near_straight_lt5deg,0.048155414429633565,20.631158955350678,1.6193220687931607,0.025520506047561068,0.03730944844398642,0.15580016893300758,-0.07537916282233305,0.13635129061273277
43430,session_046_20260210-100504,20260210-101214,230,nonstop,LANE_KEEP,near_straight_lt5deg,0.06051269788826629,20.65542307068107,1.9932435328056506,0.030630124277732398,0.04721836018146494,0.29875042029139814,-0.05010061933687297,0.29451950965317863
43435,session_046_20260210-100504,20260210-101214,235,nonstop,LANE_KEEP,near_straight_lt5deg,0.07250039779608729,20.674984633105428,2.2654375967846714,0.010655444230266747,0.07137840819948749,0.30739207758712783,0.07937205781490345,0.29696795416603194
43440,session_046_20260210-100504,20260210-101214,240,nonstop,LANE_KEEP,near_straight_lt5deg,0.09673872147222445,20.683199526937997,2.393027418131834,0.042119457933533444,0.0822675264349555,0.39894904943681786,0.2497420106147958,0.3111097429856862
43445,session_046_20260210-100504,20260210-101214,245,nonstop,LANE_KEEP,near_straight_lt5deg,0.06986227437499251,20.607195973941945,2.491075306848872,0.03900253146497944,0.04801215129189148,0.26126245414146726,0.10627343200752298,0.23867137992093787
43450,session_046_20260210-100504,20260210-101214,250,nonstop,LANE_KEEP,near_straight_lt5deg,0.06456325046487771,20.486871057045057,2.4861647595496192,0.06209218409079677,0.011318688828407036,0.27118266500110555,0.2676260919017786,0.04377570936584124
43455,session_046_20260210-100504,20260210-101214,255,nonstop,LANE_KEEP,near_straight_lt5deg,0.0916357989442795,20.480240316010804,2.4502744226979627,0.036261358226778964,0.08412327297307594,0.18006344272137667,0.06092591020140794,-0.16944284248915464
43460,session_046_20260210-100504,20260210-101214,260,nonstop,LANE_KEEP,near_straight_lt5deg,0.10965138438569225,20.461940556555646,2.319188837238536,0.09338273052236054,0.05695027568160234,0.35010157720657153,-0.3096424941980018,0.1633788240543106
43465,session_046_20260210-100504,20260210-101214,265,nonstop,LANE_KEEP,near_straight_lt5deg,0.10594074554411947,20.405105704357144,1.955648430106888,0.09539455664972633,0.029825098876238243,0.14990721787794548,-0.01700987485860743,0.14893904165530383
43470,session_046_20260210-100504,20260210-101214,270,nonstop,LANE_KEEP,near_straight_lt5deg,0.06670964410377372,20.380980427129177,2.0383382136969983,0.046769489903004086,0.04107585639419263,0.25810494008263546,0.2209844951975253,0.13335671328191823
43475,session_046_20260210-100504,20260210-101214,275,nonstop,LANE_KEEP,near_straight_lt5deg,0.0529669764990559,20.30941027096762,1.844743440264867,0.030647637238950632,0.04070179089599311,0.2910112043383711,0.08221059806628378,0.27915755160133693
43480,session_046_20260210-100504,20260210-101214,280,nonstop,LANE_KEEP,near_straight_lt5deg,0.1067784019093709,20.333362130966027,1.6796145840883268,0.04609065849666983,0.0857458565881041,0.11741472836720705,0.09642265989759628,0.06699917235173501
43485,session_046_20260210-100504,20260210-101214,285,nonstop,LANE_KEEP,near_straight_lt5deg,0.13292825255708698,20.325876340031005,1.5227562337480223,0.03758051484607034,0.1171345417347896,0.6252951845099487,-0.1845535327171356,0.5974395880195384
43490,session_046_20260210-100504,20260210-101214,290,nonstop,LANE_KEEP,near_straight_lt5deg,0.13233628114934332,20.168010380482713,1.412320500350255,0.0235851227921944,0.12484412212849719,0.6307479838615433,-0.14647594611800172,0.6135045365392484
43495,session_046_20260210-100504,20260210-101214,295,nonstop,LANE_KEEP,near_straight_lt5deg,0.06446717751708929,20.03364505565313,1.3734758815084147,0.01878261363213399,0.06129080693915249,0.24756333634641609,-0.06045912465143537,0.2400672817135874
75930,session_076_20260213-134648,20260213-134648,30,steady,LANE_KEEP,low_motion_or_partial_stop,0.006237140315670768,0.0010996132870046513,713.2290684414577,0.0,0.0,0.01713841374195643,,
75935,session_076_20260213-134648,20260213-134648,35,steady,LANE_KEEP,low_motion_or_partial_stop,0.0056168114884284255,0.0011898781279101119,353.22915428253884,0.0,0.0,0.01713323705855713,,
75940,session_076_20260213-134648,20260213-134648,40,steady,LANE_KEEP,low_motion_or_partial_stop,0.006285549183599944,0.00039236180554170705,507.0410911514993,0.0,0.0,0.018149871815144398,,
75945,session_076_20260213-134648,20260213-134648,45,steady,LANE_KEEP,low_motion_or_partial_stop,0.006261440086046268,0.0007275076156974392,179.22198156151728,0.0,0.0,0.01780074827391874,,
75950,session_076_20260213-134648,20260213-134648,50,steady,LANE_KEEP,low_motion_or_partial_stop,0.006067388338984438,0.0007994493999408206,183.17420505886278,0.0,0.0,0.018154312353273923,,
75955,session_076_20260213-134648,20260213-134648,55,steady,LANE_KEEP,low_motion_or_partial_stop,0.006354813912961886,0.000725332065678126,189.2634078265176,0.0,0.0,0.018053580939638197,,
75960,session_076_20260213-134648,20260213-134648,60,steady,LANE_KEEP,low_motion_or_partial_stop,0.006175030008914795,0.0006668934046019004,267.18984930654835,0.0,0.0,0.018723094219682025,,
75965,session_076_20260213-134648,20260213-134648,65,steady,LANE_KEEP,low_motion_or_partial_stop,0.007076385485181573,0.0008415330437166055,378.74279753583244,0.0,0.0,0.01965883162612814,,
75970,session_076_20260213-134648,20260213-134648,70,steady,LANE_KEEP,low_motion_or_partial_stop,0.007231941125734746,0.0006871037879426092,548.5212611864931,0.0,0.0,0.025074901212304226,,
75975,session_076_20260213-134648,20260213-134648,75,steady,LANE_KEEP,low_motion_or_partial_stop,0.009565920668292937,0.0011389516567630402,331.13365830993564,0.0,0.0,0.035662035576177524,,
75980,session_076_20260213-134648,20260213-134648,80,steady,LANE_KEEP,low_motion_or_partial_stop,0.011385880880581893,0.00037010962462613817,357.4011437532359,0.0006785938770851716,0.002722168253943474,0.050498548964357654,0.01221468978753309,-0.04899902857098253
75985,session_076_20260213-134648,20260213-134648,85,depart,LANE_KEEP,low_motion_or_partial_stop,0.02822049349847786,0.00029583691890356956,360.15409957226603,0.0015249874455585256,0.01916693495409043,0.2938643225911093,0.016725396051045387,-0.29338797047402476
75990,session_076_20260213-134648,20260213-134648,90,depart,LANE_KEEP,low_motion_or_partial_stop,0.06513877124339987,0.0007076449031015158,360.1542240506866,0.0029592642750766217,0.054910279241694414,0.6398362586509826,0.013848650220025805,-0.6396863706313981
75995,session_076_20260213-134648,20260213-134648,95,depart,LANE_KEEP,low_motion_or_partial_stop,0.08618840570132821,0.004310096915942536,171.4785013098258,0.008354446909572067,0.05348547113569491,0.13438228533340335,-0.0565298190270368,0.12191381452566688
76000,session_076_20260213-134648,20260213-134648,100,depart,LANE_KEEP,low_motion_or_partial_stop,0.07408069247366694,0.007782512660088861,28.86600225089703,0.018647006719261186,0.052336880729887264,0.13846902578912312,-0.11392708257200848,0.0787038179481758
76005,session_076_20260213-134648,20260213-134648,105,depart,LANE_KEEP,near_straight_lt5deg,0.13181345584593565,0.1894028702443764,2.5980887166626996,0.024717319467070273,0.12821413703997625,0.3710743994188769,-0.13290541416478507,-0.3464568671418812
76010,session_076_20260213-134648,20260213-134648,110,nonstop,LANE_KEEP,near_straight_lt5deg,0.14686205199870647,0.6129792720339866,2.2011625896586593,0.02341460792018487,0.14410475898860853,0.21276652990550896,-0.09987960151854895,-0.18786607317056403
76015,session_076_20260213-134648,20260213-134648,115,nonstop,LANE_KEEP,near_straight_lt5deg,0.10810988743941587,1.1640525775501884,2.196935165475724,0.004486462875704782,0.10799814914665687,0.2731671110072163,0.0007734029825505161,0.27316601615840763
76020,session_076_20260213-134648,20260213-134648,120,nonstop,LANE_KEEP,near_straight_lt5deg,0.09409238520818569,1.6141881864331935,2.175307338034408,0.03462570290488046,0.0845180352525568,0.4768228941993251,0.0781577803579152,0.47037371716768434
76025,session_076_20260213-134648,20260213-134648,125,nonstop,LANE_KEEP,near_straight_lt5deg,0.08637736745680236,2.105846307639325,1.5491410580433487,0.04392665182890709,0.06518536200505892,0.19442010346859415,0.19102314025607664,0.036184755345948325
76030,session_076_20260213-134648,20260213-134648,130,nonstop,LANE_KEEP,near_straight_lt5deg,0.08336535468920012,2.6095240109736997,1.541880995216303,0.07253333781108644,0.03558203805730613,0.36786442634805805,0.28819339309547193,0.2286237178170818
76035,session_076_20260213-134648,20260213-134648,135,nonstop,LANE_KEEP,near_straight_lt5deg,0.05178369743742693,3.109307875270544,1.5758708871352505,0.04496447918223075,0.023353711252353443,0.26710128700996005,0.2078800638435319,0.16771695376075174
76040,session_076_20260213-134648,20260213-134648,140,nonstop,LANE_KEEP,near_straight_lt5deg,0.09186774266306225,3.606126876417383,1.560444048924041,0.021400667077503793,0.0831543914859143,0.11642278596640993,0.11559008383612054,0.013899554343183658
76045,session_076_20260213-134648,20260213-134648,145,nonstop,LANE_KEEP,near_straight_lt5deg,0.05393068713725162,4.106436862116537,1.5553258418629379,0.029341458707819155,0.04000235456853439,0.26159200343332667,0.16803659971185284,0.2004846064353574
76050,session_076_20260213-134648,20260213-134648,150,nonstop,LANE_KEEP,near_straight_lt5deg,0.02884951094911916,4.581088265472544,1.5674969757276747,0.014373862947742939,0.02358249311977307,0.09418309491539358,0.019827239256105935,0.09207244946955179
76055,session_076_20260213-134648,20260213-134648,155,nonstop,LANE_KEEP,near_straight_lt5deg,0.051403553312938804,4.992966288422053,1.574405790825824,0.015775306351493375,0.04832356138275889,0.030383281771272128,-0.007681757366420553,0.029396163269310518
76060,session_076_20260213-134648,20260213-134648,160,nonstop,LANE_KEEP,near_straight_lt5deg,0.03981217237132264,5.38496855050044,1.5761195433906239,0.033999160283591734,0.0183294532532477,0.15460716674437094,-0.15216265509167828,0.0273843459694163
76065,session_076_20260213-134648,20260213-134648,165,nonstop,LANE_KEEP,near_straight_lt5deg,0.06504285013984944,5.766566719814434,1.3552255373411144,0.03844426392418516,0.05023185139583135,0.2517464618772098,-0.20838811965292056,0.14124685007182813
76070,session_076_20260213-134648,20260213-134648,170,nonstop,LANE_KEEP,near_straight_lt5deg,0.06085829423019769,6.104837942675139,1.4135400671550615,0.029740136478101184,0.051007965896732246,0.1604927912586048,-0.10626385712089333,0.12027438927622312
76075,session_076_20260213-134648,20260213-134648,175,nonstop,LANE_KEEP,near_straight_lt5deg,0.04689669015166154,6.426870894708696,1.554258607963641,0.024177946858750524,0.03814774978501922,0.043700717972554794,0.035262355569763,0.0258131561609265
76080,session_076_20260213-134648,20260213-134648,180,nonstop,LANE_KEEP,near_straight_lt5deg,0.07035106386179726,6.744197651452081,1.6098793831993479,0.014710192462454405,0.06837532525371984,0.17548907858060228,0.018790580651690376,0.17448017302788624
76085,session_076_20260213-134648,20260213-134648,185,nonstop,LANE_KEEP,near_straight_lt5deg,0.060902105426273875,7.040324851979338,1.5979669288349114,0.05273158775111049,0.027609430819184863,0.2521252319044657,-0.2260029169650439,0.11175783679980598
76090,session_076_20260213-134648,20260213-134648,190,nonstop,LANE_KEEP,near_straight_lt5deg,0.02890221363249126,7.2990980955137195,1.5506265066637557,0.006259260012520653,0.02560911713358656,0.07811362700198506,-0.016522817808790332,0.07634615389829909
76095,session_076_20260213-134648,20260213-134648,195,nonstop,LANE_KEEP,near_straight_lt5deg,0.05303311526032027,7.584273067347786,1.53163552167857,0.009371099403278637,0.04849462215639547,0.03128245185310407,0.02777015994959906,0.014401736364600579
76100,session_076_20260213-134648,20260213-134648,200,nonstop,LANE_KEEP,near_straight_lt5deg,0.04109923715949618,7.845338992245134,1.5107863467930451,0.021552353401322225,0.03383238957779603,0.09336574683617804,-0.07863721483487021,0.05033240631334609
76105,session_076_20260213-134648,20260213-134648,205,nonstop,LANE_KEEP,near_straight_lt5deg,0.12282766965153186,8.12412765897876,1.4230297796912308,0.042870067668927696,0.10995172899252953,0.2360279651191574,-0.1779138026324228,-0.15509957817854145
76110,session_076_20260213-134648,20260213-134648,210,nonstop,LANE_KEEP,near_straight_lt5deg,0.09522114009308107,8.391020435811582,1.4524418081107173,0.028742719808197266,0.0906239347823659,0.19897510405130753,-0.04389004632957141,-0.19407409890404417
76115,session_076_20260213-134648,20260213-134648,215,nonstop,LANE_KEEP,near_straight_lt5deg,0.10506224882786504,8.689935934044312,1.5867184179078637,0.02001967872588234,0.10240923498337547,0.2952679330245988,0.020356047952792958,-0.2945654147797439
76120,session_076_20260213-134648,20260213-134648,220,nonstop,LANE_KEEP,near_straight_lt5deg,0.07232619734307194,8.96381356151141,1.6760464287195347,0.021416516869808017,0.06211802142930884,0.11800716834978821,0.08986685719798349,0.07648293770046036
76125,session_076_20260213-134648,20260213-134648,225,nonstop,LANE_KEEP,near_straight_lt5deg,0.0576088319617244,9.205974024974132,1.6746435651559715,0.03514635403516872,0.044187771499342075,0.2096898328500031,0.1508512848943107,0.1456492905797956
76130,session_076_20260213-134648,20260213-134648,230,nonstop,LANE_KEEP,near_straight_lt5deg,0.08828122282054005,9.392923951446068,1.6371601624115801,0.025133371119348498,0.08082814623849864,0.3057773339577004,0.12239046853584598,0.28021483039599304
76135,session_076_20260213-134648,20260213-134648,235,nonstop,LANE_KEEP,near_straight_lt5deg,0.03616557087850289,9.586827219959579,1.6434455431849666,0.023809225034254596,0.025225813025363798,0.08482501490352244,0.0771049038053595,0.03535699312086735
76140,session_076_20260213-134648,20260213-134648,240,nonstop,LANE_KEEP,near_straight_lt5deg,0.0770854640951632,9.78651350330804,1.5937672957821567,0.03431192684161076,0.05501584325867026,0.1940908071387338,-0.17447067623760107,0.08503660711105157
76145,session_076_20260213-134648,20260213-134648,245,nonstop,LANE_KEEP,near_straight_lt5deg,0.042192008293036286,9.95592529750572,1.5699542212812316,0.019147024578830392,0.03552730206718107,0.129404553671505,-0.048343355997173564,0.12003523833379917
76150,session_076_20260213-134648,20260213-134648,250,nonstop,LANE_KEEP,near_straight_lt5deg,0.024287478981045107,10.107333241311379,1.5601742994815264,0.01740993905233577,0.013306416609746014,0.04994804201237639,0.04528293913837519,0.02107753125630053
76155,session_076_20260213-134648,20260213-134648,255,nonstop,LANE_KEEP,near_straight_lt5deg,0.08378487161499432,10.297698728294215,1.5216167015718078,0.018256235189121655,0.08157923087489054,0.15267774862080957,0.03212922015278743,-0.14925886284000972
76160,session_076_20260213-134648,20260213-134648,260,nonstop,LANE_KEEP,near_straight_lt5deg,0.06438590091229048,10.505067151942614,1.572988171293723,0.021312284592218844,0.054473510167138764,0.1444610308930506,0.13748402117444328,-0.0443523772574611
76165,session_076_20260213-134648,20260213-134648,265,nonstop,LANE_KEEP,near_straight_lt5deg,0.09129669139885593,10.64911852537381,1.5626434544887744,0.05172347659604901,0.07476762264802644,0.30888202388214736,0.21565676792889185,0.22113403881807872
76170,session_076_20260213-134648,20260213-134648,270,nonstop,LANE_KEEP,near_straight_lt5deg,0.05225579783945538,10.811641051937556,1.5248932913184312,0.008589181383096793,0.050973086394326766,0.08567919369864242,0.038744511634668716,-0.07641849940322375
76175,session_076_20260213-134648,20260213-134648,275,nonstop,LANE_KEEP,near_straight_lt5deg,0.04792355556144842,10.923909529490599,1.4710267034163576,0.015151751544007858,0.041939577085530824,0.1886386399768403,0.06712882462998851,0.17629026460955868
76180,session_076_20260213-134648,20260213-134648,280,nonstop,LANE_KEEP,near_straight_lt5deg,0.05457019427009166,11.007759678890503,1.5040357844325045,0.01532679040694676,0.05202249944350057,0.17044106284063062,0.0782484523821108,0.15141775193829932
76185,session_076_20260213-134648,20260213-134648,285,nonstop,LANE_KEEP,near_straight_lt5deg,0.0615322651800647,11.076239065584609,1.459990773890064,0.016951737078521902,0.05892350767767801,0.15132724534752226,0.045842862028161575,-0.1442163901418148
76190,session_076_20260213-134648,20260213-134648,290,nonstop,LANE_KEEP,near_straight_lt5deg,0.02943465792038425,11.207856999821097,1.458799657388074,0.007873007389144725,0.02730071467693293,0.015619748077047194,-0.0037836037259450566,-0.01515456607215905
76195,session_076_20260213-134648,20260213-134648,295,nonstop,LANE_KEEP,near_straight_lt5deg,0.04565235348879865,11.286259169234004,1.4709496001467557,0.00926235799666899,0.04388252864744749,0.12639939243860102,-0.02796326131586159,0.12326744268227643
76230,session_076_20260213-134648,20260213-134718,30,nonstop,LANE_KEEP,near_straight_lt5deg,0.05683002546009406,11.903508839817562,1.4962014849234686,0.020518420157113033,0.05151929792966439,0.09512283719155795,0.059609424632344914,0.07412874375282796
76235,session_076_20260213-134648,20260213-134718,35,nonstop,LANE_KEEP,near_straight_lt5deg,0.06879334668321864,11.972963005090989,1.4521587097483186,0.00891777476429568,0.06806997759620276,0.14173399497080114,0.011072855175436503,0.14130080399150918
76240,session_076_20260213-134648,20260213-134718,40,nonstop,LANE_KEEP,near_straight_lt5deg,0.03400882884691462,12.066248079773061,1.4531647400054015,0.01106674358992515,0.03176701437033898,0.07719682888466098,0.0366395238597266,-0.06794774228169877
76245,session_076_20260213-134648,20260213-134718,45,nonstop,LANE_KEEP,near_straight_lt5deg,0.05908983386232132,12.157083996134148,1.2811192033440466,0.04728761237916561,0.029671018620530624,0.21580537842856853,-0.0903136418160831,-0.1959984884141047
76250,session_076_20260213-134648,20260213-134718,50,nonstop,LANE_KEEP,near_straight_lt5deg,0.043473715660947376,12.268580160911943,1.36370880152679,0.013051497506065369,0.040247092305725346,0.20469463847162334,0.02501840034082628,-0.20315997308381079
76255,session_076_20260213-134648,20260213-134718,55,nonstop,LANE_KEEP,near_straight_lt5deg,0.03311650688276917,12.3248206118928,1.66825640774752,0.017433407936777306,0.022642026786435336,0.057845015071264036,-0.003271880109625737,-0.057752407474866346
76260,session_076_20260213-134648,20260213-134718,60,nonstop,LANE_KEEP,near_straight_lt5deg,0.1065694566468112,12.413133478117526,1.955318998651129,0.027927858939451003,0.10046447090675299,0.24461308520012467,-0.04818105903572048,-0.23982107288835122
76265,session_076_20260213-134648,20260213-134718,65,nonstop,LANE_KEEP,near_straight_lt5deg,0.08913813159583145,12.504415490393193,1.8879188499565942,0.011009154331870346,0.08805586244738813,0.21993171592315547,-0.05070642423865836,-0.21400658450111476
76270,session_076_20260213-134648,20260213-134718,70,nonstop,LANE_KEEP,near_straight_lt5deg,0.060731476744086986,12.602425359361128,1.8428121538879023,0.021418415566562585,0.05646979180815632,0.02212361777967907,0.017753847807921823,-0.013200581490013288
76275,session_076_20260213-134648,20260213-134718,75,nonstop,LANE_KEEP,near_straight_lt5deg,0.05651290085048412,12.661305473565351,1.7526608316884351,0.035057300926450555,0.037356237856501114,0.2227648940148797,0.02980593871995906,0.22076187175887652
76280,session_076_20260213-134648,20260213-134718,80,nonstop,LANE_KEEP,near_straight_lt5deg,0.06538813013449621,12.648069537111043,1.6429734493273316,0.04120756973907509,0.04486160106574723,0.19558138986470996,0.03332752369275221,0.19272092835476048
76285,session_076_20260213-134648,20260213-134718,85,nonstop,LANE_KEEP,near_straight_lt5deg,0.048911121077685304,12.661208408176623,1.5392715392636522,0.015782450447534253,0.043810201767530615,0.10728500582966792,-0.09027404474546444,-0.057971280140822895
76290,session_076_20260213-134648,20260213-134718,90,nonstop,LANE_KEEP,near_straight_lt5deg,0.04180381648849365,12.63180285561234,1.432869116104183,0.02384727720977512,0.031660347670594446,0.1853306923402352,-0.08238110415692904,0.16601451503165657
76295,session_076_20260213-134648,20260213-134718,95,nonstop,LANE_KEEP,near_straight_lt5deg,0.020727705658827245,12.602233592251473,1.3655122649443123,0.017768026413362406,0.009448711135548725,0.05701072902362496,-0.05100186591630757,0.025476124054890626
76300,session_076_20260213-134648,20260213-134718,100,nonstop,LANE_KEEP,near_straight_lt5deg,0.0574553377884749,12.549545332339129,1.4243971234540167,0.03904201507500442,0.03935128289361953,0.23823290599622085,0.10826683755598242,0.21221029519095136
76305,session_076_20260213-134648,20260213-134718,105,nonstop,LANE_KEEP,near_straight_lt5deg,0.03964923142341522,12.533015293612992,1.488964819087419,0.022159703775436187,0.03218123394392737,0.1487666258947176,0.0508023452087932,0.13982356990645556
76310,session_076_20260213-134648,20260213-134718,110,nonstop,LANE_KEEP,near_straight_lt5deg,0.04283967556217308,12.470873036127559,1.4911227120425397,0.025200571894201686,0.031669103092027626,0.1369820813777942,0.015872753276594737,0.13605934852854834
76315,session_076_20260213-134648,20260213-134718,115,nonstop,LANE_KEEP,near_straight_lt5deg,0.026427547181511128,12.485978041113171,1.437404875639491,0.021621558378580076,0.011655470189620789,0.15585450531833517,-0.1487479828091795,0.046525954457947556
76320,session_076_20260213-134648,20260213-134718,120,nonstop,LANE_KEEP,near_straight_lt5deg,0.12365357282080666,12.452370758094695,1.4208809707240273,0.02594312166646514,0.11947953606677024,0.38549304637335696,-0.11411462343438614,0.3682156182464825
76325,session_076_20260213-134648,20260213-134718,125,nonstop,LANE_KEEP,near_straight_lt5deg,0.06181277253013879,12.462318812650448,1.407083713304808,0.02520819437713945,0.054322703373923906,0.09287011497167091,-0.07303476521574168,0.05736533208073379
76330,session_076_20260213-134648,20260213-134718,130,nonstop,LANE_KEEP,near_straight_lt5deg,0.07756340473271231,12.455726641013314,1.315052375899307,0.003240027841158209,0.07745553810651029,0.04685257725248456,-0.006138035650346515,-0.04644877300376307
76335,session_076_20260213-134648,20260213-134718,135,nonstop,LANE_KEEP,near_straight_lt5deg,0.06015896496964051,12.465029878464437,1.3393872272187888,0.01006629339961031,0.05925956521467577,0.12487567528229564,-0.011745131780105956,-0.12432210646814705
76340,session_076_20260213-134648,20260213-134718,140,nonstop,LANE_KEEP,near_straight_lt5deg,0.055117955052088934,12.480822183307726,1.3627655765228492,0.03331678887416312,0.041577497942974904,0.2220004561015307,0.08447628096694322,-0.20529968451822259
76345,session_076_20260213-134648,20260213-134718,145,nonstop,LANE_KEEP,near_straight_lt5deg,0.04352794312077563,12.554867590858384,1.3027517287101746,0.013466393783690283,0.040532705232126834,0.20414424969256895,0.04041550961717722,-0.20010362631628092
76350,session_076_20260213-134648,20260213-134718,150,nonstop,LANE_KEEP,near_straight_lt5deg,0.03645752161521494,12.642629538896681,1.4900636719486995,0.0059254377991613365,0.035811621912321796,0.16491138853944617,0.03371988670507632,-0.16142718268806217
76355,session_076_20260213-134648,20260213-134718,155,nonstop,LANE_KEEP,near_straight_lt5deg,0.031299427463475624,12.738091494172771,1.5634607761544963,0.005890766614770806,0.030227325064317093,0.10670482391711326,0.0013293204889195582,-0.10669654330961188
76360,session_076_20260213-134648,20260213-134718,160,nonstop,LANE_KEEP,near_straight_lt5deg,0.04463255961429708,12.75802926132513,1.5984552791347633,0.014264144928771996,0.04102406017420672,0.14332314231856078,-0.09444523779533208,0.1078036185934851
76365,session_076_20260213-134648,20260213-134718,165,nonstop,LANE_KEEP,near_straight_lt5deg,0.11490893567966651,12.830604397521702,1.6095099723559432,0.026165683878535708,0.11129955788985588,0.258547439049257,0.052474854352190715,-0.25316628507691474
76370,session_076_20260213-134648,20260213-134718,170,nonstop,LANE_KEEP,near_straight_lt5deg,0.04914367617069951,12.874288988567656,1.5859180681268257,0.030648023147528833,0.036377937437244656,0.23273557911926143,0.10675652492847261,0.20680641714698897
76375,session_076_20260213-134648,20260213-134718,175,nonstop,LANE_KEEP,near_straight_lt5deg,0.08895177651877215,12.922733803122137,1.5243349358202563,0.04521176324031646,0.07160656428243391,0.539864856111476,0.16160557084888935,0.5151094081210995
76380,session_076_20260213-134648,20260213-134718,180,nonstop,LANE_KEEP,near_straight_lt5deg,0.11132458023445672,12.911043570180142,1.3492851376140267,0.026374291507945083,0.10809347458987825,0.6599198600343825,0.158022047030042,0.6407208864398244
76385,session_076_20260213-134648,20260213-134718,185,nonstop,LANE_KEEP,near_straight_lt5deg,0.1498983785463666,12.78959545896749,1.27275669626787,0.04445410928875191,0.14305407449075241,0.7274305142260797,0.21327872958670469,0.695461959084104
76390,session_076_20260213-134648,20260213-134718,190,nonstop,LANE_KEEP,near_straight_lt5deg,0.12222947180163798,12.64256640248538,1.3399708091172235,0.09963850266765006,0.06904869510301476,0.4328855759966487,0.3319922752568048,0.2777967801752933
76395,session_076_20260213-134648,20260213-134718,195,nonstop,LANE_KEEP,near_straight_lt5deg,0.1031868787709321,12.496989670954058,1.3717856871117575,0.09760694729481657,0.02368088225794688,0.3154775760905052,0.31225812899896727,-0.044955109720752014
76400,session_076_20260213-134648,20260213-134718,200,nonstop,LANE_KEEP,near_straight_lt5deg,0.11492892628994256,12.43188027401686,1.3165285721405793,0.10175006045399965,0.053156652471569796,0.36873687369549757,0.3159826711483567,-0.190057448043161
76405,session_076_20260213-134648,20260213-134718,205,nonstop,LANE_KEEP,near_straight_lt5deg,0.03572671744791299,12.396510454256179,1.2682560575556932,0.031488537080547774,0.014647009648541884,0.08115692058544899,-0.07569063066082367,-0.029280952666872945
76410,session_076_20260213-134648,20260213-134718,210,nonstop,LANE_KEEP,near_straight_lt5deg,0.022963422404768785,12.350504188253199,1.1554500744637595,0.008005975599310752,0.019992134418122275,0.10808853048744146,-0.04672394152701505,-0.09746796248570419
76415,session_076_20260213-134648,20260213-134718,215,nonstop,LANE_KEEP,near_straight_lt5deg,0.034665857208024516,12.300639165675765,1.444775762243543,0.013227653335556897,0.03053905681577042,0.1222227643778208,-0.024295689360653797,-0.11978365335323062
76420,session_076_20260213-134648,20260213-134718,220,nonstop,LANE_KEEP,near_straight_lt5deg,0.05886907053363338,12.31182114500691,1.6399252258109258,0.02756367050278591,0.04843462471603249,0.2962258999027829,-0.1628737508401122,-0.24743064697099798
76425,session_076_20260213-134648,20260213-134718,225,nonstop,LANE_KEEP,near_straight_lt5deg,0.056196873480372826,12.310243573251908,2.013771419694314,0.024587091005492712,0.04613710583279498,0.09638673865776663,-0.0963399687997112,0.0030022992441258015
76430,session_076_20260213-134648,20260213-134718,230,nonstop,LANE_KEEP,near_straight_lt5deg,0.07121568964876088,12.27316646818563,2.518727298937611,0.040050170948634355,0.050421908330302447,0.11536901167620309,0.10501145031631992,-0.04777660680298423
76435,session_076_20260213-134648,20260213-134718,235,nonstop,LANE_KEEP,near_straight_lt5deg,0.05566255956728217,12.26958739322213,2.8346796524038895,0.010753230194553452,0.05387667608193068,0.23871224159156876,-0.09113318406649237,-0.22063154137061708
76440,session_076_20260213-134648,20260213-134718,240,nonstop,LANE_KEEP,near_straight_lt5deg,0.04569385416797661,12.258081101568026,3.491138661526767,0.037166892988251966,0.02420492173448562,0.0750385375139875,-0.07339125734909437,0.015636670264385255
76445,session_076_20260213-134648,20260213-134718,245,nonstop,LANE_KEEP,near_straight_lt5deg,0.07146980201553124,12.292060060303669,4.142687123008622,0.043338390848375506,0.04737564199896672,0.32303700857811346,-0.30757624325793415,-0.0987408906909001
76450,session_076_20260213-134648,20260213-134718,250,nonstop,LANE_KEEP,near_straight_lt5deg,0.06716339880831458,12.260207708804293,4.812061709481079,0.05273303443614351,0.030877846903630102,0.3465814208408117,-0.3458690012493006,-0.022210701178647447
76455,session_076_20260213-134648,20260213-134718,255,nonstop,LANE_KEEP,gentle_bend_5to15deg,0.0733977813946391,12.257702888151506,5.0439841629428654,0.06187866587241524,0.03845672582448858,0.43333678947807425,-0.3807673565190152,-0.20687434187130604
76460,session_076_20260213-134648,20260213-134718,260,nonstop,LANE_KEEP,gentle_bend_5to15deg,0.07539467978536993,12.241477123864064,5.262105666783639,0.06338362374437392,0.03258953723400556,0.34396667896460437,-0.31941618572631136,-0.12761808858462725
76465,session_076_20260213-134648,20260213-134718,265,nonstop,LANE_KEEP,gentle_bend_5to15deg,0.06718736995018454,12.231885079566668,5.123206525832712,0.05299236800781616,0.034806884328608186,0.3228264569726418,-0.28258577337040025,-0.15608395820891313
76470,session_076_20260213-134648,20260213-134718,270,nonstop,LANE_KEEP,gentle_bend_5to15deg,0.07942279240668165,12.252534386780823,5.14236544241398,0.06693509223603065,0.033247801000142005,0.40087497918677606,-0.3659018920394314,-0.16375760849488008
76475,session_076_20260213-134648,20260213-134718,275,nonstop,LANE_KEEP,gentle_bend_5to15deg,0.066125018566214,12.300444350702907,5.122868029129069,0.053360240142109105,0.03194186166633724,0.2615237407611463,-0.2141596470118361,-0.15010100790290862
76480,session_076_20260213-134648,20260213-134718,280,nonstop,LANE_KEEP,gentle_bend_5to15deg,0.08358020820426622,12.338499755200953,5.272654329122316,0.07885907801589416,0.017807450531699975,0.32360437796237607,-0.32260293624474534,-0.0254389261307381
76485,session_076_20260213-134648,20260213-134718,285,nonstop,LANE_KEEP,gentle_bend_5to15deg,0.08567500685746748,12.346481886250105,5.401419443657298,0.084349935004166,0.012025249951736872,0.3908009110251644,-0.3832132027343714,-0.07663545725161444
76490,session_076_20260213-134648,20260213-134718,290,nonstop,LANE_KEEP,gentle_bend_5to15deg,0.07921639835511454,12.371222565102473,5.49760755925607,0.0729736025035668,0.0290052303633455,0.48229017740036584,-0.4269823611525358,-0.2242540489745543
76495,session_076_20260213-134648,20260213-134718,295,nonstop,LANE_KEEP,gentle_bend_5to15deg,0.07129698462077713,12.391942405052564,5.478527896743876,0.06593528659209483,0.02255204475889183,0.39011710477271333,-0.34694734050155807,-0.1783785254876273
76530,session_076_20260213-134648,20260213-134758,30,nonstop,LANE_KEEP,gentle_bend_5to15deg,0.027686278746348755,11.923435672702537,5.038614626753498,0.01014130215152222,0.02335592034772694,0.06429026932155048,0.007479115599916107,0.06385375133287462
76535,session_076_20260213-134648,20260213-134758,35,nonstop,LANE_KEEP,near_straight_lt5deg,0.04060248684473451,11.84336220762442,4.958946811453505,0.01146887986761514,0.0384084911336591,0.164153203529435,0.07724623102205917,0.1448423074307461
76540,session_076_20260213-134648,20260213-134758,40,nonstop,LANE_KEEP,gentle_bend_5to15deg,0.10142680938917127,11.742558230238467,5.026456325105811,0.09241788518458921,0.03616761889909395,0.2702309637352646,-0.24786369788478285,0.10764925003069457
76545,session_076_20260213-134648,20260213-134758,45,nonstop,LANE_KEEP,near_straight_lt5deg,0.08303468467088974,11.681951679618454,4.886047799182897,0.07282296273927542,0.03672365895141672,0.1785903783822048,-0.1550419172511231,0.08863705289434536
76550,session_076_20260213-134648,20260213-134758,50,nonstop,LANE_KEEP,near_straight_lt5deg,0.10531623487373316,11.578535947277391,4.838841582286602,0.04735651930355207,0.0932156060552284,0.24378650178235114,-0.12007227665654072,0.212166224526411
76555,session_076_20260213-134648,20260213-134758,55,nonstop,LANE_KEEP,near_straight_lt5deg,0.05475176648974681,11.492684101692262,4.685653961731173,0.03809482946102446,0.03485736010095447,0.27757395709391813,0.2582518728034114,0.1017510287432364
76560,session_076_20260213-134648,20260213-134758,60,nonstop,LANE_KEEP,near_straight_lt5deg,0.08701438990632249,11.449463188121015,4.669186427369406,0.022784088589935803,0.07905726221265136,0.15620537722731254,0.14204220968354317,0.0649933115246743
76565,session_076_20260213-134648,20260213-134758,65,nonstop,LANE_KEEP,near_straight_lt5deg,0.030503993079425865,11.403984589430868,4.61424414320941,0.015254167405361847,0.026209411494625225,0.062290269407706635,-0.027904917019601454,0.05569015414787277
76570,session_076_20260213-134648,20260213-134758,70,nonstop,LANE_KEEP,near_straight_lt5deg,0.03546620808267986,11.341832758877043,4.425000998015478,0.033458187064758435,0.00829562486580845,0.12061781765968266,-0.10666684497854807,-0.05631023103581488
76575,session_076_20260213-134648,20260213-134758,75,nonstop,LANE_KEEP,near_straight_lt5deg,0.038884077011499554,11.291839924352109,4.088818951043037,0.03609145763561206,0.00801156676928387,0.11427768781149465,-0.10923111237346714,-0.033585026741040816
76580,session_076_20260213-134648,20260213-134758,80,nonstop,LANE_KEEP,near_straight_lt5deg,0.09347975411585355,11.283166396131643,3.9628798059271335,0.05695537029364958,0.07342407093038042,0.1478086544420308,-0.12396163706585417,0.08050410464018047
76585,session_076_20260213-134648,20260213-134758,85,nonstop,LANE_KEEP,near_straight_lt5deg,0.07343966322990302,11.20434658477243,3.790232150930859,0.04568225662175009,0.05723624549384124,0.021477481755292707,-0.01083408778523265,-0.018544669433850892
76590,session_076_20260213-134648,20260213-134758,90,nonstop,LANE_KEEP,near_straight_lt5deg,0.06473389278968883,11.158394041629204,3.87687442167351,0.019073402117490926,0.060752694105655994,0.2369423085580551,0.016110617180788087,-0.2363939626954857
76595,session_076_20260213-134648,20260213-134758,95,nonstop,LANE_KEEP,near_straight_lt5deg,0.07376454053019854,11.12928555419666,3.799835632645637,0.02577528986247634,0.06415174872848678,0.19488510357040592,0.08528468234418049,-0.17523334885546205
76600,session_076_20260213-134648,20260213-134758,100,nonstop,LANE_KEEP,near_straight_lt5deg,0.025827655001004545,11.116934543290348,4.087829661600225,0.016310472313208813,0.018611920065201733,0.16251446419327337,-0.11059733357055447,-0.11907636574530751
76605,session_076_20260213-134648,20260213-134758,105,nonstop,LANE_KEEP,near_straight_lt5deg,0.06985946328984624,11.105170603773304,4.3545210197854045,0.01768201065731079,0.06548488320370749,0.1615644398575256,-0.09884850737514539,-0.12779687326449676
76610,session_076_20260213-134648,20260213-134758,110,nonstop,LANE_KEEP,near_straight_lt5deg,0.08586331409761179,11.11716784814965,4.633839083422491,0.05238275487368933,0.06199177985201389,0.4569984876994695,-0.2496504080374476,-0.3827823030474869
76615,session_076_20260213-134648,20260213-134758,115,nonstop,LANE_KEEP,near_straight_lt5deg,0.0925578230408296,11.114322539998376,4.7391596394182125,0.029124591623630902,0.08245388644989335,0.4215834901807492,-0.20229694056095854,-0.36987644833465394
76620,session_076_20260213-134648,20260213-134758,120,nonstop,LANE_KEEP,near_straight_lt5deg,0.12593578228463273,11.158108624729351,4.85494160057626,0.016201430149777905,0.1209259468395509,0.6965958918062058,-0.06513507813045769,-0.6935439842419675
76625,session_076_20260213-134648,20260213-134758,125,nonstop,LANE_KEEP,gentle_bend_5to15deg,0.10304922009149198,11.24424775247257,5.031750194925317,0.04423396338465214,0.09095013619886633,0.4972851290571406,-0.21058414982130522,-0.45049618802539837
76630,session_076_20260213-134648,20260213-134758,130,nonstop,LANE_KEEP,near_straight_lt5deg,0.0664303757643757,11.356153718455651,4.686452240505551,0.030256338872468817,0.055475822109199185,0.2784299250260974,-0.07153151434379447,-0.2690844952904603
76635,session_076_20260213-134648,20260213-134758,135,nonstop,LANE_KEEP,near_straight_lt5deg,0.030984932495170637,11.429369782771753,4.225792677705417,0.015335468319298228,0.02490579067139236,0.08077599964690643,0.07814117070827067,-0.020462638131431808
76640,session_076_20260213-134648,20260213-134758,140,nonstop,LANE_KEEP,near_straight_lt5deg,0.0638152226114183,11.534143664028521,3.6246482412413434,0.025072182777974697,0.05649981821442376,0.0883921983302163,0.07979994986660578,-0.038015111823267056
76645,session_076_20260213-134648,20260213-134758,145,nonstop,LANE_KEEP,near_straight_lt5deg,0.08110343315626914,11.587544547962557,2.982967167341613,0.032464630444185794,0.07198627520448815,0.33815896335229784,0.20945313248205888,0.26548233423140194
76650,session_076_20260213-134648,20260213-134758,150,nonstop,LANE_KEEP,near_straight_lt5deg,0.0719201549809853,11.565270885489756,2.463025335639557,0.05935204077025734,0.03530355045032109,0.404131380265424,0.3856784252311043,0.12072416836115397
76655,session_076_20260213-134648,20260213-134758,155,nonstop,LANE_KEEP,near_straight_lt5deg,0.03385470574637165,11.531627210251035,2.057141343255147,0.01195415888401496,0.031014288368111917,0.10434100340459412,0.0606575478738444,-0.08489821480696633
76660,session_076_20260213-134648,20260213-134758,160,nonstop,LANE_KEEP,near_straight_lt5deg,0.05706916789876848,11.509841888386713,1.7230960870009162,0.025414298287245576,0.04992061498173212,0.18442639469482686,-0.06832708458447462,-0.17130237760264191
76665,session_076_20260213-134648,20260213-134758,165,nonstop,LANE_KEEP,near_straight_lt5deg,0.04278021930517224,11.47083485971392,1.5032932850004097,0.03449163561781269,0.019020038371917007,0.13364122678075982,-0.11312939324625745,-0.07114575095675157
76670,session_076_20260213-134648,20260213-134758,170,nonstop,LANE_KEEP,near_straight_lt5deg,0.04372489097925996,11.424379288892819,1.0718076077142202,0.03447659584668592,0.024970993051186084,0.1318125592233413,-0.0767348668595485,-0.10717420854409995
76675,session_076_20260213-134648,20260213-134758,175,nonstop,LANE_KEEP,near_straight_lt5deg,0.025556039611598684,11.406247710057078,1.0390348451364095,0.018681953134514723,0.01275092413395246,0.08106506266535377,-0.0059918656768512555,-0.08084331716752045
76680,session_076_20260213-134648,20260213-134758,180,nonstop,LANE_KEEP,near_straight_lt5deg,0.08039753277589047,11.359339652520697,1.0728179032149818,0.019720173844348373,0.07653895319925663,0.17122348833436798,0.10222685270581454,0.13735775749208035
76685,session_076_20260213-134648,20260213-134758,185,nonstop,LANE_KEEP,near_straight_lt5deg,0.07914708615227305,11.292731909910058,1.2608079822627973,0.020439156489256302,0.07293966116175746,0.12845089178989222,0.10118053654277333,0.0791336251320203
76690,session_076_20260213-134648,20260213-134758,190,nonstop,LANE_KEEP,near_straight_lt5deg,0.08029144992297552,11.269155745674734,1.720829044736344,0.07445338615553188,0.022395159858802333,0.24523779412287577,0.18729542805614938,-0.15830981743251987
76695,session_076_20260213-134648,20260213-134758,195,nonstop,LANE_KEEP,near_straight_lt5deg,0.10031861931918434,11.240978803236128,1.7806586135670521,0.06358010947032997,0.07491362666823465,0.1422371708246119,0.016056291037154412,0.14132801662204145
76700,session_076_20260213-134648,20260213-134758,200,nonstop,LANE_KEEP,near_straight_lt5deg,0.06477372489683968,11.197569609232403,1.5957355681808276,0.03942384731671535,0.04818624393484132,0.10361352026449032,-0.08630509041822773,0.05733404703578391
76705,session_076_20260213-134648,20260213-134758,205,nonstop,LANE_KEEP,near_straight_lt5deg,0.09945945999632307,11.187217732305594,1.4256038189764701,0.05934176495705003,0.06367611624872119,0.37430215301433695,-0.3733402611968288,0.02681699313218685
76710,session_076_20260213-134648,20260213-134758,210,nonstop,LANE_KEEP,near_straight_lt5deg,0.11105757771138909,11.150404457637784,1.29026109450061,0.05072658591704644,0.08788894512939059,0.2600550501581013,-0.2577941938698972,0.03421670234991136
76715,session_076_20260213-134648,20260213-134758,215,nonstop,LANE_KEEP,near_straight_lt5deg,0.0620901493255373,11.093113925169359,1.295446937798085,0.023999392905258102,0.054694027935062194,0.2218697857988968,-0.12547921789003016,-0.18297859909878722
76720,session_076_20260213-134648,20260213-134758,220,nonstop,LANE_KEEP,near_straight_lt5deg,0.055656443602560945,11.095000984390358,1.2889432131303942,0.015425217155585898,0.05291050626670657,0.37997568716426694,-0.1088677693237826,-0.3640457823384588
76725,session_076_20260213-134648,20260213-134758,225,nonstop,LANE_KEEP,near_straight_lt5deg,0.04693640536366205,11.172638792427126,1.3303574695428069,0.024706947906574565,0.03959938763763782,0.2729947232631285,-0.1491547388383049,-0.22864597702909442
76730,session_076_20260213-134648,20260213-134758,230,nonstop,LANE_KEEP,near_straight_lt5deg,0.05839606479573914,11.219892145147693,1.3715415992352102,0.056956843006290975,0.011895681736512013,0.2556659917214047,-0.2534243834256112,-0.03378137368785078
76735,session_076_20260213-134648,20260213-134758,235,nonstop,LANE_KEEP,near_straight_lt5deg,0.10249886376477749,11.28490650665848,1.3011519960894427,0.06865774326398405,0.0736475429832154,0.3698143327135045,-0.3146749495043337,-0.1942738192211695
76740,session_076_20260213-134648,20260213-134758,240,nonstop,LANE_KEEP,near_straight_lt5deg,0.06230390674054498,11.35185372220971,1.2770048934200637,0.033928160883183726,0.04054877838987462,0.2016115664908585,-0.19970492538325146,0.027661643489999183
76745,session_076_20260213-134648,20260213-134758,245,nonstop,LANE_KEEP,near_straight_lt5deg,0.05036913298352429,11.413522898964592,1.3599062305959668,0.03576170610288172,0.033141645973407165,0.22599021243543382,-0.18238773034176706,0.1334402185901663
76750,session_076_20260213-134648,20260213-134758,250,nonstop,LANE_KEEP,near_straight_lt5deg,0.061724573816039255,11.391233990576787,1.519565936223242,0.012131578684508018,0.057666727204282814,0.25049304830203495,-0.06651845113178187,0.24149961264290745
76755,session_076_20260213-134648,20260213-134758,255,nonstop,LANE_KEEP,near_straight_lt5deg,0.06402810721871374,11.361418162361495,1.916301449229693,0.04991957192402609,0.03796474365684726,0.14681812160615512,0.14362881133301633,-0.03043559408036177
76760,session_076_20260213-134648,20260213-134758,260,nonstop,LANE_KEEP,near_straight_lt5deg,0.06004012394138403,11.318194127137243,2.016815349417536,0.006532302007230983,0.05880352441264704,0.030064798123854042,-0.021679873850217597,-0.020829670090204234
76765,session_076_20260213-134648,20260213-134758,265,nonstop,LANE_KEEP,near_straight_lt5deg,0.13218519115367702,11.313984979642031,2.121358415400534,0.06852812118495746,0.10921297511096689,0.2945620970441024,0.24685093473244185,-0.16072163835880643
76770,session_076_20260213-134648,20260213-134758,270,nonstop,LANE_KEEP,near_straight_lt5deg,0.046818604356941365,11.297561906752177,2.0196786612951416,0.04099850784264268,0.020741564713953373,0.11322729443947194,0.1125954573101503,-0.011945007291793094
76775,session_076_20260213-134648,20260213-134758,275,nonstop,LANE_KEEP,near_straight_lt5deg,0.10313575702730003,11.259817595175532,1.8961995716378386,0.0914956982608084,0.04561350027495842,0.2861539106449931,0.2685497987817234,-0.09881834926631061
76780,session_076_20260213-134648,20260213-134758,280,nonstop,LANE_KEEP,near_straight_lt5deg,0.04181277379840776,11.231255546345386,1.7217877528377936,0.034806635428247815,0.015392164406394956,0.13179611990293538,0.04014137009901167,-0.12553440814391525
76785,session_076_20260213-134648,20260213-134758,285,nonstop,LANE_KEEP,near_straight_lt5deg,0.028452859880346494,11.153149704552412,1.5410853915521403,0.020593331239745213,0.017027491860529372,0.09260187438072989,-0.08837868180449854,0.027646260892273997
76790,session_076_20260213-134648,20260213-134758,290,nonstop,LANE_KEEP,near_straight_lt5deg,0.038175831333966924,11.030501264145558,1.4476920425076436,0.019344716296009395,0.032476594580280765,0.17017394760673918,-0.09058628457282744,-0.14406004821376375
76795,session_076_20260213-134648,20260213-134758,295,nonstop,LANE_KEEP,near_straight_lt5deg,0.03982174250256444,10.943183682019612,1.3904518855841819,0.012453406919432261,0.03640493284809851,0.15764460495649005,-0.01812726822271244,-0.15659892598185227
76830,session_076_20260213-134648,20260213-134828,30,nonstop,LANE_KEEP,near_straight_lt5deg,0.10253072609036729,10.01013443234972,1.3814322580813647,0.015934320702664758,0.10089253784232946,0.3885409111178701,-0.08168195455640856,-0.3798579970359311
76835,session_076_20260213-134648,20260213-134828,35,nonstop,LANE_KEEP,near_straight_lt5deg,0.060621502502749794,9.859480342233155,1.40791643411984,0.011849038350874577,0.05782998088997588,0.19494226368703485,-0.02413216119180532,-0.19344282092555973
76840,session_076_20260213-134648,20260213-134828,40,nonstop,LANE_KEEP,near_straight_lt5deg,0.08311221080855394,9.692425973470826,1.4675305714778897,0.01733462261011436,0.0785317533530994,0.10330749350905868,-0.06399665179751308,-0.08109788390477317
76845,session_076_20260213-134648,20260213-134828,45,nonstop,LANE_KEEP,near_straight_lt5deg,0.07454365930410624,9.506086310802225,1.60693984602126,0.007373653812889059,0.07324923490037524,0.20400210886108172,-0.03762933913291155,0.20050160412373005
76850,session_076_20260213-134648,20260213-134828,50,nonstop,LANE_KEEP,near_straight_lt5deg,0.10190038898604886,9.356775768507454,1.7197185858353339,0.017227166646305348,0.09918314767426822,0.4586495117332958,-0.07799614994150156,0.45196899806014734
76855,session_076_20260213-134648,20260213-134828,55,nonstop,LANE_KEEP,near_straight_lt5deg,0.20968204863816026,9.024389521602723,1.7695680233172122,0.01681442887765193,0.20804235753776815,0.9136146362424631,-0.06799756445114556,0.9110806960885299
76860,session_076_20260213-134648,20260213-134828,60,nonstop,LANE_KEEP,near_straight_lt5deg,0.13104866467687268,8.607448427076802,1.9676181839525868,0.03555902427826124,0.12516355430534895,0.12625652642847612,0.008053682736274022,0.12599939944367963
76865,session_076_20260213-134648,20260213-134828,65,nonstop,LANE_KEEP,near_straight_lt5deg,0.06233698699195418,8.266465483505172,1.9546678332889846,0.023297154253785007,0.05506122439475015,0.1695366295325904,-0.09563941029849253,-0.13998489901066974
76870,session_076_20260213-134648,20260213-134828,70,nonstop,LANE_KEEP,near_straight_lt5deg,0.11444726703207822,7.913105884425773,1.8295174231885623,0.020805067346385167,0.10792916718952304,0.20016115593930883,-0.11713882496056773,-0.16230521875102405
76875,session_076_20260213-134648,20260213-134828,75,nonstop,LANE_KEEP,near_straight_lt5deg,0.07373191237166986,7.667395950695398,1.7319849475700695,0.0035991223673011,0.07338439023981033,0.384205360632926,-0.01736824207598882,-0.3838125887803402
76880,session_076_20260213-134648,20260213-134828,80,nonstop,LANE_KEEP,near_straight_lt5deg,0.05346503235399345,7.536493367544684,1.652129861435648,0.01780525592336111,0.048975061941170184,0.16417067218397563,0.044704150305219126,-0.15796692233131202
76885,session_076_20260213-134648,20260213-134828,85,nonstop,LANE_KEEP,near_straight_lt5deg,0.09734389385076983,7.394561066813749,1.5698024184538975,0.020134051915083627,0.09244870174847056,0.13814723052301212,-0.1110122529389823,0.08222491713945153
76890,session_076_20260213-134648,20260213-134828,90,nonstop,LANE_KEEP,near_straight_lt5deg,0.08597927259928503,7.2279492780443535,1.5012394647148208,0.009045399111672639,0.08453102475238332,0.10416624045269564,0.059211784603002415,0.08570046799275048
76895,session_076_20260213-134648,20260213-134828,95,nonstop,LANE_KEEP,near_straight_lt5deg,0.054543635395463225,7.192015421762848,1.4391277990688116,0.01438273975897042,0.05063385372644415,0.2625120072759493,0.020402940178503776,-0.26171792830473123
76900,session_076_20260213-134648,20260213-134828,100,nonstop,LANE_KEEP,near_straight_lt5deg,0.025276876555871783,7.180655396417469,1.3735223894354904,0.019220246987723663,0.015486177942501445,0.1436135391414071,-0.10223315507586953,0.10086243417622681
76905,session_076_20260213-134648,20260213-134828,105,nonstop,LANE_KEEP,near_straight_lt5deg,0.0538994017297298,7.1869347120592915,1.3936472851099908,0.01399364219334421,0.04974637387364611,0.1355369196652641,-0.07413485700810785,0.11346488253523933
76910,session_076_20260213-134648,20260213-134828,110,nonstop,LANE_KEEP,near_straight_lt5deg,0.07532997501524435,7.224453749580604,1.4090866671722724,0.03509283963438164,0.062436215230451036,0.38038912045767903,0.09759432715385584,0.3676564024601677
76915,session_076_20260213-134648,20260213-134828,115,nonstop,LANE_KEEP,near_straight_lt5deg,0.09931482178088466,7.242357855771376,1.425551625066737,0.005174667787421161,0.09910816755837375,0.4562166693671,0.002405225513620334,0.45621032901353564
76920,session_076_20260213-134648,20260213-134828,120,nonstop,LANE_KEEP,near_straight_lt5deg,0.07924921608095029,7.216754874127079,1.433089701438308,0.022797728503381232,0.07577868054812166,0.2354281413295568,-0.08116923671255356,0.22099313279238164
76925,session_076_20260213-134648,20260213-134828,125,nonstop,LANE_KEEP,near_straight_lt5deg,0.047900339599514896,7.2043678164214695,1.4028355862077404,0.014676642392065196,0.044058824540937264,0.2657212277364646,-0.039056630449235206,0.26283521546346483
76930,session_076_20260213-134648,20260213-134828,130,nonstop,LANE_KEEP,near_straight_lt5deg,0.08476442722992682,7.193534808358344,1.3787922754617625,0.013568680764135442,0.08099695957708852,0.08932496147154799,-0.08263818032535869,0.03390987900902971
76935,session_076_20260213-134648,20260213-134828,135,nonstop,LANE_KEEP,near_straight_lt5deg,0.042470847816761505,7.170146788167216,1.4466289965826706,0.019555857761869633,0.03536678756492629,0.14326010704850306,-0.12069279837983488,0.07717970387863046
76940,session_076_20260213-134648,20260213-134828,140,nonstop,LANE_KEEP,near_straight_lt5deg,0.03091623807007591,7.174671532661103,1.5116409153892942,0.006160353800361714,0.029291754124950928,0.10837396786761992,-0.009672520628794612,0.10794146217305682
76945,session_076_20260213-134648,20260213-134828,145,nonstop,LANE_KEEP,near_straight_lt5deg,0.04206446662043526,7.179740943469595,1.5506292292119306,0.012971640706710922,0.037023655952534394,0.05880015947426603,0.0511319659149411,-0.029034131911810604
76950,session_076_20260213-134648,20260213-134828,150,nonstop,LANE_KEEP,near_straight_lt5deg,0.03762481046901265,7.160574450731453,1.5500379916566382,0.010805890362702027,0.035508673700129605,0.06837646377913925,-0.04335277965784735,-0.05287605596939015
76955,session_076_20260213-134648,20260213-134828,155,nonstop,LANE_KEEP,near_straight_lt5deg,0.04284254350894505,7.149273981672372,1.5370982268233415,0.02775462681191523,0.028829539725489295,0.08173784485342168,0.05115582518260774,-0.0637507398480089
76960,session_076_20260213-134648,20260213-134828,160,nonstop,LANE_KEEP,near_straight_lt5deg,0.025985998460391627,7.1277962259706245,1.5289732379811216,0.009640986099497768,0.023646268214752103,0.02680283790539469,-0.0227636510114861,-0.014149498662854821
76965,session_076_20260213-134648,20260213-134828,165,nonstop,LANE_KEEP,near_straight_lt5deg,0.03537107830015361,7.099971591783801,1.4997602236363434,0.027844058160041332,0.017217421756665147,0.19510192169069532,-0.18211048936206528,-0.0700037821243347
76970,session_076_20260213-134648,20260213-134828,170,nonstop,LANE_KEEP,near_straight_lt5deg,0.055362909143454556,7.061090937665143,1.4697977149556578,0.023093090272548075,0.046053762234812584,0.18878879934764364,-0.12805306510530642,-0.13872138723448882
76975,session_076_20260213-134648,20260213-134828,175,nonstop,LANE_KEEP,near_straight_lt5deg,0.08610885281822203,7.047114778365279,1.4373017046289307,0.03377760632571435,0.06925023237679852,0.18178489257948796,-0.18177839077281405,-0.0015374713597607627
76980,session_076_20260213-134648,20260213-134828,180,nonstop,LANE_KEEP,near_straight_lt5deg,0.08722784135296299,7.017900188152482,1.3470643667478084,0.036543758071820295,0.07461700278129772,0.1170746324536466,-0.11687689881907562,0.006801476794932497
76985,session_076_20260213-134648,20260213-134828,185,nonstop,LANE_KEEP,near_straight_lt5deg,0.04700182390914484,7.013626133186797,1.3319227584095839,0.036698916449707956,0.02644851606891097,0.1365405835333309,-0.13627941447543768,0.008441098379617713
76990,session_076_20260213-134648,20260213-134828,190,nonstop,LANE_KEEP,near_straight_lt5deg,0.03733189121567355,7.031970746423457,1.3995070373693874,0.024325926316617643,0.025384352716827437,0.15769686883839587,-0.042746018460545175,-0.15179288635244068
76995,session_076_20260213-134648,20260213-134828,195,nonstop,LANE_KEEP,near_straight_lt5deg,0.07200406817307456,7.08522149995822,1.5053327956548705,0.05864004193818369,0.038518325220446605,0.2865515638570834,-0.19525498320167875,-0.20973147184877217
77000,session_076_20260213-134648,20260213-134828,200,nonstop,LANE_KEEP,near_straight_lt5deg,0.04946394518848188,7.091409991924044,1.6794890077796192,0.016423223823812096,0.04139911070052436,0.11605061055322721,-0.1158855363209065,0.006187623242625043
77005,session_076_20260213-134648,20260213-134828,205,nonstop,LANE_KEEP,near_straight_lt5deg,0.04024351282991019,7.139641326562746,1.6980147703561432,0.03039389411256821,0.02598550633747583,0.243797338403098,-0.17049643838931489,-0.17426447345627635
77010,session_076_20260213-134648,20260213-134828,210,nonstop,LANE_KEEP,near_straight_lt5deg,0.05389815832928457,7.188241387261043,1.7351886300378012,0.02479758857057085,0.04155725761061352,0.17053730622900778,-0.16389455475155468,-0.0471332975574171
77015,session_076_20260213-134648,20260213-134828,215,nonstop,LANE_KEEP,near_straight_lt5deg,0.1252561285645928,7.214802490558997,1.843829243946782,0.03788619935396674,0.11346181018079335,0.1337597591697642,-0.13371492428810558,0.003462974989731914
77020,session_076_20260213-134648,20260213-134828,220,nonstop,LANE_KEEP,near_straight_lt5deg,0.07911966012843755,7.264745849758045,2.3895130877509474,0.04919259398219696,0.05920426229533401,0.2139393225176083,-0.11392984237185244,-0.1810801610790593
77025,session_076_20260213-134648,20260213-134828,225,nonstop,LANE_CHANGE_R,near_straight_lt5deg,0.06943871868970793,7.334403959317835,3.8203735562202534,0.04615277458260054,0.048330916018567635,0.14340264447427414,0.00799888264272606,-0.1431793851037326
77030,session_076_20260213-134648,20260213-134828,230,nonstop,LANE_CHANGE_R,gentle_bend_5to15deg,0.07093197826261705,7.401193483444717,5.25786741191077,0.04455544077973635,0.052049253636617686,0.22923224742923595,0.2050516216451003,-0.10247563477321373
77035,session_076_20260213-134648,20260213-134828,235,nonstop,LANE_CHANGE_R,gentle_bend_5to15deg,0.11661557285832413,7.462834538086781,6.717719796306832,0.07955341932801271,0.05973825224763124,0.6379190011309627,0.6356470654569439,-0.05379089309447228
77040,session_076_20260213-134648,20260213-134828,240,nonstop,LANE_CHANGE_R,gentle_bend_5to15deg,0.21316350526196626,7.540095708952526,7.699389534621272,0.16239202070470476,0.09449835306480646,1.0211519647611043,0.9914644027993199,-0.24443746258961851
77045,session_076_20260213-134648,20260213-134828,245,nonstop,LANE_CHANGE_R,gentle_bend_5to15deg,0.2941732606038642,7.6158991430423795,7.824090574274712,0.28315816314511955,0.060753967645340516,1.3256043161022244,1.3092426550463498,-0.20763061690422818
77050,session_076_20260213-134648,20260213-134828,250,nonstop,LANE_CHANGE_R,gentle_bend_5to15deg,0.25926730938526277,7.763275999464221,6.678488695233119,0.24507131574757296,0.06489038111114158,0.9178320174251081,0.8856171125933197,-0.24103514700664555
77055,session_076_20260213-134648,20260213-134828,255,nonstop,LANE_CHANGE_R,gentle_bend_5to15deg,0.22493298858177202,7.954695361976358,5.103481633367935,0.2135794021868519,0.06154305572333133,0.5296312883468475,0.5295504066824083,-0.009255721389354203
77060,session_076_20260213-134648,20260213-134828,260,nonstop,LANE_CHANGE_R,near_straight_lt5deg,0.16741018191971963,8.12266564724486,3.54841835267772,0.15462579516223415,0.05257297833557609,0.23352037988221946,0.14624629363931058,-0.1820543584128121
77065,session_076_20260213-134648,20260213-134828,265,nonstop,LANE_CHANGE_R,near_straight_lt5deg,0.08379493657552359,8.313908043058305,2.2747077722226403,0.0755677492851362,0.033009545231858714,0.6691005646343187,-0.6396024821766501,-0.19647959280147204
77070,session_076_20260213-134648,20260213-134828,270,nonstop,LANE_CHANGE_R,near_straight_lt5deg,0.09928719510677655,8.471144552678133,4.058234623378187,0.08548127753076204,0.030369569152052727,0.6378842814214732,-0.6378842758512202,-8.429919176381612e-05
77075,session_076_20260213-134648,20260213-134828,275,nonstop,LANE_CHANGE_R,near_straight_lt5deg,0.1864293294033436,8.629868967326614,4.3386581415307335,0.17988873602875138,0.01875510984293625,0.9738836191126459,-0.9738468878518456,-0.008458285714037006
77080,session_076_20260213-134648,20260213-134828,280,nonstop,LANE_CHANGE_R,near_straight_lt5deg,0.19735716580069712,8.784839153001634,3.9033516960545205,0.19536994896763735,0.022620947786509995,0.7180272628156747,-0.7114834262603751,-0.09671858303018879
77085,session_076_20260213-134648,20260213-134828,285,nonstop,LANE_CHANGE_R,near_straight_lt5deg,0.06893800867114583,8.89723851044617,2.461875301116195,0.06134440259938363,0.02422789668152444,0.10255049532689144,0.07067627356472209,-0.07430658414161795
77090,session_076_20260213-134648,20260213-134828,290,nonstop,LANE_KEEP,near_straight_lt5deg,0.12542751050795822,8.990407823474328,0.7332028099037322,0.1089002254321925,0.03170488685675569,0.746818338588044,0.7443252652934772,-0.06097155318016018
77095,session_076_20260213-134648,20260213-134828,295,nonstop,LANE_KEEP,near_straight_lt5deg,0.18144452931948274,9.070622033265094,1.1807451968846987,0.17533856759766003,0.027739266058548987,0.780740772134964,0.7795704742193763,-0.04273206055500291
77130,session_076_20260213-134648,20260213-134938,30,nonstop,LANE_KEEP,near_straight_lt5deg,0.07601855829328405,8.736858666146295,2.097179537299037,0.039474944717241944,0.05791552338107542,0.23575827628452742,-0.2164822981782869,-0.09336690747850036
77135,session_076_20260213-134648,20260213-134938,35,nonstop,LANE_KEEP,near_straight_lt5deg,0.09301714032125277,8.632798314800349,1.7716438516618584,0.03777492839134475,0.0767383022347402,0.2056400502184789,-0.19990476925576575,-0.048227725248632294
77140,session_076_20260213-134648,20260213-134938,40,nonstop,LANE_KEEP,near_straight_lt5deg,0.0690133056136358,8.559035363602044,1.6676998886199765,0.018261028066780975,0.06317760873285709,0.3036305797444323,-0.14503651288516148,-0.2667507055024456
77145,session_076_20260213-134648,20260213-134938,45,nonstop,LANE_KEEP,near_straight_lt5deg,0.051662884929319294,8.556921410675425,1.578784133309863,0.023949717145830406,0.04037565107305288,0.23046821953510174,-0.1522729135717423,-0.17299872834229896
77150,session_076_20260213-134648,20260213-134938,50,nonstop,LANE_KEEP,near_straight_lt5deg,0.09062344385662553,8.575074072326684,1.4541859884277892,0.08893655982148535,0.016778306538414424,0.2944574141598878,-0.29141752775697205,-0.042201815953133194
77155,session_076_20260213-134648,20260213-134938,55,nonstop,LANE_KEEP,near_straight_lt5deg,0.07320429723478614,8.620133379421457,1.4439689861671892,0.0675031670793435,0.025658332647038627,0.21359467878016666,-0.2122920941417327,0.023553207172703327
77160,session_076_20260213-134648,20260213-134938,60,nonstop,LANE_KEEP,near_straight_lt5deg,0.07898226154564651,8.626004800441038,1.4394148241665126,0.07473154545422278,0.02404331270274773,0.25564830263615046,-0.24724908244380028,-0.06499189081295931
77165,session_076_20260213-134648,20260213-134938,65,nonstop,LANE_KEEP,near_straight_lt5deg,0.03215766789308646,8.60851007001061,1.5038294576943816,0.013278811659941636,0.028177515969836323,0.19573160691679084,0.03377772536004897,-0.19279503939606493
77170,session_076_20260213-134648,20260213-134938,70,nonstop,LANE_KEEP,near_straight_lt5deg,0.023253529376725687,8.635243757250837,1.5534045184346874,0.01439965940046941,0.01571516458759489,0.12097172530093223,-0.09339214125297189,-0.07688996211775082
77175,session_076_20260213-134648,20260213-134938,75,nonstop,LANE_KEEP,near_straight_lt5deg,0.021333766682535893,8.660298002010581,1.6341752862532102,0.011498328501379922,0.014936558638117053,0.12613407558077355,-0.08811223435835246,-0.0902554108017634
77180,session_076_20260213-134648,20260213-134938,80,nonstop,LANE_KEEP,near_straight_lt5deg,0.0334648716968902,8.730396043233695,1.612308906630984,0.0085953582146213,0.031017979111425113,0.07643358983107476,-0.04232939623189111,-0.06364209196049841
77185,session_076_20260213-134648,20260213-134938,85,nonstop,LANE_KEEP,near_straight_lt5deg,0.1026803632087224,8.789258829520735,1.5710552307817323,0.02172077745289531,0.09937475303198356,0.1804538375079557,-0.09287036909978579,0.15472130433336337
77190,session_076_20260213-134648,20260213-134938,90,nonstop,LANE_KEEP,near_straight_lt5deg,0.041630035890870165,8.818500388920205,1.69911474015978,0.008131697628195966,0.03904249029370239,0.013807968678806173,0.01380317902840216,-0.00036365883018439236
77195,session_076_20260213-134648,20260213-134938,95,nonstop,LANE_KEEP,near_straight_lt5deg,0.07375536203164451,8.861896856738912,1.680149392597763,0.022984090817391577,0.06878528517317326,0.20019296537308662,0.0449452777262336,-0.19508240667723364
77200,session_076_20260213-134648,20260213-134938,100,nonstop,LANE_KEEP,near_straight_lt5deg,0.11074151645662203,8.891120134932411,1.777973658059887,0.020784081061013777,0.10705267327729984,0.28372194303714704,-0.09258770145851437,-0.26818959431604195
77205,session_076_20260213-134648,20260213-134938,105,nonstop,LANE_KEEP,near_straight_lt5deg,0.10998927715917065,8.908354068910935,2.0112880083923725,0.025489778833442358,0.10524113886572903,0.6702555203405278,-0.09807624652303956,-0.6630411091439985
77210,session_076_20260213-134648,20260213-134938,110,nonstop,LANE_KEEP,near_straight_lt5deg,0.2038257975195179,9.024878769968037,2.185043010826556,0.03589709153676382,0.19985717032302389,0.7403045472826832,-0.17494841636467323,-0.7193357174080204
77215,session_076_20260213-134648,20260213-134938,115,nonstop,LANE_KEEP,near_straight_lt5deg,0.08581742254483271,9.086400237310688,2.13846575017393,0.035660090128710895,0.07663870253754164,0.2853471311634908,-0.14900524651629043,-0.24335246408009506
77220,session_076_20260213-134648,20260213-134938,120,nonstop,LANE_KEEP,near_straight_lt5deg,0.13344048394704972,9.184063215614977,2.3151225809704243,0.03542914638786958,0.12815799879884138,0.37017018851103684,-0.11038912600857943,-0.3533273401837997
77225,session_076_20260213-134648,20260213-134938,125,nonstop,LANE_KEEP,near_straight_lt5deg,0.05772526248262902,9.280851894416394,2.5006841544684497,0.021470852302171904,0.05140396642075148,0.07195213724408991,-0.06737537917585266,-0.025252095653676542
77230,session_076_20260213-134648,20260213-134938,130,nonstop,LANE_KEEP,near_straight_lt5deg,0.10201972743246568,9.29703037967647,2.3783741404826313,0.02713994572972668,0.09802445813262761,0.3802978240125685,-0.09138097792042973,0.3691557284168843
77235,session_076_20260213-134648,20260213-134938,135,nonstop,LANE_KEEP,near_straight_lt5deg,0.06672209422611672,9.309900770502383,2.422375730699574,0.007011268860299964,0.06476321479440246,0.2743809397533288,0.0054927308662050195,0.2743259557671335
77240,session_076_20260213-134648,20260213-134938,140,nonstop,LANE_KEEP,near_straight_lt5deg,0.10660683264644158,9.329059703395805,2.3204903294917045,0.03215260445503508,0.10003684510157826,0.30396072872691304,-0.03800452858795629,0.3015754970401329
77245,session_076_20260213-134648,20260213-134938,145,nonstop,LANE_KEEP,near_straight_lt5deg,0.13402206689681445,9.316109148158905,2.3213426466090445,0.0097662528647078,0.1334740227212251,0.3065553889568904,-0.02133434309848982,0.3058121192874251
77250,session_076_20260213-134648,20260213-134938,150,nonstop,LANE_KEEP,near_straight_lt5deg,0.07585592269602341,9.289717061063662,2.3864674303804643,0.015075852794786642,0.07182520139151059,0.05792373231428522,-0.05213756263525554,0.02523555681319068
77255,session_076_20260213-134648,20260213-134938,155,nonstop,LANE_KEEP,near_straight_lt5deg,0.05204367329432746,9.299864461374973,2.512328603616979,0.009600183412785575,0.048220767562375574,0.3731360120943699,0.034884350616675414,-0.37150177066030604
77260,session_076_20260213-134648,20260213-134938,160,nonstop,LANE_KEEP,near_straight_lt5deg,0.049838516253195214,9.301590707575045,2.4084621072614714,0.025832805415200364,0.03803979672599551,0.20880291926439615,-0.06675247455002237,-0.19784530885209928
77265,session_076_20260213-134648,20260213-134938,165,nonstop,LANE_KEEP,near_straight_lt5deg,0.07219559525560867,9.347679507070561,2.352551683623742,0.03733117888849391,0.06124542425770527,0.3918963857270362,0.16300205506529683,-0.35638898298124183
77270,session_076_20260213-134648,20260213-134938,170,nonstop,LANE_KEEP,near_straight_lt5deg,0.051842149268288326,9.458576311446992,2.4088779381118477,0.022480770423589355,0.04424104675059943,0.26363774204285323,0.10906935742131944,-0.24001819577097586
77275,session_076_20260213-134648,20260213-134938,175,nonstop,LANE_KEEP,near_straight_lt5deg,0.04163668959787803,9.56147712424747,2.2101393683568946,0.029453471942328984,0.024355288381440073,0.1877992949388879,0.15278266227521353,-0.1092063793358311
77280,session_076_20260213-134648,20260213-134938,180,nonstop,LANE_KEEP,near_straight_lt5deg,0.03850642279206776,9.64785191879125,2.1031306728454227,0.007757366404550939,0.03644755251736873,0.2651971878612954,0.021997186119982734,-0.2642833181499393
77285,session_076_20260213-134648,20260213-134938,185,nonstop,LANE_KEEP,near_straight_lt5deg,0.04644573787853587,9.735939142306307,2.160834253107661,0.024511923409772644,0.03772210143042838,0.31212728658805816,0.1288072923614715,-0.2843099091965143
77290,session_076_20260213-134648,20260213-134938,190,nonstop,LANE_KEEP,near_straight_lt5deg,0.06347645941864483,9.813099371622346,2.2004180774515887,0.008105115225276563,0.06234517660911347,0.23631234177453758,0.04291381128220756,-0.2323831484342204
77295,session_076_20260213-134648,20260213-134938,195,nonstop,LANE_KEEP,near_straight_lt5deg,0.04842074849501529,9.886851844210655,2.3215790920690162,0.026987092744682334,0.03774533381462915,0.17432567252165287,-0.04355132672674014,-0.1687978733292197
77300,session_076_20260213-134648,20260213-134938,200,nonstop,LANE_KEEP,near_straight_lt5deg,0.09300870853462621,9.985579150563682,2.1650301154978853,0.03989230896633439,0.07837261831401364,0.292809488167425,-0.0431742822611838,-0.28960900834073006
77305,session_076_20260213-134648,20260213-134938,205,nonstop,LANE_KEEP,near_straight_lt5deg,0.04655034924047821,10.056889532759286,2.2748218970294456,0.018257989858866452,0.041644419558741784,0.1097994023416145,0.05390256404612877,-0.0956578399496284
77310,session_076_20260213-134648,20260213-134938,210,nonstop,LANE_KEEP,near_straight_lt5deg,0.07821374818110804,10.116631488801017,2.324138090559563,0.03086934085988153,0.06388177027441277,0.17181899004146897,0.16647800515657504,-0.042506930469721975
77315,session_076_20260213-134648,20260213-134938,215,nonstop,LANE_KEEP,near_straight_lt5deg,0.08490447151098235,10.163000343423366,2.2682204388785734,0.040446077074125494,0.060244657815467166,0.23868243590715996,0.2336220551023524,0.04888804128137014
77320,session_076_20260213-134648,20260213-134938,220,nonstop,LANE_KEEP,near_straight_lt5deg,0.07631506072782336,10.142339620202616,2.178514691074046,0.0331160776518213,0.05604734489211199,0.22254751805476375,0.20132473660189878,0.09484591833342898
77325,session_076_20260213-134648,20260213-134938,225,nonstop,LANE_KEEP,near_straight_lt5deg,0.07354509840674014,10.088555546165411,1.9817871021489188,0.01589379196318016,0.07069556144871746,0.07308651447659992,0.042180552621214736,0.059686175777203095
77330,session_076_20260213-134648,20260213-134938,230,nonstop,LANE_KEEP,near_straight_lt5deg,0.028706195232022953,10.056452329705031,1.83743880252372,0.010106133161875449,0.024691170400815875,0.023197412744769566,0.019263268103278205,0.012924645450936825
77335,session_076_20260213-134648,20260213-134938,235,nonstop,LANE_KEEP,near_straight_lt5deg,0.05464274255010674,9.975841491688964,1.7104453785321536,0.03937747871927739,0.03150800284330388,0.11069075901682929,0.07960581782102871,0.07691136392476054
77340,session_076_20260213-134648,20260213-134938,240,nonstop,LANE_KEEP,near_straight_lt5deg,0.05183436849984581,9.867893004262234,1.5653683421237239,0.030101341608252247,0.0309826258615658,0.16573701821093326,-0.16568807087550527,-0.004027700957712826
77345,session_076_20260213-134648,20260213-134938,245,nonstop,LANE_KEEP,near_straight_lt5deg,0.06470844440329221,9.79474937558649,1.474131806312225,0.0481314777801676,0.02796016644410517,0.24501187177790118,-0.24393463570877955,0.022950181126424437
77350,session_076_20260213-134648,20260213-134938,250,nonstop,LANE_KEEP,near_straight_lt5deg,0.12453772659497574,9.697448255859003,1.4224437543355695,0.005968193463682245,0.12430930845116991,0.36497703273057347,-0.03613731956714022,0.3631836017158766
77355,session_076_20260213-134648,20260213-134938,255,nonstop,LANE_KEEP,near_straight_lt5deg,0.09534016599839913,9.59402015031956,1.4172010152397816,0.05173305930474544,0.07535114128812687,0.2240741724720444,0.20151989633372724,0.09797431372903478
77360,session_076_20260213-134648,20260213-134938,260,nonstop,LANE_KEEP,near_straight_lt5deg,0.022294461573014575,9.53270340051744,1.3000465969915844,0.007747792650191454,0.019925224187443517,0.08381501022911364,0.06089099999057193,0.057595503816310116
77365,session_076_20260213-134648,20260213-134938,265,nonstop,LANE_KEEP,near_straight_lt5deg,0.0798742802332453,9.488950683062582,1.3228817019825705,0.042391494509478295,0.06519452805437755,0.21385833581604333,0.08419909671797944,-0.1965856045337092
77370,session_076_20260213-134648,20260213-134938,270,nonstop,LANE_KEEP,near_straight_lt5deg,0.0916247371821636,9.42324291426374,1.31020599424822,0.04999783172621355,0.07378884220010032,0.12651179140132293,0.09207136848922198,-0.08676460377419902
77375,session_076_20260213-134648,20260213-134938,275,nonstop,LANE_KEEP,near_straight_lt5deg,0.16333342935519898,9.354355215824459,1.3539021969492329,0.10374461273292718,0.11624480766056483,0.47294534648715686,0.3551371404125699,-0.31233781753646084
77380,session_076_20260213-134648,20260213-134938,280,nonstop,LANE_KEEP,near_straight_lt5deg,0.07758471734777508,9.33183205306196,1.4285081892197953,0.06290647470394506,0.03765793832358081,0.36602965722653247,0.21634543128317238,-0.2952496644067034
77385,session_076_20260213-134648,20260213-134938,285,nonstop,LANE_KEEP,near_straight_lt5deg,0.09488848282332488,9.399686302497807,1.4651943337475517,0.06062411202614852,0.07003030182262199,0.3224468845849938,0.1471748167043461,-0.2868999245496772
77390,session_076_20260213-134648,20260213-134938,290,nonstop,LANE_KEEP,near_straight_lt5deg,0.07255489700733456,9.45024697170826,1.5605612885050546,0.022770305323161634,0.06641034386945781,0.06999352560016366,0.041231818704826007,-0.05655997482525187
77395,session_076_20260213-134648,20260213-134938,295,nonstop,LANE_KEEP,near_straight_lt5deg,0.04592398609694867,9.544299161021984,1.5328142710346653,0.02428934234660061,0.03800774490213653,0.09915109244973962,0.04410782806379355,-0.08879999232810575
77430,session_076_20260213-134648,20260213-135038,30,nonstop,LANE_KEEP,near_straight_lt5deg,0.2822994433021996,12.96667226181359,1.7482207658618356,0.04660241148828715,0.27791259597895446,0.9896371224479678,0.27008528257902137,0.9520691016209402
77435,session_076_20260213-134648,20260213-135038,35,nonstop,LANE_KEEP,near_straight_lt5deg,0.34484847205853075,12.739883781560636,2.3548492806611865,0.09090586621327644,0.32991239041810083,0.7411658934787736,0.3978904905131833,0.6253079555030203
77440,session_076_20260213-134648,20260213-135038,40,nonstop,LANE_KEEP,near_straight_lt5deg,0.15602263143579925,12.462325380531361,2.553020082053737,0.07286033180053703,0.1260874550005522,0.4914996914226037,0.30180075852322674,-0.38792814904737144
77445,session_076_20260213-134648,20260213-135038,45,nonstop,LANE_KEEP,near_straight_lt5deg,0.19724571082485,12.32519402125404,2.490984767493395,0.0510000986476641,0.18511068907792116,1.008905590880611,0.12088299301300454,-1.0016375558605881
77450,session_076_20260213-134648,20260213-135038,50,nonstop,LANE_KEEP,near_straight_lt5deg,0.2164518839209344,12.433119659447804,2.366677038310485,0.03740919989477924,0.20956825206021934,0.9206991243615966,-0.01971431941626265,-0.9204880353432977
77455,session_076_20260213-134648,20260213-135038,55,nonstop,LANE_KEEP,near_straight_lt5deg,0.06752620666066055,12.521483836481169,2.02409902885096,0.03048738959054592,0.0566902019327931,0.25573269313665054,-0.2110263101080973,-0.1444545145749534
77460,session_076_20260213-134648,20260213-135038,60,nonstop,LANE_KEEP,near_straight_lt5deg,0.10876732861045596,12.63962895424811,1.6996420918188886,0.06443365835852935,0.07608748900188536,0.3135489027088243,-0.3065124259191462,-0.066053365902637
77465,session_076_20260213-134648,20260213-135038,65,nonstop,LANE_KEEP,near_straight_lt5deg,0.0782118902444692,12.6535086391857,1.4343410439926116,0.03173594708337374,0.0693454998264547,0.4439403516485808,-0.1501402245889649,0.4177809818340714
77470,session_076_20260213-134648,20260213-135038,70,nonstop,LANE_KEEP,near_straight_lt5deg,0.09374007814207459,12.660883038178584,1.457294230494789,0.046377539005066824,0.07180992979977023,0.30100792399952436,-0.182069391446673,0.23970086985395272
77475,session_076_20260213-134648,20260213-135038,75,nonstop,LANE_KEEP,near_straight_lt5deg,0.1117343006416575,12.62114217548049,1.4682429293424044,0.039760442656542834,0.09697280940570632,0.5728199595521581,-0.17312092199592163,0.5460328309072798
77480,session_076_20260213-134648,20260213-135038,80,nonstop,LANE_KEEP,near_straight_lt5deg,0.11020737008638821,12.528942214808483,1.4670465838054443,0.05734743727843559,0.0880441284346414,0.5932440140797034,-0.21369491010713046,0.5534193217043518
77485,session_076_20260213-134648,20260213-135038,85,nonstop,LANE_KEEP,near_straight_lt5deg,0.1266567943394672,12.424828540178627,1.4395379458655913,0.05797959272352725,0.10865698307277266,0.4867642524421167,-0.2306588631424191,0.42864428878661087
77490,session_076_20260213-134648,20260213-135038,90,nonstop,LANE_KEEP,near_straight_lt5deg,0.19886990238887525,12.279757413507818,1.4546328362863963,0.025089986249937052,0.1957971317127636,0.52665857325721,-0.11659947809543864,0.5135891495088184
77495,session_076_20260213-134648,20260213-135038,95,nonstop,LANE_KEEP,near_straight_lt5deg,0.21122137385145387,11.965109594662756,1.4460274494541983,0.032119175400505885,0.20793329258303897,0.2263802362617713,-0.01680279130593148,0.22575579189527942
77500,session_076_20260213-134648,20260213-135038,100,nonstop,LANE_KEEP,near_straight_lt5deg,0.12595305546546898,11.70735746405904,1.4306935634130855,0.028902508628800665,0.11955806975861298,0.6051796585791948,0.04251749598870005,-0.6036842566216893
77505,session_076_20260213-134648,20260213-135038,105,nonstop,LANE_KEEP,near_straight_lt5deg,0.2279374818335294,11.736167127827354,1.4313873536180823,0.03724102211486569,0.22461017745439882,0.8817516561396224,0.09305160171588049,-0.8768280233449862
77510,session_076_20260213-134648,20260213-135038,110,nonstop,LANE_KEEP,near_straight_lt5deg,0.056691852395131644,11.76528761415882,1.4351995334569299,0.01390012961201301,0.05006945113162675,0.09128772098102633,-0.08938795826906,0.018526762221135796
77515,session_076_20260213-134648,20260213-135038,115,nonstop,LANE_KEEP,near_straight_lt5deg,0.05658001102967908,11.759767898454385,1.4114497330056959,0.012135849399312247,0.05329547009464412,0.10158021894293198,-0.038904395924554795,0.09383490213262592
77520,session_076_20260213-134648,20260213-135038,120,nonstop,LANE_KEEP,near_straight_lt5deg,0.07641727468541645,11.708694475117026,1.2668540358381117,0.008897652480563225,0.07517040282621656,0.02301878583253644,-0.014609318525302251,-0.017788544443839153
77525,session_076_20260213-134648,20260213-135038,125,nonstop,LANE_KEEP,near_straight_lt5deg,0.025460260708952378,11.665905479601287,1.2800166298723694,0.02145954346178959,0.0130970787827724,0.10425115232305301,-0.08704837695114155,0.0573662168079469
77530,session_076_20260213-134648,20260213-135038,130,nonstop,LANE_KEEP,near_straight_lt5deg,0.043054325704067184,11.57856966388646,1.300266438682641,0.0337164705726352,0.025976444568362213,0.06475992517540126,0.0422522196845008,-0.04907746774698398
77535,session_076_20260213-134648,20260213-135038,135,nonstop,LANE_KEEP,near_straight_lt5deg,0.03740236058503435,11.522686561978034,1.355094931999764,0.010188333789507283,0.03414512263038775,0.02319126898556339,-0.011629527701167255,0.020064621666219824
77540,session_076_20260213-134648,20260213-135038,140,nonstop,LANE_KEEP,near_straight_lt5deg,0.06218090333832808,11.400149235400889,1.3833269494496556,0.013517442085830457,0.060246511812056855,0.1843153730566883,-0.060200200352929674,0.17420703953196987
77545,session_076_20260213-134648,20260213-135038,145,nonstop,LANE_KEEP,near_straight_lt5deg,0.03887174489204792,11.382235176269509,1.3645514037065285,0.031873067344064476,0.020714105839054024,0.19688010592529345,0.158064408191679,-0.11737725065858823
77550,session_076_20260213-134648,20260213-135038,150,nonstop,LANE_KEEP,near_straight_lt5deg,0.1529537183470924,11.283755435287821,1.358803045910477,0.030916977726358964,0.14975378162047168,0.3225700405696894,-0.0837855674578302,0.3114986512954758
77555,session_076_20260213-134648,20260213-135038,155,nonstop,LANE_KEEP,near_straight_lt5deg,0.17340626654336214,11.180649742725022,1.4099086694434033,0.05067872634990673,0.165050471030543,0.351990841946551,-0.13592810526028276,0.32468616079930374
77560,session_076_20260213-134648,20260213-135038,160,nonstop,LANE_KEEP,near_straight_lt5deg,0.12848553493692638,11.102725865669091,1.4954474338409258,0.04084816760176028,0.11715500910523297,0.20940223224043072,-0.18878754440799753,0.09060109239779421
77565,session_076_20260213-134648,20260213-135038,165,nonstop,LANE_KEEP,near_straight_lt5deg,0.19692711328786774,11.045656373159193,1.424402231094317,0.12125869446425057,0.1472293782874472,0.3559708126845338,0.34614022965369,0.08307924469190943
77570,session_076_20260213-134648,20260213-135038,170,nonstop,LANE_KEEP,near_straight_lt5deg,0.14265692421673543,10.989736306390293,1.4365272886052736,0.025879361327768018,0.1394187037556896,0.21979625162446145,0.07401519496346969,-0.2069592789480171
77575,session_076_20260213-134648,20260213-135038,175,nonstop,LANE_KEEP,near_straight_lt5deg,0.11282347632367129,11.011566405913026,1.3929790955669539,0.03178181152817217,0.1038883302775579,0.5865301227473079,-0.12555328245266167,-0.5729345147181606
77580,session_076_20260213-134648,20260213-135038,180,nonstop,LANE_KEEP,near_straight_lt5deg,0.10825817334903681,11.185037170694631,1.3593190387078524,0.010668344287052949,0.10767584229790661,0.7633546178883216,-0.07464685304643989,-0.7596960707952153
77585,session_076_20260213-134648,20260213-135038,185,nonstop,LANE_KEEP,near_straight_lt5deg,0.10157253325397422,11.413602140668687,1.6644846633041985,0.03196583126949489,0.09263497157150921,0.6660563075497328,0.12725497394779833,-0.6537867973830072
77590,session_076_20260213-134648,20260213-135038,190,nonstop,LANE_KEEP,near_straight_lt5deg,0.0742626475178593,11.629281434414478,1.8230323923064062,0.03418641306474319,0.05812770786842922,0.39018500051555843,0.00797661381266407,-0.3901034584048313
77595,session_076_20260213-134648,20260213-135038,195,nonstop,LANE_KEEP,near_straight_lt5deg,0.1169756081829815,11.92411445184159,1.9423875521956957,0.04706533294109859,0.10554582397929602,0.6351308436120741,0.3383277922639297,-0.5375179006221096
77600,session_076_20260213-134648,20260213-135038,200,nonstop,LANE_KEEP,near_straight_lt5deg,0.07881665183474232,12.160466354203635,2.0153699628849,0.05469412899561174,0.054882816199839396,0.407793525102485,0.2967393901836446,-0.27971645183819605
77605,session_076_20260213-134648,20260213-135038,205,nonstop,LANE_KEEP,near_straight_lt5deg,0.15391010075542022,12.369298326782001,2.0717689635238576,0.05507405617895647,0.1432945390199468,0.4891477698150079,0.20836943752985065,-0.44254685426346624
77610,session_076_20260213-134648,20260213-135038,210,nonstop,LANE_KEEP,near_straight_lt5deg,0.09990888976301804,12.692420061674209,1.8991739695709344,0.02761023575545562,0.0946634608652442,0.2291702965988542,-0.1295183005084539,-0.18906092847706174
77615,session_076_20260213-134648,20260213-135038,215,nonstop,LANE_KEEP,near_straight_lt5deg,0.15063290625427309,12.865157903402585,1.6251875937915328,0.0956194688560894,0.11297187565218542,0.7083794651310719,-0.42401212559560897,0.5674638173199037
77620,session_076_20260213-134648,20260213-135038,220,nonstop,LANE_KEEP,near_straight_lt5deg,0.11280396438329827,12.93535998788295,1.5376129000075205,0.06801442322607228,0.08211473310219264,0.46493969447126443,-0.3056745719370708,0.3503312369260287
77625,session_076_20260213-134648,20260213-135038,225,nonstop,LANE_KEEP,near_straight_lt5deg,0.1075230639169528,13.010796736608985,1.498586419234435,0.08204652678656005,0.053427561887058043,0.3596023686274506,-0.2920032106661561,0.20987612652021517
77630,session_076_20260213-134648,20260213-135038,230,nonstop,LANE_KEEP,near_straight_lt5deg,0.09967184409579458,12.993135736545879,1.5642151789969747,0.044166350237681624,0.08046762731363565,0.38410462123394135,0.060094767438976675,0.37937445746877174
77635,session_076_20260213-134648,20260213-135038,235,nonstop,LANE_KEEP,near_straight_lt5deg,0.08054114755988892,13.020896375242327,1.5747820746634789,0.02998499708424955,0.07272966570790994,0.16087793376882928,0.09851654603396183,-0.1271856899626137
77640,session_076_20260213-134648,20260213-135038,240,nonstop,LANE_KEEP,near_straight_lt5deg,0.04523048939824714,13.064199100807592,1.4848038770341054,0.014033117944198967,0.04029634246342775,0.05466875499134636,-0.054657566551705034,-0.0011059796335344653
77645,session_076_20260213-134648,20260213-135038,245,nonstop,LANE_KEEP,near_straight_lt5deg,0.03829850152885131,13.094775966616654,1.4465355140699085,0.02009944190411607,0.03212755428452613,0.11912273019007272,-0.08697210103281416,-0.08140072782153011
77650,session_076_20260213-134648,20260213-135038,250,nonstop,LANE_KEEP,near_straight_lt5deg,0.07512782895746195,13.149588349836309,1.3560219586071793,0.055396722141460034,0.03101628409484247,0.3547268129355939,-0.3546465612875154,0.007545089952040668
77655,session_076_20260213-134648,20260213-135038,255,nonstop,LANE_KEEP,near_straight_lt5deg,0.10575788420664439,13.170148363112794,1.3988266610901068,0.05571481659136087,0.07247604425105664,0.33539763958217783,-0.32766482464737856,0.07160544201455042
77660,session_076_20260213-134648,20260213-135038,260,nonstop,LANE_KEEP,near_straight_lt5deg,0.07829531107994771,13.229728282862872,1.4334965062595806,0.07412339682162014,0.019581692704365255,0.33876574126455505,-0.30999419842429354,-0.13662292778960333
77665,session_076_20260213-134648,20260213-135038,265,nonstop,LANE_KEEP,near_straight_lt5deg,0.12092445496237256,13.27137663747153,1.2951214819872137,0.1114709562381102,0.04625375330200679,0.31084606308205825,-0.27188252022403575,0.15068234843617784
77670,session_076_20260213-134648,20260213-135038,270,nonstop,LANE_KEEP,near_straight_lt5deg,0.13527715603585658,13.261213469825824,1.4262461362455965,0.0833365056847302,0.1019016597798716,0.24638818570830096,-0.027004104613669866,0.2449038921508643
77675,session_076_20260213-134648,20260213-135038,275,nonstop,LANE_KEEP,near_straight_lt5deg,0.028745068964327658,13.276973515483856,2.0532999009692694,0.02368031809169015,0.01454775449348666,0.18088170588425925,0.14089515177757767,-0.11343168750033222
77680,session_076_20260213-134648,20260213-135038,280,nonstop,LANE_KEEP,near_straight_lt5deg,0.08882213468002949,13.357544672961394,2.1544111368324828,0.021160686573551916,0.08217380754348325,0.23980615310208891,0.10321985957042262,-0.2164547335030693
77685,session_076_20260213-134648,20260213-135038,285,nonstop,LANE_KEEP,near_straight_lt5deg,0.11620517926585838,13.383923181745192,2.016727677603284,0.03698593513751691,0.10892447903073438,0.211530894271826,-0.06496876094965685,-0.20130667980001254
77690,session_076_20260213-134648,20260213-135038,290,nonstop,LANE_KEEP,near_straight_lt5deg,0.14923156959164446,13.358565793579851,1.8735363211751832,0.0342519914593265,0.14440226653963648,0.5981943375461717,-0.12129482682944145,-0.5857678981104367
77695,session_076_20260213-134648,20260213-135038,295,nonstop,LANE_KEEP,near_straight_lt5deg,0.1971968492483431,13.505370282766078,1.763359427418397,0.019783379396907053,0.1944229969295839,0.9002721968889119,-0.09374123062512077,-0.8953784731453374
94530,session_092_20260219-103747,20260219-103747,30,steady,TURN_LEFT,low_motion_or_partial_stop,0.02164856199499115,0.0025683405420071173,153.06594881333777,0.0,0.0,0.09396306357859005,,
94535,session_092_20260219-103747,20260219-103747,35,steady,TURN_LEFT,low_motion_or_partial_stop,0.022354357189572453,0.001090868643287995,183.09626163625506,0.0,0.0,0.09098420897869178,,
94540,session_092_20260219-103747,20260219-103747,40,steady,TURN_LEFT,low_motion_or_partial_stop,0.020374176096789178,0.001046573933259475,356.56663388922044,0.0,0.0,0.08091794401656992,,
94545,session_092_20260219-103747,20260219-103747,45,steady,TURN_LEFT,low_motion_or_partial_stop,0.022274065346451117,0.001043347501357508,356.56673834334737,0.0,0.0,0.09667429672374961,,
94550,session_092_20260219-103747,20260219-103747,50,steady,TURN_LEFT,low_motion_or_partial_stop,0.023638008738641664,0.0009240064489181808,356.56666251936394,0.0,0.0,0.10522885456817639,,
94555,session_092_20260219-103747,20260219-103747,55,steady,TURN_LEFT,low_motion_or_partial_stop,0.028947000264071016,0.002027362686956115,356.56663405863384,0.0,0.0,0.13706546946854956,,
94560,session_092_20260219-103747,20260219-103747,60,steady,TURN_LEFT,low_motion_or_partial_stop,0.04469506327987977,0.0023266151767729827,231.6706023790951,0.0,0.0,0.21783356396576134,,
94565,session_092_20260219-103747,20260219-103747,65,steady,TURN_LEFT,low_motion_or_partial_stop,0.0651011677254803,0.0009334240615039338,231.67078932835165,0.0013866965268303348,0.014387631486140641,0.26017744890838806,0.02496053748294603,0.25897736675053157
94570,session_092_20260219-103747,20260219-103747,70,depart,TURN_LEFT,low_motion_or_partial_stop,0.0993195570765999,0.0002962194348903606,231.67067454045048,0.0020111702317939196,0.03151454785983818,0.25664414586862844,0.02840787470186199,0.2550670701277629
94575,session_092_20260219-103747,20260219-103747,75,depart,TURN_LEFT,low_motion_or_partial_stop,0.1361706287735764,0.001348086758990432,362.44760290198514,0.0029490461569005484,0.08475997946321599,0.3246260948905181,0.0325380573605283,0.32299129447567254
94580,session_092_20260219-103747,20260219-103747,80,depart,TURN_LEFT,low_motion_or_partial_stop,0.15362386981847143,0.0006654645607511635,87.24049309811845,0.003785210061498989,0.11454294751316262,0.3283255641699588,-0.022471798069514843,0.3275556355476802
94585,session_092_20260219-103747,20260219-103747,85,depart,TURN_LEFT,low_motion_or_partial_stop,0.06052185022490823,0.019653078296451555,7.828357316379129,0.005660601916024002,0.04912404876853369,0.10053423460829446,-0.032535724859626206,0.09512391358714324
94590,session_092_20260219-103747,20260219-103747,90,depart,TURN_LEFT,near_straight_lt5deg,0.11139100516712656,0.2650313586735589,2.4475575338571764,0.008083847185849959,0.11084097488226077,0.30038958155974127,-0.0381448931744958,-0.29795782895292877
94595,session_092_20260219-103747,20260219-103747,95,nonstop,TURN_LEFT,near_straight_lt5deg,0.06346478722187957,0.6521382801371927,2.4641562611795274,0.00917128287566953,0.06193707153067608,0.11570813317827243,-0.026153306002764668,0.11271369335057115
94600,session_092_20260219-103747,20260219-103747,100,nonstop,TURN_LEFT,near_straight_lt5deg,0.04667306230758165,1.1673821280266192,2.5351070795995296,0.016924049855385155,0.04244206921748011,0.03778485153325302,-0.002227143006238555,0.03771915745903844
94605,session_092_20260219-103747,20260219-103747,105,nonstop,TURN_LEFT,near_straight_lt5deg,0.059933077665509996,1.6793394119812066,1.6974462156519246,0.025222912713312385,0.05167580361472144,0.2259617879869713,0.04594886941802091,0.2212406631464357
94610,session_092_20260219-103747,20260219-103747,110,nonstop,TURN_LEFT,near_straight_lt5deg,0.038173141043336314,2.1861101538594068,1.7358155236973327,0.02259291192741136,0.027843280692625948,0.0802331147503163,-0.018079168619817815,0.07816966396597608
94615,session_092_20260219-103747,20260219-103747,115,nonstop,TURN_LEFT,near_straight_lt5deg,0.05412776726788364,2.668026955888223,1.1942195962756692,0.03566476884655181,0.03824704481068136,0.228518705595751,0.10493973210846051,0.20299864884319319
94620,session_092_20260219-103747,20260219-103747,120,nonstop,TURN_LEFT,near_straight_lt5deg,0.05840105479322569,3.1427264506267316,1.329049045308482,0.043664852514331644,0.03109038963666083,0.17123227943966535,0.15663433294695348,0.06918221783353413
94625,session_092_20260219-103747,20260219-103747,125,nonstop,TURN_LEFT,near_straight_lt5deg,0.03874894072362253,3.617465325847873,1.2087407434902435,0.025920215228581168,0.026102438326882634,0.08353038008011046,0.0635652213279942,-0.05419213073732037
94630,session_092_20260219-103747,20260219-103747,130,nonstop,TURN_LEFT,near_straight_lt5deg,0.04550353663801788,3.9973097788666023,4.644711844754355,0.029877417607769692,0.032829318154491235,0.1938048866396632,-0.09405915255475689,0.16944972678081746
94635,session_092_20260219-103747,20260219-103747,135,nonstop,TURN_LEFT,gentle_bend_5to15deg,0.07436062201616817,4.331293912962013,10.299406056978588,0.0667291215245743,0.022741916485303677,0.5522504965499128,-0.5377037444464483,0.12591780711199624
94640,session_092_20260219-103747,20260219-103747,140,nonstop,TURN_LEFT,left_bend_ge15deg,0.15272135624257394,4.630240671484447,17.002433410355337,0.11291864104326416,0.07373614083604425,1.0895541680118732,-1.0776264684052899,-0.1607777336088187
94645,session_092_20260219-103747,20260219-103747,145,nonstop,TURN_LEFT,left_bend_ge15deg,0.28713288482539734,4.856089266622681,24.10685479754586,0.2612018804743371,0.09539139412694231,1.9953361803818963,-1.9064360455469453,-0.5889550721237915
94650,session_092_20260219-103747,20260219-103747,150,nonstop,TURN_LEFT,left_bend_ge15deg,0.5303129785131462,4.995488722706582,30.97115407102156,0.5111705163951279,0.13724875641410347,2.8227674711948256,-2.6524882254362883,-0.9655684389816593
94655,session_092_20260219-103747,20260219-103747,155,nonstop,TURN_LEFT,left_bend_ge15deg,0.37908580035401807,5.046696779741272,36.119000559343704,0.3264702414848373,0.1915966270269618,2.154256513510795,-1.8471144853986126,-1.1085978548753852
94660,session_092_20260219-103747,20260219-103747,160,nonstop,TURN_LEFT,left_bend_ge15deg,0.29183978772329555,5.090664319739098,38.57457750906769,0.2265716961831809,0.14955351841595696,1.6359016283874328,-1.410492606835502,-0.8286644337867077
94665,session_092_20260219-103747,20260219-103747,165,nonstop,TURN_LEFT,left_bend_ge15deg,0.27812587326627014,5.116209749962923,40.65481148107766,0.1672820603400137,0.189948186914693,1.4816010107424107,-1.1932257654477383,-0.8782675148863198
94670,session_092_20260219-103747,20260219-103747,170,nonstop,TURN_LEFT,left_bend_ge15deg,0.336583761748924,5.163324109716078,42.70063931812477,0.24144185378108812,0.22566111085432616,2.103272179466759,-1.572132179076624,-1.3971951447205344
94675,session_092_20260219-103747,20260219-103747,175,nonstop,TURN_LEFT,left_bend_ge15deg,0.3506401335853487,5.2665191354160115,45.425899159508006,0.2990529888558622,0.17004081182545555,2.416757156945225,-2.150379065956252,-1.1029891333748865
94680,session_092_20260219-103747,20260219-103747,180,nonstop,TURN_LEFT,left_bend_ge15deg,0.22440213786515134,5.419675690086745,48.24780642936018,0.17502533664084607,0.11001737184541745,1.468175211757137,-1.3956204197299376,-0.45583121487119205
94685,session_092_20260219-103747,20260219-103747,185,nonstop,TURN_LEFT,left_bend_ge15deg,0.2485142668989665,5.53308471304128,49.721135792739176,0.22696875771651645,0.08449725140975141,1.0617241675224078,-1.0407265617691999,-0.21011052217632892
94690,session_092_20260219-103747,20260219-103747,190,nonstop,TURN_LEFT,left_bend_ge15deg,0.194912068810423,5.684582274262714,49.06884356719121,0.162151636343411,0.07543899463939896,1.1339707735648055,-1.1036509626961013,-0.260469322261052
94695,session_092_20260219-103747,20260219-103747,195,nonstop,TURN_LEFT,left_bend_ge15deg,0.23218189741281042,5.676559669794811,45.16084612870763,0.16671795360620226,0.14108778750623197,0.9993852711271783,-0.9036575026653216,0.42681850712289654
94700,session_092_20260219-103747,20260219-103747,200,nonstop,TURN_LEFT,left_bend_ge15deg,0.15236673868817546,5.737607725151129,40.59305766452213,0.1323141169144452,0.06427911600450854,0.2512922499605901,0.09020140978300986,0.23454530599313478
94705,session_092_20260219-103747,20260219-103747,205,nonstop,TURN_LEFT,left_bend_ge15deg,0.21838712656440576,5.686222061298556,34.77780712109623,0.1313342551283418,0.17036982164930625,0.7606283684121944,0.2606024336380087,0.7145921119179417
94710,session_092_20260219-103747,20260219-103747,210,nonstop,TURN_LEFT,left_bend_ge15deg,0.325961216208813,5.631025397431849,28.83396875823727,0.3003528882068114,0.1192177288004686,1.2684302605435798,1.0565748142770763,0.7018297426712656
94715,session_092_20260219-103747,20260219-103747,215,nonstop,TURN_LEFT,left_bend_ge15deg,0.26819377924919446,5.614419650669941,22.820447261960755,0.24683764602928426,0.09331363221005853,1.2332398522494936,1.0640955849541234,0.623362750938404
94720,session_092_20260219-103747,20260219-103747,220,nonstop,TURN_LEFT,left_bend_ge15deg,0.11425745074397926,5.718066577721022,18.364815640593854,0.041922833870600806,0.09700358529182004,0.8630098774422578,0.2963866263412058,0.8105189795982444
94725,session_092_20260219-103747,20260219-103747,225,nonstop,LANE_KEEP,gentle_bend_5to15deg,0.2905408822402546,5.663969496267062,13.868229289339615,0.07097795881527133,0.27842412022172597,1.2344709490082026,0.318331964226453,1.192720958354024
94730,session_092_20260219-103747,20260219-103747,230,nonstop,LANE_KEEP,gentle_bend_5to15deg,0.28321580604596325,5.658020399624504,8.994722542738819,0.13640321929314997,0.23933668842804784,1.0793048010168538,0.8295566487023871,0.6904597164872799
94735,session_092_20260219-103747,20260219-103747,235,nonstop,LANE_KEEP,near_straight_lt5deg,0.3034772092945475,5.548982505470779,4.665884334577834,0.1567291751704053,0.2562635053493928,1.3309099585938458,0.8949371376453275,0.9850933141319456
94740,session_092_20260219-103747,20260219-103747,240,nonstop,TURN_RIGHT,near_straight_lt5deg,0.1245075782208477,5.517349357990977,1.7072071817247492,0.04953044220853223,0.10738145971189486,0.5202702888561257,0.397968065123649,0.33511578985206825
94745,session_092_20260219-103747,20260219-103747,245,nonstop,TURN_RIGHT,near_straight_lt5deg,0.10864120919175309,5.445364611270128,1.3071043016349055,0.06614614336395352,0.07934358637927857,0.489220729371151,0.39227223845028786,0.29233441977919994
94750,session_092_20260219-103747,20260219-103747,250,nonstop,TURN_RIGHT,gentle_bend_5to15deg,0.08029279696965919,5.430213359230668,5.2272191281666185,0.018583953624493534,0.07274443118383056,0.1997684840301838,0.18278167354328806,-0.0806120774352867
94755,session_092_20260219-103747,20260219-103747,255,nonstop,TURN_RIGHT,gentle_bend_5to15deg,0.11122133141443342,5.384334218873247,11.284487209892243,0.0848067181701454,0.054870831228833246,0.07603079894241785,0.07603000316350679,0.00034786028734764933
94760,session_092_20260219-103747,20260219-103747,260,nonstop,TURN_RIGHT,right_bend_ge15deg,0.16106186175935525,5.336667208957952,19.638227403669188,0.07833172338428603,0.1322070118385986,0.8885230246762579,0.7215759395855601,-0.5184605373517468
94765,session_092_20260219-103747,20260219-103747,265,nonstop,TURN_RIGHT,right_bend_ge15deg,0.17160624823499515,5.281567792714375,29.0938819171902,0.12384975531060424,0.09128945355781429,1.2517563456093255,1.1807567404154404,-0.41558088110104086
94770,session_092_20260219-103747,20260219-103747,270,nonstop,TURN_RIGHT,right_bend_ge15deg,0.4689472976134592,5.0266349774172525,41.25163063435658,0.4223510276954715,0.20121431030502257,2.6938977367480157,2.341308518725689,-1.3324261466207432
94775,session_092_20260219-103747,20260219-103747,275,nonstop,TURN_RIGHT,right_bend_ge15deg,0.316144675660759,4.829968204622967,52.69920630280503,0.11346680909547763,0.2921484434563937,1.5631581825025205,0.8156727895368073,-1.3334696861698154
94780,session_092_20260219-103747,20260219-103747,280,nonstop,TURN_RIGHT,right_bend_ge15deg,0.21852661134620732,4.707553812464611,59.15636601561374,0.07877070788668829,0.19514336196268642,1.536261958688154,0.5922150037469085,-1.4175267881240947
94785,session_092_20260219-103747,20260219-103747,285,nonstop,TURN_RIGHT,right_bend_ge15deg,0.3329611268057112,4.580117111083414,61.20184366029292,0.23333475086215938,0.18014128943361885,1.606159540352658,1.5010764302261195,-0.5714175528328407
94790,session_092_20260219-103747,20260219-103747,290,nonstop,TURN_RIGHT,right_bend_ge15deg,0.3801217549362978,4.419231747398465,59.90913269455969,0.32378736086527415,0.1674659080625327,2.1769770711658984,1.922000655502348,-1.0223221843580415
94795,session_092_20260219-103747,20260219-103747,295,nonstop,TURN_RIGHT,right_bend_ge15deg,0.42479993264536114,4.392208674642727,53.61414849944755,0.35058749935681266,0.20229392668828827,1.894122188213075,1.639702407046594,-0.9481955917460773
98730,session_097_20260219-110038,20260219-110038,30,nonstop,LANE_KEEP,near_straight_lt5deg,0.04431394939732701,5.166847257568085,1.3428945164774178,0.008109629265353994,0.0421216559013578,0.21622148879516748,0.04015284089813162,0.21246054124144573
98735,session_097_20260219-110038,20260219-110038,35,nonstop,LANE_KEEP,near_straight_lt5deg,0.037066514481166615,5.647600406341009,1.3770355197071054,0.01757954483756864,0.028787630900047465,0.1388085716769253,0.006180761093675738,0.13867089731912394
98740,session_097_20260219-110038,20260219-110038,40,nonstop,LANE_KEEP,near_straight_lt5deg,0.12436215017985786,5.986813510274411,1.3476044727320309,0.038812154353681814,0.11235198213356382,0.5850929596123434,-0.06537510101579581,0.5814291595328753
98745,session_097_20260219-110038,20260219-110038,45,nonstop,LANE_KEEP,near_straight_lt5deg,0.07727746299550181,6.327842426218401,1.4003596887338032,0.02637195053936677,0.06964848671203373,0.2729953940175914,0.0010826048584818646,0.2729932473918364
98750,session_097_20260219-110038,20260219-110038,50,nonstop,LANE_KEEP,near_straight_lt5deg,0.05982044346940677,6.624562921090574,1.3535281140036355,0.007409545123371371,0.05879498390004992,0.24908150081048072,-0.009587014271905598,0.2488969328926168
98755,session_097_20260219-110038,20260219-110038,55,nonstop,LANE_KEEP,near_straight_lt5deg,0.07220877959641592,6.84853946116698,1.3783735032093027,0.027848308050477704,0.06659155622306859,0.28933940831303556,-0.12032963738606646,0.2631312820047728
98760,session_097_20260219-110038,20260219-110038,60,nonstop,LANE_KEEP,near_straight_lt5deg,0.07408509290861787,7.054694296847006,1.719376259362033,0.01273656739596117,0.07275419525046331,0.1490314628110382,0.022944720859920435,0.14725459820412465
98765,session_097_20260219-110038,20260219-110038,65,nonstop,LANE_KEEP,near_straight_lt5deg,0.047921906097970826,7.2893461891915114,2.1474991086323594,0.03375721338601266,0.029204892690455498,0.09235858337470818,-0.04464334224297804,0.08085221033688104
98770,session_097_20260219-110038,20260219-110038,70,nonstop,LANE_KEEP,near_straight_lt5deg,0.07507664562186656,7.503864884854218,2.1686962323739465,0.023460066870268137,0.06869388269859379,0.21783861426898105,0.15386090951928574,0.15420921628919612
98775,session_097_20260219-110038,20260219-110038,75,nonstop,LANE_KEEP,near_straight_lt5deg,0.058978512096022284,7.7028454604660475,2.4862825006223086,0.033768604921692674,0.03993357472190606,0.22788010629078426,0.18210428500345024,-0.13699405909192305
98780,session_097_20260219-110038,20260219-110038,80,nonstop,LANE_KEEP,near_straight_lt5deg,0.08153700778648099,7.920732973415002,2.4848135537927503,0.05742889224513327,0.048335832202892365,0.42158554787522295,0.2423635341886258,-0.34495549201723213
98785,session_097_20260219-110038,20260219-110038,85,nonstop,LANE_KEEP,near_straight_lt5deg,0.04151275317052575,8.182692523502938,2.198689536575324,0.008697631594616452,0.039680981069426434,0.26993254241979164,0.015975108662933668,-0.26945940948577035
98790,session_097_20260219-110038,20260219-110038,90,nonstop,LANE_KEEP,near_straight_lt5deg,0.043026301740782674,8.38993800246005,1.9614662469062571,0.004990984116175098,0.04261522456052272,0.17976024365958668,-0.020219871342876512,-0.17861943344281295
98795,session_097_20260219-110038,20260219-110038,95,nonstop,LANE_KEEP,near_straight_lt5deg,0.10140336674515657,8.606061307684314,1.8672381518231227,0.018569364240570565,0.09951370772738496,0.3466333068264945,0.06970465123593565,-0.3395525158168428
98800,session_097_20260219-110038,20260219-110038,100,nonstop,LANE_KEEP,near_straight_lt5deg,0.08016854175230038,8.792023419073027,1.9007782887325473,0.04237209782263668,0.06660539421473555,0.2539208847647018,0.1812989426285365,-0.17778219573810983
98805,session_097_20260219-110038,20260219-110038,105,nonstop,LANE_KEEP,near_straight_lt5deg,0.051568659151500135,9.002481289767159,1.8951964703670316,0.028858793245896762,0.04238820294781587,0.1127534089483026,0.08154293362964372,0.0778722107335774
98810,session_097_20260219-110038,20260219-110038,110,nonstop,LANE_KEEP,near_straight_lt5deg,0.08330446966314628,9.090281134460222,1.8414000484694026,0.04037657078352776,0.0722423874923769,0.45694283669778646,0.23397071416135412,0.39249772091598933
98815,session_097_20260219-110038,20260219-110038,115,nonstop,LANE_KEEP,near_straight_lt5deg,0.06411566332951965,9.156854008033259,1.7236692549244814,0.032361599262601334,0.049578093411904896,0.2607613214979144,0.12870863651413433,0.22678305420822592
98820,session_097_20260219-110038,20260219-110038,120,nonstop,LANE_KEEP,near_straight_lt5deg,0.06954188733304675,9.179299677136006,1.6157686165335758,0.03318700805776878,0.059008368229984814,0.24326997120392788,0.15994245461776782,0.18329945471932857
98825,session_097_20260219-110038,20260219-110038,125,nonstop,LANE_KEEP,near_straight_lt5deg,0.06537955946886767,9.194262590199955,1.516972224383174,0.029543126468928795,0.05440456335617203,0.11736593679496242,0.11557141031013639,0.020445347604900528
98830,session_097_20260219-110038,20260219-110038,130,nonstop,LANE_KEEP,near_straight_lt5deg,0.03974929514725762,9.196915668830737,1.4000758191446783,0.02962071608980796,0.024985037346942143,0.12425376866624618,-0.05505382454622717,-0.11139154110882145
98835,session_097_20260219-110038,20260219-110038,135,nonstop,LANE_KEEP,near_straight_lt5deg,0.03702676730980266,9.208483817028458,1.3289233464551395,0.01728956259286083,0.029897260527811997,0.19783114785928915,0.07918738059964353,-0.18129126238484616
98840,session_097_20260219-110038,20260219-110038,140,nonstop,LANE_KEEP,near_straight_lt5deg,0.030981488631807195,9.279639149806956,1.367144965107506,0.003460124861159351,0.03008037758148024,0.23018953847029366,0.0010391435104049921,-0.23018719295810444
98845,session_097_20260219-110038,20260219-110038,145,nonstop,LANE_KEEP,near_straight_lt5deg,0.030452600368014216,9.327925466320291,1.303667853456025,0.016428303957644975,0.021551236580565958,0.16792666787761032,-0.08072686665996438,-0.14724991946938906
98850,session_097_20260219-110038,20260219-110038,150,nonstop,LANE_KEEP,near_straight_lt5deg,0.05153685055080191,9.413776776298105,1.2899004910326914,0.029160326141323748,0.03731677178418886,0.2262379926165929,-0.10073547242962291,-0.20257342840946888
98855,session_097_20260219-110038,20260219-110038,155,nonstop,LANE_KEEP,near_straight_lt5deg,0.036519990811478366,9.48199455645711,1.2853872553638603,0.010404043968281557,0.03330324717111821,0.04144495206457696,0.04047596324495715,0.008909570754416896
98860,session_097_20260219-110038,20260219-110038,160,nonstop,LANE_KEEP,near_straight_lt5deg,0.055955921932256264,9.534924887028689,1.2796284719649071,0.017441353226721475,0.049351958831277964,0.13324589879470128,0.10396939094984002,-0.08333567838043378
98865,session_097_20260219-110038,20260219-110038,165,nonstop,LANE_KEEP,near_straight_lt5deg,0.056400612515864805,9.590987639859966,1.359150725093863,0.0070750871504825065,0.05576798343302961,0.06349593984599898,0.021253534995050834,-0.059833281935231256
98870,session_097_20260219-110038,20260219-110038,170,nonstop,LANE_KEEP,near_straight_lt5deg,0.07161769161028915,9.633296270622331,1.3581642954434225,0.017555828134193967,0.06403861490379865,0.10558465838063488,0.1053653993517098,0.006800934113052993
98875,session_097_20260219-110038,20260219-110038,175,nonstop,LANE_KEEP,near_straight_lt5deg,0.06950250430354621,9.707184935644467,1.6652381846416235,0.029445817897672144,0.05755125954834353,0.16549136990708574,0.1589843011690265,0.045949814967202615
98880,session_097_20260219-110038,20260219-110038,180,nonstop,LANE_KEEP,near_straight_lt5deg,0.14116157185129755,9.722260942540954,1.6935767800069557,0.03193572183531147,0.13244274948887672,0.21374823013114785,0.17683032216059485,0.1200805689892348
98885,session_097_20260219-110038,20260219-110038,185,nonstop,LANE_KEEP,near_straight_lt5deg,0.05715465771347891,9.78393090218718,1.7858813541851375,0.013021090774254309,0.05244202554439831,0.177834867675099,0.08697889704781993,-0.15511257727652103
98890,session_097_20260219-110038,20260219-110038,190,nonstop,LANE_KEEP,near_straight_lt5deg,0.0849769328861966,9.839797317180265,1.8337209096002516,0.057714782808744376,0.059403250635400695,0.21761749880426767,0.2057776102546395,0.07080219561366102
98895,session_097_20260219-110038,20260219-110038,195,nonstop,LANE_KEEP,near_straight_lt5deg,0.04884532675089641,9.848826971948327,1.6627633466177218,0.013223079629541397,0.046523671407779896,0.06028684782375661,0.03406593930265398,0.049739479289118836
98900,session_097_20260219-110038,20260219-110038,200,nonstop,LANE_KEEP,near_straight_lt5deg,0.022958851467401918,9.894411605062833,1.5588975990302676,0.01866993185807398,0.010759478454847343,0.10053567852270183,0.04982078207311415,-0.08732303435888675
98905,session_097_20260219-110038,20260219-110038,205,nonstop,LANE_KEEP,near_straight_lt5deg,0.04270627318951204,9.945263691294558,1.483329339200002,0.031265919546424624,0.026605804544147522,0.09229226315030117,0.09229154964034476,0.0003629082366343821
98910,session_097_20260219-110038,20260219-110038,210,nonstop,LANE_KEEP,near_straight_lt5deg,0.069358336961545,9.957285767147813,1.4310981348240146,0.023258548750055123,0.0632153696738362,0.08279469542460006,0.0755265525551393,-0.03392199064895915
98915,session_097_20260219-110038,20260219-110038,215,nonstop,LANE_KEEP,near_straight_lt5deg,0.03980684392394445,9.994394679966206,1.3559039203971792,0.015203192006715492,0.03582110240101357,0.0573321513030267,-0.011423127341577487,-0.05618262840746463
98920,session_097_20260219-110038,20260219-110038,220,nonstop,LANE_KEEP,near_straight_lt5deg,0.04955509127549202,10.03845083006967,1.324317502957657,0.03161337553141483,0.033689788139858984,0.024283468087177153,0.013028832920768759,-0.020492348207651643
98925,session_097_20260219-110038,20260219-110038,225,nonstop,LANE_KEEP,near_straight_lt5deg,0.06625862215796963,10.081739810523814,1.5422330286152406,0.02949830007255771,0.053457420849348784,0.06854586907932685,0.061815363456399576,-0.029620888045320926
98930,session_097_20260219-110038,20260219-110038,230,nonstop,LANE_KEEP,near_straight_lt5deg,0.0924463935792103,10.126752073111502,1.7066870632263353,0.03618267687931258,0.07602283484829013,0.22348176408604317,0.21578355721497286,-0.05815114198932292
98935,session_097_20260219-110038,20260219-110038,235,nonstop,LANE_KEEP,near_straight_lt5deg,0.07499982533582551,10.18493677855498,1.7946756025715689,0.035701880220913806,0.058717653164453626,0.32994278893274165,0.2022893070364448,-0.26065548186721615
98940,session_097_20260219-110038,20260219-110038,240,nonstop,LANE_KEEP,near_straight_lt5deg,0.07922439660085719,10.259638618195574,1.9150778246374134,0.04028123545677766,0.05969592459229757,0.3406113788427119,0.18848106510400356,-0.283709357431851
98945,session_097_20260219-110038,20260219-110038,245,nonstop,LANE_KEEP,near_straight_lt5deg,0.062032022122792796,10.387145667783997,1.7879998684506948,0.007711373094239255,0.05999846988126008,0.43221307752244126,0.0003226449697552782,-0.4322129570959705
98950,session_097_20260219-110038,20260219-110038,250,nonstop,LANE_KEEP,near_straight_lt5deg,0.06001293554807936,10.519133261143454,1.6978403132672293,0.027403223458854688,0.05103487374262128,0.26784589447087553,0.0414897496949783,-0.2646129699299553
98955,session_097_20260219-110038,20260219-110038,255,nonstop,LANE_KEEP,near_straight_lt5deg,0.03934231567834921,10.62433998413698,1.5825394672665203,0.014137490934030321,0.034787235607240626,0.12943657534729575,-0.05249220250069696,-0.11831481612318043
98960,session_097_20260219-110038,20260219-110038,260,nonstop,LANE_KEEP,near_straight_lt5deg,0.06854686808806443,10.743656217940373,1.5272324006210292,0.04372037493488985,0.04575349592909164,0.2694972605476032,0.14213045046492698,-0.2289709774039052
98965,session_097_20260219-110038,20260219-110038,265,nonstop,LANE_KEEP,near_straight_lt5deg,0.04263164076696217,10.850933509647032,1.4486363046443875,0.009369478073093003,0.040467837894299946,0.12854061425240318,-0.023158244417661993,-0.12643727784113726
98970,session_097_20260219-110038,20260219-110038,270,nonstop,LANE_KEEP,near_straight_lt5deg,0.04092245286295642,10.969621210042783,1.4386513079111927,0.015608259831040246,0.03617256951260055,0.1715387356663659,-0.07369235763712442,-0.15490311249260783
98975,session_097_20260219-110038,20260219-110038,275,nonstop,LANE_KEEP,near_straight_lt5deg,0.05584262482547314,11.06764518934911,1.456419692294161,0.021947105879229496,0.04934838020872545,0.12404060322714751,-0.10012283818800514,0.07322218599668531
98980,session_097_20260219-110038,20260219-110038,280,nonstop,LANE_KEEP,near_straight_lt5deg,0.029719895600968195,11.19511977448722,1.3480386248909608,0.02356612264894251,0.012444783178235563,0.10352031269205293,-0.10350980635136453,-0.0014748318424244152
98985,session_097_20260219-110038,20260219-110038,285,nonstop,LANE_KEEP,near_straight_lt5deg,0.07574233855607246,11.301059945909318,1.2542617019347841,0.004678120450876793,0.07487229405892692,0.21554867684737297,-0.0003776791853376364,0.21554834596694586
98990,session_097_20260219-110038,20260219-110038,290,nonstop,LANE_KEEP,near_straight_lt5deg,0.056402061385999,11.333529977734885,1.5544781430965486,0.030806184840744898,0.04512490249226817,0.21525105214831103,0.175839292781634,0.1241513534562138
98995,session_097_20260219-110038,20260219-110038,295,nonstop,LANE_KEEP,near_straight_lt5deg,0.04044332591921769,11.37764862555393,1.6379087788262265,0.030189840162070235,0.02335346264713084,0.2457216566606564,0.1303529091660068,-0.2082960672312761
99030,session_097_20260219-110038,20260219-110108,30,nonstop,LANE_KEEP,near_straight_lt5deg,0.04353474627707672,11.724528036470177,1.3919468311394851,0.01947895466106251,0.03462535488605317,0.22354977317421584,-0.10937267859021338,-0.19496696711044473
99035,session_097_20260219-110038,20260219-110108,35,nonstop,LANE_KEEP,near_straight_lt5deg,0.042406134979665944,11.819015697606062,1.3976755823108107,0.026612285767350946,0.031518760992002015,0.18685382880512855,-0.08341060031218493,-0.1672035439059149
99040,session_097_20260219-110038,20260219-110108,40,nonstop,LANE_KEEP,near_straight_lt5deg,0.09540932608392269,11.829695273374046,1.322364068397303,0.03854655284106874,0.07931436694012756,0.1789708862119529,-0.17390122810039416,0.042295874227475994
99045,session_097_20260219-110038,20260219-110108,45,nonstop,LANE_KEEP,near_straight_lt5deg,0.06648248367542435,11.879934355081247,1.3104448426532818,0.004715731228261944,0.06594714706693075,0.3322165285121961,0.016822115106012357,-0.3317903528737008
99050,session_097_20260219-110038,20260219-110108,50,nonstop,LANE_KEEP,near_straight_lt5deg,0.03184780072335926,11.936107939248053,1.2957229786873157,0.009613504279695798,0.02680404689976309,0.17718188459139952,-0.013819738314517474,-0.17664211009914446
99055,session_097_20260219-110038,20260219-110108,55,nonstop,LANE_KEEP,near_straight_lt5deg,0.039361865957233504,12.01296471551982,1.4780628666244235,0.03599464009822668,0.013256717533190375,0.09955126979805352,0.06794367720351466,-0.07276064902452041
99060,session_097_20260219-110038,20260219-110108,60,nonstop,LANE_KEEP,near_straight_lt5deg,0.08126639551556782,12.032451942341384,1.5820912638045606,0.06093076421821111,0.045655149802857904,0.23398647818246207,0.23373714567633694,-0.010799013997149387
99065,session_097_20260219-110038,20260219-110108,65,nonstop,LANE_KEEP,near_straight_lt5deg,0.04613572746170499,12.115793668660324,1.6252107726650462,0.015179954635152372,0.04236830328220341,0.28491431372642867,0.06309125586635465,-0.27784106895743116
99070,session_097_20260219-110038,20260219-110108,70,nonstop,LANE_KEEP,near_straight_lt5deg,0.10420858751927099,12.162136374684144,1.5982624270980628,0.02240169673256607,0.09409288990843022,0.1302425454291251,0.13002698906215257,0.00749017725348152
99075,session_097_20260219-110038,20260219-110108,75,nonstop,LANE_KEEP,near_straight_lt5deg,0.07044720348016814,12.20650744627405,1.5851378819102229,0.03668188384157471,0.05335871833018263,0.254376069802858,0.17459551931435324,-0.18499618786261457
99080,session_097_20260219-110038,20260219-110108,80,nonstop,LANE_KEEP,near_straight_lt5deg,0.043946679444196834,12.254235135760695,1.5282169136120936,0.010771844644978781,0.04218343039264628,0.1346412435222104,0.04926368501715876,-0.12530504297807546
99085,session_097_20260219-110038,20260219-110108,85,nonstop,LANE_KEEP,near_straight_lt5deg,0.07611416340727675,12.323631419375833,1.5105377658055983,0.018678522671968113,0.0700928672961146,0.11852155589542515,-0.10235412555423055,-0.05975777935885166
99090,session_097_20260219-110038,20260219-110108,90,nonstop,LANE_KEEP,near_straight_lt5deg,0.07384645650842432,12.350432267900679,1.4567233632392327,0.026955433746354455,0.06530935147814643,0.22016961211854738,0.015202660119531019,0.21964411493532357
99095,session_097_20260219-110038,20260219-110108,95,nonstop,LANE_KEEP,near_straight_lt5deg,0.11586665681533748,12.34623574866094,1.449628419772591,0.07602682670467747,0.08678516556121703,0.28108549323182297,0.1560483248745419,0.23379045063737447
99100,session_097_20260219-110038,20260219-110108,100,nonstop,LANE_KEEP,near_straight_lt5deg,0.07601676138802099,12.322861272677613,1.456907215187822,0.0346343839252191,0.06287574547152834,0.24008593174561124,0.040211440379879566,0.23669451764824145
99105,session_097_20260219-110038,20260219-110108,105,nonstop,LANE_KEEP,near_straight_lt5deg,0.0793301973550034,12.297648751523012,1.4296515742737108,0.03598786276931956,0.06775008317377715,0.2611195597229506,-0.19492303232519967,0.17374819693757035
99110,session_097_20260219-110038,20260219-110108,110,nonstop,LANE_KEEP,near_straight_lt5deg,0.12097622304682248,12.2423839591727,1.4066346390327111,0.02616647569223168,0.11721870612338177,0.2971092772924827,-0.11683440850375773,0.2731732850094212
99115,session_097_20260219-110038,20260219-110108,115,nonstop,LANE_KEEP,near_straight_lt5deg,0.10747134680842275,12.231786008603141,1.4105162071303452,0.024350495822938096,0.10123886629323153,0.1602316317924846,-0.13229378845510467,0.09040204291429692
99120,session_097_20260219-110038,20260219-110108,120,nonstop,LANE_KEEP,near_straight_lt5deg,0.11528251911610438,12.191480930649954,1.4218596025421044,0.057905429034032126,0.09818603811675121,0.10778017443419978,0.091209157198405,-0.05742347642056493
99125,session_097_20260219-110038,20260219-110108,125,nonstop,LANE_KEEP,near_straight_lt5deg,0.10816484491323501,12.138524318663698,1.4087468756123065,0.048268948211085155,0.09095215196752178,0.3533672019534528,0.11942829268530933,-0.33257369457412644
99130,session_097_20260219-110038,20260219-110108,130,nonstop,LANE_KEEP,near_straight_lt5deg,0.09812806453417586,12.237099410499546,1.3820491733441453,0.014776215131608704,0.09370559312025113,0.5030302445720541,-0.031813079056310825,-0.5020232613686119
99135,session_097_20260219-110038,20260219-110108,135,nonstop,LANE_KEEP,near_straight_lt5deg,0.06434858935900765,12.341820266125705,1.3227401864247448,0.053082350535287134,0.027237567724445102,0.21564640606303034,0.21091031558017206,-0.04494675994744895
99140,session_097_20260219-110038,20260219-110108,140,nonstop,LANE_KEEP,near_straight_lt5deg,0.06969030842639864,12.441470348534176,1.377963038572746,0.05123687196912417,0.03423305006054746,0.2674120556365905,0.2603553297089933,-0.06102712341171222
99145,session_097_20260219-110038,20260219-110108,145,nonstop,LANE_KEEP,near_straight_lt5deg,0.04787888544467174,12.54401902957224,1.48199797963505,0.044399655318284895,0.015561289972145896,0.1978949876243721,0.18540640822551038,0.0691873537271501
99150,session_097_20260219-110038,20260219-110108,150,nonstop,LANE_KEEP,near_straight_lt5deg,0.04975069494604065,12.60429681370367,1.5106809233311482,0.025439742463696492,0.036246263864514704,0.10176548993883085,0.10041302071365993,0.016536027746964662
99155,session_097_20260219-110038,20260219-110108,155,nonstop,LANE_KEEP,near_straight_lt5deg,0.053365666907842,12.629134826032288,1.4939151257589316,0.03977124840420766,0.034837877301453476,0.1822051911059674,0.14274472058472956,0.11323725716896178
99160,session_097_20260219-110038,20260219-110108,160,nonstop,LANE_KEEP,near_straight_lt5deg,0.08835793463576663,12.73566000377029,1.4824975404612728,0.016142694220013427,0.08685710980654729,0.2664524411991642,0.051745536700627946,-0.2613796144548347
99165,session_097_20260219-110038,20260219-110108,165,nonstop,LANE_KEEP,near_straight_lt5deg,0.04161396512238207,12.759051970047224,1.453551607314423,0.005467653685714064,0.04060930870429213,0.11315480143680655,-0.008898083856825448,0.11280440236036898
99170,session_097_20260219-110038,20260219-110108,170,nonstop,LANE_KEEP,near_straight_lt5deg,0.05865355165737279,12.804306931127233,1.4135685942146423,0.039040140890550176,0.04310073038973743,0.23803798367485632,-0.12712005060028853,-0.20125251403987793
99175,session_097_20260219-110038,20260219-110108,175,nonstop,LANE_KEEP,near_straight_lt5deg,0.0319309693497295,12.87141359473272,1.364380617865389,0.0062434433487120414,0.030659916149707433,0.17385328556591761,0.01693414084094594,-0.17302658690514447
99180,session_097_20260219-110038,20260219-110108,180,nonstop,LANE_KEEP,near_straight_lt5deg,0.030424916154726665,12.895751960783162,1.3540693238015094,0.014109494220212553,0.026191325962823156,0.07648906447721363,0.03709940426080361,-0.06688954468444834
99185,session_097_20260219-110038,20260219-110108,185,nonstop,LANE_KEEP,near_straight_lt5deg,0.062299778959302915,12.924425687921811,1.3413402266543597,0.03497416450153284,0.04695573758034878,0.21833454674277064,-0.06867410258386154,-0.20725308667344947
99190,session_097_20260219-110038,20260219-110108,190,nonstop,LANE_KEEP,near_straight_lt5deg,0.06968651805435838,12.968598841394149,1.3093184116485068,0.01956398668669362,0.06558217348213202,0.21584229669565422,-0.0562214919349223,-0.2083915566606917
99195,session_097_20260219-110038,20260219-110108,195,nonstop,LANE_KEEP,near_straight_lt5deg,0.12001815590901274,13.016265379659485,1.3401755283687815,0.03647279712763314,0.11324252680580177,0.34609496906113046,-0.17894813418009314,-0.2962419499039395
99200,session_097_20260219-110038,20260219-110108,200,nonstop,LANE_KEEP,near_straight_lt5deg,0.09244725693073737,13.018588462940265,1.378264729652518,0.04776152382884688,0.07770272801750554,0.1779794142444178,-0.14329727410390952,-0.10555833993188357
99205,session_097_20260219-110038,20260219-110108,205,nonstop,LANE_KEEP,near_straight_lt5deg,0.10373493295540939,13.025980694502918,1.3754844534472386,0.0744199944354719,0.06533317935838927,0.21524307491956154,-0.2101129827117263,-0.04671312231921329
99210,session_097_20260219-110038,20260219-110108,210,nonstop,LANE_KEEP,near_straight_lt5deg,0.1304069787962533,12.983044441200205,1.5577750248814628,0.12363213282736586,0.03959786263215134,0.4373818698666052,-0.39771071987734574,0.18201396480119697
99215,session_097_20260219-110038,20260219-110108,215,nonstop,LANE_KEEP,near_straight_lt5deg,0.12181560949614115,12.856942038147332,1.9123313073629722,0.10297711028662215,0.05637189644535556,0.34052502419051817,-0.17259002929377393,0.29354722599324157
99220,session_097_20260219-110038,20260219-110108,220,nonstop,LANE_KEEP,near_straight_lt5deg,0.047453326927865996,12.713316198085254,2.2166860339838714,0.0337093339486757,0.026005796519054776,0.1938549506136917,0.0784352287303955,0.17727847238581276
99225,session_097_20260219-110038,20260219-110108,225,nonstop,LANE_KEEP,near_straight_lt5deg,0.0277581589742955,12.607731557105478,2.3641688619562693,0.010031430166432069,0.02447525398234323,0.13563387436424765,0.04466314616629332,0.1280693220470259
99230,session_097_20260219-110038,20260219-110108,230,nonstop,LANE_KEEP,near_straight_lt5deg,0.08779233902088847,12.489513589434663,2.3691399273126237,0.01855123526121587,0.0796888829280426,0.3750880105521664,-0.032122623296219247,0.37370998479108275
99235,session_097_20260219-110038,20260219-110108,235,nonstop,LANE_KEEP,near_straight_lt5deg,0.06909658737659614,12.319705266902782,2.0478719481591243,0.02518962668991495,0.06390990831161242,0.3224466322165121,-0.1348833262337801,0.2928793590061994
99240,session_097_20260219-110038,20260219-110108,240,nonstop,LANE_KEEP,near_straight_lt5deg,0.03642137169183319,12.167046989631206,1.990586081274352,0.032096760738986915,0.017053797557360886,0.04031496447704568,-0.033245788418159346,-0.022803813567919676
99245,session_097_20260219-110038,20260219-110108,245,nonstop,LANE_KEEP,near_straight_lt5deg,0.03846809423062258,12.049411181148876,1.9857141021436022,0.035621187115662485,0.013630406700346254,0.19714592622873026,0.18275996576243228,-0.07392774271610443
99250,session_097_20260219-110038,20260219-110108,250,nonstop,LANE_KEEP,near_straight_lt5deg,0.07559179125244038,11.951059280134857,2.1295095885514086,0.03257361223042144,0.0604786579829794,0.2440384436440033,0.23401295858971946,0.06922930873751089
99255,session_097_20260219-110038,20260219-110108,255,nonstop,LANE_KEEP,near_straight_lt5deg,0.16765539605825197,11.915594356119104,2.5864340891739848,0.1454740484770554,0.07535488723593875,0.6413422102257599,0.623839895504949,0.14880730961090932
99260,session_097_20260219-110038,20260219-110108,260,nonstop,LANE_KEEP,near_straight_lt5deg,0.1314079181828121,11.899561775017135,2.814732600828622,0.041641209925490315,0.12215824105469505,0.245406571031363,-0.12284492282231366,0.2124464874789678
99265,session_097_20260219-110038,20260219-110108,265,nonstop,LANE_KEEP,near_straight_lt5deg,0.12101743096325608,11.895184043143454,3.003705281844323,0.014939769466756476,0.1195075478903959,0.26368173341112083,0.09057043201845481,0.24763895771603436
99270,session_097_20260219-110038,20260219-110108,270,nonstop,LANE_KEEP,near_straight_lt5deg,0.06658395876107154,11.91098965917479,2.988706952400327,0.011227057647601419,0.06381080928419777,0.051640294359977044,0.046765352601133986,0.021902552309643906
99275,session_097_20260219-110038,20260219-110108,275,nonstop,LANE_KEEP,near_straight_lt5deg,0.06741770025116367,11.976377313711104,3.030718095150926,0.05743182140916055,0.03438964866994644,0.19070684429664417,-0.15859156589795778,-0.10591419020895261
99280,session_097_20260219-110038,20260219-110108,280,nonstop,LANE_KEEP,near_straight_lt5deg,0.07102550145174776,12.007291642668829,3.0119437962946902,0.019436992478710072,0.06765110861281795,0.1942971719097747,0.02132042346627687,0.19312387360281266
99285,session_097_20260219-110038,20260219-110108,285,nonstop,LANE_KEEP,near_straight_lt5deg,0.05396355993760306,11.989776129991961,2.9992366984109506,0.049221799738364255,0.019144091795406916,0.24957363075596015,0.24747266753274097,0.032315259444135644
99290,session_097_20260219-110038,20260219-110108,290,nonstop,LANE_KEEP,near_straight_lt5deg,0.0475255161509012,12.045238322405364,3.0367449541908527,0.012547950747371672,0.04389199241746701,0.25496804982657273,0.04931922084637941,-0.2501525952043506
99295,session_097_20260219-110038,20260219-110108,295,nonstop,LANE_KEEP,near_straight_lt5deg,0.11068173274651802,12.101730933766813,3.280047870073131,0.10318167589952229,0.03162559408983687,0.3266096449733694,-0.3001484383828338,-0.12878188974377056
99330,session_097_20260219-110038,20260219-110218,30,nonstop,LANE_KEEP,near_straight_lt5deg,0.039464937532569126,11.345303173896381,1.41381352251314,0.033763297081398434,0.016167360612780367,0.12358803484742105,-0.07635799188591884,0.09717746360446598
99335,session_097_20260219-110038,20260219-110218,35,nonstop,LANE_KEEP,near_straight_lt5deg,0.09662430621782864,11.345660478283463,1.2775506433989372,0.014989533134384583,0.0952030412982229,0.3179814606532635,-0.030493192132633108,0.3165159941499723
99340,session_097_20260219-110038,20260219-110218,40,nonstop,LANE_KEEP,near_straight_lt5deg,0.11376209632496698,11.304342563734409,1.3424173304229525,0.02878459833143526,0.10740097895019983,0.3452251543910851,0.09037127692716557,0.3331867937522465
99345,session_097_20260219-110038,20260219-110218,45,nonstop,LANE_KEEP,near_straight_lt5deg,0.10597011336990335,11.27256476750985,1.2617217782061139,0.05060548208232734,0.08957867403330429,0.28854769204219666,0.24244557785731435,0.15646057765555924
99350,session_097_20260219-110038,20260219-110218,50,nonstop,LANE_KEEP,near_straight_lt5deg,0.07958103967047081,11.225005620386298,1.2636460355480679,0.021742683453129838,0.07441050648554434,0.23331186025816977,0.0605675432757611,-0.2253131084483691
99355,session_097_20260219-110038,20260219-110218,55,nonstop,LANE_KEEP,near_straight_lt5deg,0.09416493877977714,11.190634160008774,1.3122365845480555,0.027546543752486358,0.08753991891709664,0.17950256242198806,0.0761165595548582,-0.16256518470321818
99360,session_097_20260219-110038,20260219-110218,60,nonstop,LANE_KEEP,near_straight_lt5deg,0.07851220476219936,11.187591800782158,1.365065535533809,0.02914946409997161,0.07145537306701844,0.20353368566477983,0.0021180032397855467,-0.20352266523059703
99365,session_097_20260219-110038,20260219-110218,65,nonstop,LANE_KEEP,near_straight_lt5deg,0.07331945136193269,11.266547451837697,1.4083287342321233,0.04495447513955221,0.04477610448303522,0.3175959661071737,-0.049458634551142265,-0.3137212794119736
99370,session_097_20260219-110038,20260219-110218,70,nonstop,LANE_KEEP,near_straight_lt5deg,0.07899009418879577,11.387454071684692,1.4268274641738048,0.04183616678140963,0.06409726165539367,0.32512738909512473,0.23078588556320995,-0.22901024903837303
99375,session_097_20260219-110038,20260219-110218,75,nonstop,LANE_KEEP,near_straight_lt5deg,0.0382099761388765,11.509123958856609,1.6443660263263165,0.019048236624037557,0.025963863239195813,0.13422715222611595,0.134160076499957,0.0042429079955362764
99380,session_097_20260219-110038,20260219-110218,80,nonstop,LANE_KEEP,near_straight_lt5deg,0.059643457210781764,11.609552747786688,1.8201224633716924,0.05626956945017188,0.018183987838045697,0.4186274535427393,0.38346701449706583,-0.16793449214615033
99385,session_097_20260219-110038,20260219-110218,85,nonstop,LANE_KEEP,near_straight_lt5deg,0.06913719962230182,11.693147683631267,1.9496590791141843,0.057343356283316826,0.03342630007097264,0.41303864199537316,0.38380322468549716,-0.15263028697606476
99390,session_097_20260219-110038,20260219-110218,90,nonstop,LANE_KEEP,near_straight_lt5deg,0.07470933092185573,11.765677850228741,1.9587057506161734,0.03741781585647877,0.05932286000007759,0.24418869601843618,0.21227329312530943,-0.12069866730383029
99395,session_097_20260219-110038,20260219-110218,95,nonstop,LANE_KEEP,near_straight_lt5deg,0.08951268865515703,11.851530053917127,1.9170964072436192,0.06289521543380946,0.05216149999495637,0.29714661994310715,0.28024145176726845,-0.09879697594049686
99400,session_097_20260219-110038,20260219-110218,100,nonstop,LANE_KEEP,near_straight_lt5deg,0.03710664664119408,11.954801549185655,1.743921384286385,0.01247193285791081,0.03355673023200776,0.11360710424679835,-0.02801549155617606,0.11009862110039678
99405,session_097_20260219-110038,20260219-110218,105,nonstop,LANE_KEEP,near_straight_lt5deg,0.06391387617983423,12.004078610686419,1.5619305249311444,0.025300972683976602,0.05654343457560838,0.11489447533495381,-0.06986722248215485,-0.09121026085437639
99410,session_097_20260219-110038,20260219-110218,110,nonstop,LANE_KEEP,near_straight_lt5deg,0.10754969010999199,12.01472769631584,1.441521785724271,0.04516165078189692,0.09631623489159201,0.38996949346916,-0.1257527907618863,-0.3691374289505068
99415,session_097_20260219-110038,20260219-110218,115,nonstop,LANE_KEEP,near_straight_lt5deg,0.056038655620990696,12.041192600640763,1.2298473213381946,0.017582216049519317,0.05218107062434238,0.20110180827723748,0.049139838933279195,-0.19500567561480397
99420,session_097_20260219-110038,20260219-110218,120,nonstop,LANE_KEEP,near_straight_lt5deg,0.054276574978409854,12.004174435503524,1.3490964018622007,0.021033813009472782,0.0456323507609504,0.15891257453183086,0.1333779257550641,0.08639175461588512
99425,session_097_20260219-110038,20260219-110218,125,nonstop,LANE_KEEP,near_straight_lt5deg,0.1622783043671212,12.063354161472468,1.609392174013021,0.0737690880737232,0.12912746432844102,0.3654990341519775,0.3591146931681774,-0.06801603573242246
99430,session_097_20260219-110038,20260219-110218,130,nonstop,LANE_KEEP,near_straight_lt5deg,0.10648252664569377,12.017975635623758,1.7543271239986231,0.06561252861621064,0.06861158232263308,0.42171708255722845,0.31611017862837204,0.27914091905007216
99435,session_097_20260219-110038,20260219-110218,135,nonstop,LANE_KEEP,near_straight_lt5deg,0.09765152079367853,12.051513232918815,1.818608025577818,0.016879696368485412,0.09323070770033808,0.2981519636379632,-0.015422645943422016,0.29775280924497954
99440,session_097_20260219-110038,20260219-110218,140,nonstop,LANE_KEEP,near_straight_lt5deg,0.1285338985022,11.88350415683754,1.565390130104979,0.05051879344575694,0.1157527432338357,0.7650033086592695,-0.2807396607939649,0.7116286286518545
99445,session_097_20260219-110038,20260219-110218,145,nonstop,LANE_KEEP,near_straight_lt5deg,0.05381082428184353,11.788073241455635,1.3981489162544172,0.03665116670597175,0.03364465850520843,0.2519854252410452,-0.20256608849098276,0.14987873207154423
99450,session_097_20260219-110038,20260219-110218,150,nonstop,LANE_KEEP,near_straight_lt5deg,0.09674277684348115,11.7001150726658,1.3566260544043391,0.03764954020299155,0.08626628856107818,0.4233167272109884,-0.16053435370104505,0.3916960209376783
99455,session_097_20260219-110038,20260219-110218,155,nonstop,LANE_KEEP,near_straight_lt5deg,0.08183295313766116,11.580541967849731,1.316298584077664,0.030567120137960837,0.07506213337225978,0.2895732672685292,-0.0834802901919975,0.2772791342060036
99460,session_097_20260219-110038,20260219-110218,160,nonstop,LANE_KEEP,near_straight_lt5deg,0.1030721639487499,11.43652093204219,1.3543734795703857,0.02738385903252328,0.09662906230219005,0.29897962451701743,0.1494529009154814,0.2589452573118188
99465,session_097_20260219-110038,20260219-110218,165,nonstop,LANE_KEEP,near_straight_lt5deg,0.05210290447022596,11.272412624783023,1.6790268758351266,0.007672477049208351,0.04952044070063783,0.046087225015901,0.02790169611102745,0.03668143486553063
99470,session_097_20260219-110038,20260219-110218,170,nonstop,LANE_KEEP,near_straight_lt5deg,0.05785326577651138,11.158003498236129,1.983461026125818,0.016088636579318628,0.05236354647017986,0.20512200258544397,0.1315452433375007,-0.1573876897979655
99475,session_097_20260219-110038,20260219-110218,175,nonstop,LANE_KEEP,near_straight_lt5deg,0.02524378804317104,11.048453384595042,2.215790989740341,0.0212791145300484,0.009727625873732933,0.19034107037538098,0.17574628326209893,-0.0730956017227016
99480,session_097_20260219-110038,20260219-110218,180,nonstop,LANE_KEEP,near_straight_lt5deg,0.09421030904275655,11.101125880438907,2.199235679341993,0.033560510849371124,0.08229188516591047,0.2940700502308327,0.22933099231365925,-0.1840774033041449
99485,session_097_20260219-110038,20260219-110218,185,nonstop,LANE_KEEP,near_straight_lt5deg,0.09264635891204007,11.019713009574374,2.16883967226264,0.03166281038809171,0.08499538434349696,0.4907414218960772,0.20367922555779872,0.446477229252242
99490,session_097_20260219-110038,20260219-110218,190,nonstop,LANE_KEEP,near_straight_lt5deg,0.08293525197741705,10.969710318867657,1.9540152942336295,0.06936127399735345,0.044969983329644525,0.30213032949230656,-0.24020290383002443,0.18326292857736876
99495,session_097_20260219-110038,20260219-110218,195,nonstop,LANE_KEEP,near_straight_lt5deg,0.0969969527663671,10.937932731012022,1.7417414003101221,0.07903044492654873,0.04967964603092453,0.3794613570376948,-0.22643439818117195,0.3044969372673876
99500,session_097_20260219-110038,20260219-110218,200,nonstop,LANE_KEEP,near_straight_lt5deg,0.06918098183533833,10.958084706185717,1.5651490680660811,0.02952045621707618,0.05593248185306855,0.27478212440736927,-0.02824388927520735,0.2733267250241674
99505,session_097_20260219-110038,20260219-110218,205,nonstop,LANE_KEEP,near_straight_lt5deg,0.06058973412230102,10.946784177763563,1.4356331260809425,0.026601966871408176,0.04798676998013724,0.25397330791380024,0.04282306850256473,0.25033702470210567
99510,session_097_20260219-110038,20260219-110218,210,nonstop,LANE_KEEP,near_straight_lt5deg,0.04750027598634122,10.908699542302395,1.5806880828072156,0.03080411154592941,0.03002579428656438,0.13324160277914238,0.12017507207889873,0.05754369437207048
99515,session_097_20260219-110038,20260219-110218,215,nonstop,LANE_KEEP,near_straight_lt5deg,0.046355661405886234,10.866896382491989,1.7000362165849583,0.04176676260386744,0.013686126084501985,0.22969067015537376,0.22699619424658687,0.03507893604416348
99520,session_097_20260219-110038,20260219-110218,220,nonstop,LANE_KEEP,near_straight_lt5deg,0.033476503272892595,10.823654298671151,1.6468403502084725,0.02503625600020156,0.021997899394539642,0.10629968138382724,0.07267953404870615,0.0775713065041846
99525,session_097_20260219-110038,20260219-110218,225,nonstop,LANE_KEEP,near_straight_lt5deg,0.035347369822101245,10.824624150776403,1.5771813158580665,0.024366979995973804,0.023850969031994816,0.07545007325755163,0.07120462853270473,0.024952242987143197
99530,session_097_20260219-110038,20260219-110218,230,nonstop,LANE_KEEP,near_straight_lt5deg,0.053669501440853404,10.829798519458516,1.6035959048738995,0.031995221854250515,0.03348755641874113,0.19746699808804308,0.016472805863937786,0.1967787132818797
99535,session_097_20260219-110038,20260219-110218,235,nonstop,LANE_KEEP,near_straight_lt5deg,0.07577497867882108,10.785541830685407,1.7850046515503801,0.04777280330979559,0.0422069834881008,0.28645836381596784,0.004170130351225408,0.2864280087787771
99540,session_097_20260219-110038,20260219-110218,240,nonstop,LANE_KEEP,near_straight_lt5deg,0.06371491954231888,10.78116867420155,1.9701147058785455,0.04852730970112823,0.030673463870873614,0.2368821676615864,0.1208278483777958,0.2037493372073743
99545,session_097_20260219-110038,20260219-110218,245,nonstop,LANE_KEEP,near_straight_lt5deg,0.06381475199866825,10.774357266104047,2.05383373538289,0.046298130199519644,0.038437664537150674,0.19190328595342426,0.18114941707018925,0.06333845478737503
99550,session_097_20260219-110038,20260219-110218,250,nonstop,LANE_KEEP,near_straight_lt5deg,0.06763761804802815,10.714681652081312,2.871940894721241,0.06459823622182766,0.017676985382133532,0.4610844314125803,0.4313975423415723,0.1627728888750024
99555,session_097_20260219-110038,20260219-110218,255,nonstop,LANE_KEEP,near_straight_lt5deg,0.0948096162612336,10.675994220869633,2.844262178596857,0.0787151329123238,0.04022175120008374,0.4313242945677392,0.42604099121734956,-0.06730320116380897
99560,session_097_20260219-110038,20260219-110218,260,nonstop,LANE_KEEP,near_straight_lt5deg,0.10136732888518109,10.646777561257537,2.6974256787085635,0.07922148941698558,0.048654421369096895,0.3392226910872183,0.26060983841407354,0.2171509757524585
99565,session_097_20260219-110038,20260219-110218,265,nonstop,LANE_KEEP,near_straight_lt5deg,0.08775172038444645,10.634487860471848,2.546810292350657,0.06905158897396352,0.04302358209622618,0.28037613428441294,0.14184994516280042,0.24184575607932768
99570,session_097_20260219-110038,20260219-110218,270,nonstop,LANE_KEEP,near_straight_lt5deg,0.09292368253179946,10.574763530714456,2.3803609188171553,0.0673948132786356,0.04184997300730294,0.28272512387203874,0.04547700382269162,0.27904361270555994
99575,session_097_20260219-110038,20260219-110218,275,nonstop,LANE_KEEP,near_straight_lt5deg,0.09927349261161511,10.45484952629468,2.086503450713466,0.023656180329907718,0.08497575376754295,0.37772385564709066,-0.018000266837512092,0.3772947144059701
99580,session_097_20260219-110038,20260219-110218,280,nonstop,LANE_KEEP,near_straight_lt5deg,0.10782559574799624,10.43990623627862,0.7182003108512051,0.09431180358533822,0.04733388393206646,0.06976386933560319,-0.004193879345700689,-0.06963769698021913
99585,session_097_20260219-110038,20260219-110218,285,nonstop,LANE_KEEP,near_straight_lt5deg,0.2108045708048426,10.326874230327249,1.0922302226244034,0.04519645535588604,0.20378213959328448,0.6374366752454277,0.27075464097614155,0.5770766321190155
99590,session_097_20260219-110038,20260219-110218,290,nonstop,LANE_KEEP,near_straight_lt5deg,0.13413520431858084,10.303629607052054,1.0733364261629958,0.128186965696288,0.038588455374540594,0.3924481235837766,-0.374743918609967,0.11654409109548924
99595,session_097_20260219-110038,20260219-110218,295,nonstop,LANE_KEEP,near_straight_lt5deg,0.13258412026488986,10.297732166940468,1.467780781852154,0.06667819630598736,0.11402735360783016,0.22015825015440335,-0.08871965201800314,0.20149064111480033
99630,session_087_20260219-90551,20260219-90551,30,nonstop,LANE_KEEP,near_straight_lt5deg,0.07357541055048954,11.367001820064429,2.9156785610889298,0.05731818272233679,0.03859814203904269,0.2983158763459206,0.2572961933795977,-0.15096698629966498
99635,session_087_20260219-90551,20260219-90551,35,nonstop,LANE_KEEP,near_straight_lt5deg,0.07056992667604496,11.191993550578623,2.5750558366315204,0.027525439549390154,0.06139847790123924,0.2617212259758137,0.12541219630733344,-0.22971674110446066
99640,session_087_20260219-90551,20260219-90551,40,nonstop,LANE_KEEP,near_straight_lt5deg,0.07443148633370265,11.04956522116113,2.2267584331303953,0.0217360818963204,0.07063487942507983,0.33968226801706064,0.09061937739840599,-0.3273716109334154
99645,session_087_20260219-90551,20260219-90551,45,nonstop,LANE_KEEP,near_straight_lt5deg,0.06600510389820365,10.90517766112286,1.910170228830747,0.020818786240970857,0.060484507238437686,0.31442279946337526,0.05392931273321351,-0.30976333877737877
99650,session_087_20260219-90551,20260219-90551,50,nonstop,LANE_KEEP,near_straight_lt5deg,0.0620697237937686,10.743252582987745,1.6008873895655429,0.03609375416857217,0.0498555466291004,0.300990444751562,-0.19467267231955604,-0.22956001063710083
99655,session_087_20260219-90551,20260219-90551,55,nonstop,LANE_KEEP,near_straight_lt5deg,0.098625635101379,10.584750266556377,1.3747655216134407,0.06860563429205563,0.0706256554928186,0.4271777916493361,-0.2855824085233607,-0.3176846764016167
99660,session_087_20260219-90551,20260219-90551,60,nonstop,LANE_KEEP,near_straight_lt5deg,0.08272577591417238,10.456745485532227,1.2791365995000041,0.06818800293855269,0.04494913043055787,0.30408754994346104,-0.2344709641769715,-0.19363007253145953
99665,session_087_20260219-90551,20260219-90551,65,nonstop,LANE_KEEP,near_straight_lt5deg,0.05133774091371751,10.233956679430227,1.261366577248578,0.050195279031382635,0.006246800936352841,0.14693439324744811,-0.14685367995967782,-0.004869558634645273
99670,session_087_20260219-90551,20260219-90551,70,nonstop,LANE_KEEP,near_straight_lt5deg,0.04243144224943328,10.087397444900049,1.302760352688153,0.025386272158587086,0.030192618157848718,0.20618631303296664,-0.06214579638800044,-0.1965978018021303
99675,session_087_20260219-90551,20260219-90551,75,nonstop,LANE_KEEP,near_straight_lt5deg,0.08474765384559428,9.87902046027659,1.5470360532712957,0.056278779741308425,0.05586621488594142,0.1675810757431437,0.16623246329095848,0.021217565728645957
99680,session_087_20260219-90551,20260219-90551,80,nonstop,LANE_KEEP,near_straight_lt5deg,0.050111220793094775,9.662518406921537,1.6232194951228456,0.04727021207987811,0.01266579641997889,0.15381355338942967,0.11958605708686358,0.09673564057109629
99685,session_087_20260219-90551,20260219-90551,85,nonstop,LANE_KEEP,near_straight_lt5deg,0.023919983826186986,9.421601737387014,1.6079683035664476,0.01660372774570539,0.012204742985746052,0.10441837473077639,0.028276686497299263,0.10051679452783148
99690,session_087_20260219-90551,20260219-90551,90,nonstop,LANE_KEEP,near_straight_lt5deg,0.09997528569337044,9.22054630217723,1.6939714357440934,0.040958455429964,0.09094555085150634,0.21250760444664865,0.11862456145259305,-0.17631703085020822
99695,session_087_20260219-90551,20260219-90551,95,nonstop,LANE_KEEP,near_straight_lt5deg,0.04108596841001783,8.988934654781765,1.6996888202587348,0.02671025388624533,0.030638739085199387,0.06224450065226875,-0.053457978046038405,0.03188451731921874
99700,session_087_20260219-90551,20260219-90551,100,nonstop,LANE_KEEP,near_straight_lt5deg,0.1396570987133016,8.79773582465517,1.6319457242602775,0.0039338425630200255,0.1395611708248987,0.20238601881619842,0.018322283832225873,-0.20155494170930657
99705,session_087_20260219-90551,20260219-90551,105,nonstop,LANE_KEEP,near_straight_lt5deg,0.14750358031602676,8.590589398713286,1.5990415999367154,0.03226099946493882,0.1375528040396066,0.13880174889553407,0.1381819236804129,0.013102727366446588
99710,session_087_20260219-90551,20260219-90551,110,nonstop,LANE_KEEP,near_straight_lt5deg,0.1659087208631709,8.372963036889878,1.5540413125035997,0.01213034264089687,0.16483146625917294,0.17692302252865375,0.05207835748432736,0.1690845959347247
99715,session_087_20260219-90551,20260219-90551,115,nonstop,LANE_KEEP,near_straight_lt5deg,0.18485529608950518,8.171828041089306,1.4042427837924065,0.04692353008371809,0.17445846192701164,0.3928251106205204,-0.1575244861751344,0.35985775493836997
99720,session_087_20260219-90551,20260219-90551,120,nonstop,LANE_KEEP,near_straight_lt5deg,0.1119531820615749,7.94407981975919,1.3633036386207777,0.014430947130288828,0.1088479377045735,0.4895753820614223,0.03228508700763868,0.4885097009041855
99725,session_087_20260219-90551,20260219-90551,125,nonstop,LANE_KEEP,near_straight_lt5deg,0.0974966359543339,7.531954670239024,1.2879766380052105,0.02426095068971982,0.0897163627970002,0.5975972933604196,0.020727246645875254,0.597237730119406
99730,session_087_20260219-90551,20260219-90551,130,nonstop,LANE_KEEP,near_straight_lt5deg,0.06950114281489041,7.079299289603483,1.323658659047428,0.010371146433018397,0.06836650646804732,0.10609503126094073,0.013977722736038582,0.10517023783074003
99735,session_087_20260219-90551,20260219-90551,135,nonstop,LANE_KEEP,near_straight_lt5deg,0.10255748694922054,6.649413759211651,1.246958602965679,0.05105556291739139,0.08672605541262086,0.20187250200183468,0.14588570122872768,0.13953447330850946
99740,session_087_20260219-90551,20260219-90551,140,nonstop,LANE_KEEP,near_straight_lt5deg,0.08329206076795853,6.243243777621133,1.2670129911625334,0.06578058818555542,0.04525854060655854,0.30686538701689836,0.21685302072693738,0.217120089237807
99745,session_087_20260219-90551,20260219-90551,145,nonstop,LANE_KEEP,near_straight_lt5deg,0.11174976281390561,5.727868524010359,1.321911589358631,0.08010196467604426,0.07498236610025333,0.4767362877216977,0.25625931600053287,0.40200578477629445
99750,session_087_20260219-90551,20260219-90551,150,nonstop,LANE_KEEP,near_straight_lt5deg,0.08806619746961473,5.162290627336205,1.3288030475681218,0.06883539888493538,0.04402358145091121,0.21559727633396797,0.21484877003088104,-0.017949695786919292
99755,session_087_20260219-90551,20260219-90551,155,nonstop,LANE_KEEP,near_straight_lt5deg,0.08210111783609866,4.590169579339538,1.3850031522169124,0.03825646936891964,0.06793080087790665,0.21263501583177802,0.14511623999173812,-0.15541855374581492
99760,session_087_20260219-90551,20260219-90551,160,nonstop,LANE_KEEP,near_straight_lt5deg,0.06810738860330248,4.0202505822197905,1.3999406133556669,0.015163585941910451,0.06495415355567472,0.3143916809247877,0.0993558431147944,-0.2982793078201401
99765,session_087_20260219-90551,20260219-90551,165,nonstop,LANE_KEEP,near_straight_lt5deg,0.0807793983153913,3.502396003086053,1.4907805925771886,0.004615759953496494,0.08058642518333083,0.3181913458021059,0.034354271498798314,-0.31633133985291784
99770,session_087_20260219-90551,20260219-90551,170,nonstop,LANE_KEEP,near_straight_lt5deg,0.09768550805669791,2.9694657666597055,1.528898809751724,0.011214502921425635,0.09658661259917706,0.1006780536249143,0.020415799613490142,-0.09858633580696129
99775,session_087_20260219-90551,20260219-90551,175,nonstop,LANE_KEEP,near_straight_lt5deg,0.03132959742316573,2.491070205902559,1.8492151766227902,0.008910775140619817,0.025250574919948393,0.038797978523726837,0.02117360005608813,-0.03251094889713916
99780,session_087_20260219-90551,20260219-90551,180,nonstop,LANE_KEEP,near_straight_lt5deg,0.06117187463083866,2.020231296858239,1.8550177849755727,0.03014604403862267,0.05170139545446095,0.06079703233999696,0.040651556907247824,0.045207632788804915
99785,session_087_20260219-90551,20260219-90551,185,nonstop,LANE_KEEP,low_motion_or_partial_stop,0.0470054574446125,1.5791160080503486,1.8375176253823537,0.022650793749338528,0.03571078629755829,0.09199462619960425,0.018886272384555234,-0.09003510407069733
99790,session_087_20260219-90551,20260219-90551,190,nonstop,LANE_KEEP,low_motion_or_partial_stop,0.06611649488159987,1.129574815165839,1.8357428274454322,0.015927893661414515,0.061814576893905154,0.07644010737292785,-0.043784851602334245,-0.06265761554149908
99795,session_087_20260219-90551,20260219-90551,195,nonstop,LANE_KEEP,low_motion_or_partial_stop,0.05832652706325833,0.6837829635082074,1.8275387227672237,0.01168671946780378,0.05367156555785905,0.24045844653496207,-0.030075913095174434,-0.23857012378229325
99800,session_087_20260219-90551,20260219-90551,200,nonstop,LANE_KEEP,low_motion_or_partial_stop,0.23631759523423068,0.434345089467606,1.9836486011232073,0.012923937744585109,0.23468079037225592,0.6527842553715446,-0.024902145944402335,-0.6523091040207439
99805,session_087_20260219-90551,20260219-90551,205,nonstop,LANE_KEEP,low_motion_or_partial_stop,0.28955947770517454,0.48443482196929144,1.9726735833622282,0.014288808611422558,0.28879711660184504,0.6319167467208839,-0.052887510638030925,-0.6296996792160673
99810,session_087_20260219-90551,20260219-90551,210,nonstop,LANE_KEEP,low_motion_or_partial_stop,0.13926186378442512,0.5899698320053482,1.948188921703385,0.032101396029935586,0.13190310061083774,0.47785244271937394,-0.19778711979491945,0.43499794511710366
99815,session_087_20260219-90551,20260219-90551,215,nonstop,LANE_KEEP,low_motion_or_partial_stop,0.1936891625309519,0.6588692452898159,1.8989463490687455,0.036489962229096194,0.18686688333623946,1.054479570901728,-0.22526037030455962,1.0301383067430048
99820,session_087_20260219-90551,20260219-90551,220,nonstop,LANE_KEEP,near_straight_lt5deg,0.3046260042316534,0.5945621711417756,1.8434126292366857,0.03145920911129128,0.30233998483415025,0.9880425952562392,-0.1783263961139262,0.971816786482773
99825,session_087_20260219-90551,20260219-90551,225,nonstop,LANE_KEEP,near_straight_lt5deg,0.13379008061105388,0.574915472674695,1.7887322457285624,0.026627919346439006,0.12379165297714328,0.16138867074417088,-0.1595606591432069,-0.024221872313174745
99830,session_087_20260219-90551,20260219-90551,230,nonstop,LANE_KEEP,near_straight_lt5deg,0.050783752335951615,0.6967640172659597,1.6158455750511236,0.02182437336363144,0.04175301416314946,0.15576840808471012,-0.13116824545608666,-0.08401600050714504
99835,session_087_20260219-90551,20260219-90551,235,nonstop,LANE_KEEP,near_straight_lt5deg,0.05933603918739823,0.9292341521815496,1.5719773326881503,0.015262901963084009,0.056311174689425036,0.18154402269959335,-0.052327497435675774,-0.17383919348084254
99840,session_087_20260219-90551,20260219-90551,240,nonstop,LANE_KEEP,near_straight_lt5deg,0.14910578243120046,1.4127901120498438,1.5403942752313904,0.026063321871794436,0.14544268827976886,0.4058840442899667,0.030043810209522598,-0.40477058548920514
99845,session_087_20260219-90551,20260219-90551,245,nonstop,LANE_KEEP,near_straight_lt5deg,0.07463033644992098,1.9727030683948843,2.281549855498271,0.0378737369120478,0.06109168160165032,0.10452821839296773,0.0926273169462963,-0.04843891612885577
99850,session_087_20260219-90551,20260219-90551,250,nonstop,LANE_KEEP,near_straight_lt5deg,0.04182612474850818,2.527611642686029,2.371234635277546,0.024123569189554394,0.030144458826799198,0.16959206711682384,-0.0651829892154245,0.15656515303827712
99855,session_087_20260219-90551,20260219-90551,255,nonstop,LANE_KEEP,near_straight_lt5deg,0.05678212698694414,3.07277051647741,2.990946090206496,0.0441818512178791,0.025658194931531052,0.20175628581174793,-0.19671866482322498,0.04480363573103622
99860,session_087_20260219-90551,20260219-90551,260,nonstop,LANE_KEEP,near_straight_lt5deg,0.05706202651290648,3.575008930830439,3.377375954841168,0.02042432637591187,0.04645082432310421,0.07357199704532238,-0.07354310773405799,-0.002061565922706618
99865,session_087_20260219-90551,20260219-90551,265,nonstop,LANE_KEEP,near_straight_lt5deg,0.10290742907522771,4.037404226132041,3.8288889744971244,0.09698261426745174,0.02072480320571707,0.32508143640268267,0.32452297791721463,-0.019046708308115723
99870,session_087_20260219-90551,20260219-90551,270,nonstop,LANE_KEEP,near_straight_lt5deg,0.05036484844389168,4.4244245612662825,3.6930904690373287,0.0300506787560703,0.039267766738460955,0.0898666102235328,0.024197630680058358,-0.0865475724820741
99875,session_087_20260219-90551,20260219-90551,275,nonstop,LANE_KEEP,near_straight_lt5deg,0.07504165925603846,4.837838134339966,2.995129354664755,0.04457570197639323,0.05550500950130607,0.24020049760894988,-0.22772239969438277,-0.07641196064111254
99880,session_087_20260219-90551,20260219-90551,280,nonstop,LANE_KEEP,near_straight_lt5deg,0.06815797620817048,5.21141852992523,2.317118597883652,0.04654405101169892,0.04494525041145771,0.30740115281024455,0.13619390986005958,0.2755842659987999
99885,session_087_20260219-90551,20260219-90551,285,nonstop,LANE_KEEP,near_straight_lt5deg,0.08037526834391387,5.554310007633691,1.7840508230176721,0.014213375738143255,0.0779356088037918,0.44109597946953183,-0.00871646853928521,0.44100984828049966
99890,session_087_20260219-90551,20260219-90551,290,nonstop,LANE_KEEP,near_straight_lt5deg,0.09918226009221054,5.874840691747555,1.484284291240731,0.027762727770931653,0.09475172547642537,0.536241171601601,-0.1725990265433962,0.5077048061195891
99895,session_087_20260219-90551,20260219-90551,295,nonstop,LANE_KEEP,near_straight_lt5deg,0.1576931268123974,6.153976242244632,1.2740046070485762,0.05477897400365578,0.1431902307214096,0.6895864132436413,-0.2556751280401522,0.6404370774962065
99930,session_087_20260219-90551,20260219-90621,30,nonstop,LANE_KEEP,near_straight_lt5deg,0.11364175718814346,7.631622788920445,1.1568132431861136,0.057646451810204585,0.08864155187896028,0.30785805770609825,0.19781522330180584,-0.23589345290751076
99935,session_087_20260219-90551,20260219-90621,35,nonstop,LANE_KEEP,near_straight_lt5deg,0.09744385143960585,8.018484695562659,1.2124939785687099,0.0480251166365926,0.0780945953207465,0.42073752399554215,0.21752176728644487,-0.3601448942501908
99940,session_087_20260219-90551,20260219-90621,40,nonstop,LANE_KEEP,near_straight_lt5deg,0.09730446667464124,8.384027578672942,1.0721397777751447,0.05932339193511919,0.0662092393046293,0.3756362035049767,0.23437806465477773,-0.29354638507791764
99945,session_087_20260219-90551,20260219-90621,45,nonstop,LANE_KEEP,near_straight_lt5deg,0.132562031495199,8.818093920834006,1.1448601302361143,0.08052147774215024,0.09012079875529862,0.46715703616048926,0.273472968607988,-0.37874560310977484
99950,session_087_20260219-90551,20260219-90621,50,nonstop,LANE_KEEP,near_straight_lt5deg,0.040557821959030065,9.236881780953517,1.3687338194611494,0.033757448414689376,0.012941049181867918,0.06407189258753242,-0.02517636593008014,-0.05891823162912302
99955,session_087_20260219-90551,20260219-90621,55,nonstop,LANE_KEEP,near_straight_lt5deg,0.053770887061197786,9.638984864066096,1.7469987110472793,0.0490493811372117,0.015470994848602128,0.3480310644813219,-0.3426195785254947,-0.06113465674242733
99960,session_087_20260219-90551,20260219-90621,60,nonstop,LANE_CHANGE_L,near_straight_lt5deg,0.20778165987942285,10.005713756096487,2.2393960072568664,0.16928288750510828,0.09862987374795745,0.8552283337826635,-0.8526791699474032,0.06598284657756408
99965,session_087_20260219-90551,20260219-90621,65,nonstop,LANE_CHANGE_L,near_straight_lt5deg,0.19522145671638597,10.33958972392166,2.1265863094998254,0.19184292923819776,0.03173721332098177,0.8370920727791801,-0.8283413579285681,-0.12072171741157367
99970,session_087_20260219-90551,20260219-90621,70,nonstop,LANE_CHANGE_L,near_straight_lt5deg,0.21305984835286643,10.598310348062716,1.6679350851600738,0.17529467695380183,0.10289803762114817,0.6167820375045234,-0.6138846472763363,0.05971366365112342
99975,session_087_20260219-90551,20260219-90621,75,nonstop,LANE_CHANGE_L,near_straight_lt5deg,0.07122982767068586,10.84065457963471,0.9709659458111971,0.05730544660858989,0.03859550818072303,0.13884656179810767,-0.13017993527932678,-0.04828614888170345
99980,session_087_20260219-90551,20260219-90621,80,nonstop,LANE_CHANGE_L,near_straight_lt5deg,0.11510356777867883,11.05148651606353,1.075501595668561,0.08777638799757509,0.06357327133683122,0.40606477963501564,0.4045354706844829,-0.03520878041224478
99985,session_087_20260219-90551,20260219-90621,85,nonstop,LANE_CHANGE_L,near_straight_lt5deg,0.06656852816535291,11.32296506096717,1.273340520031084,0.022657920168638514,0.058927841164689077,0.21351443131980924,0.13656200229820636,-0.16413175168177005
99990,session_087_20260219-90551,20260219-90621,90,nonstop,LANE_CHANGE_L,near_straight_lt5deg,0.14046614649120204,11.53110707897019,1.877567146494285,0.037931481081527246,0.13179184370529995,0.13318194376990283,-0.1150573746685573,0.06707630491245614
99995,session_087_20260219-90551,20260219-90621,95,nonstop,LANE_CHANGE_L,near_straight_lt5deg,0.11882173650834274,11.771365819340836,2.238658752516082,0.07564994226174836,0.08195988170317628,0.27128446815355417,-0.1732008546348412,-0.208798291695879
100000,session_087_20260219-90551,20260219-90621,100,nonstop,LANE_CHANGE_L,near_straight_lt5deg,0.10580065803475003,12.03345481232608,2.6700141624347307,0.05044078635142124,0.091010452056593,0.07932456223639736,-0.061381672394971436,-0.05024615873867852
100005,session_087_20260219-90551,20260219-90621,105,nonstop,LANE_CHANGE_L,near_straight_lt5deg,0.12067934046291554,12.286305046051984,3.205783047739192,0.05519085878373177,0.10694270931270031,0.07606879119700224,0.01665171984375962,0.07422385883540458
100010,session_087_20260219-90551,20260219-90621,110,nonstop,LANE_CHANGE_L,near_straight_lt5deg,0.17480258361302636,12.48937957030159,3.2485591442229733,0.10742923662334596,0.13305907403749434,0.17425092178785712,-0.17223004067488237,-0.02646123264412041
100015,session_087_20260219-90551,20260219-90621,115,nonstop,LANE_CHANGE_L,near_straight_lt5deg,0.18324644200839707,12.759125226908882,3.1029208991464374,0.0964007772501836,0.1514151878367468,0.256355846338413,-0.20311425299449307,-0.15640626644215094
100020,session_087_20260219-90551,20260219-90621,120,nonstop,LANE_KEEP,near_straight_lt5deg,0.15637495951360003,12.975670340001153,3.1217869126489703,0.025211854211080822,0.15172916834760833,0.23924375644945192,0.09261029883827612,-0.22059217472324322
100025,session_087_20260219-90551,20260219-90621,125,nonstop,LANE_KEEP,near_straight_lt5deg,0.132329070188053,13.181444128762985,2.8897080000900903,0.024050976451930106,0.12721776139439944,0.6204678942990915,0.04025084206915028,-0.6191609464175474
100030,session_087_20260219-90551,20260219-90621,130,nonstop,LANE_KEEP,near_straight_lt5deg,0.1448129321875825,13.494153203979428,2.4490176103047525,0.023298328485200047,0.14278367593866925,0.9673649744384417,-0.15677830086894362,-0.954576114381108
100035,session_087_20260219-90551,20260219-90621,135,nonstop,LANE_KEEP,near_straight_lt5deg,0.11834005856200676,13.745913659329656,2.0373236203409775,0.021702065606003813,0.11514125586751103,0.6369809292133263,-0.08425945404871008,-0.6313834402206681
100040,session_087_20260219-90551,20260219-90621,140,nonstop,LANE_KEEP,near_straight_lt5deg,0.2047612122537098,14.014019093381963,1.9531444817455235,0.037362182638185346,0.1957762170717216,0.7163247700451385,-0.049907255553879856,-0.7145841042335747
100045,session_087_20260219-90551,20260219-90621,145,nonstop,LANE_KEEP,near_straight_lt5deg,0.1705096444071359,14.317927888658447,1.795412871439111,0.01429948156322338,0.16969526297673163,0.41823242576511754,0.04201676751294924,-0.4161165139827273
100050,session_087_20260219-90551,20260219-90621,150,nonstop,LANE_KEEP,near_straight_lt5deg,0.1032798808853436,14.598464351193071,1.6439003473967055,0.021955179872014303,0.09736399323711613,0.2536294480521215,-0.12964768381227246,0.2179893919468028
100055,session_087_20260219-90551,20260219-90621,155,nonstop,LANE_KEEP,near_straight_lt5deg,0.12535048494055656,14.795758615929483,1.5625570425243527,0.029452248590404496,0.12119458409677293,0.5707631939421939,-0.1986396629701165,0.5350821505658856
100060,session_087_20260219-90551,20260219-90621,160,nonstop,LANE_KEEP,near_straight_lt5deg,0.22055783652102143,14.831989963653577,1.4433612389207573,0.06835290006007028,0.20852034230309538,0.7615514706851949,-0.33761051889319393,0.6826271163933144
100065,session_087_20260219-90551,20260219-90621,165,nonstop,LANE_KEEP,near_straight_lt5deg,0.12291536851328985,14.76411113089728,1.4419801113848012,0.025289111625388175,0.11926314455458215,0.16759851937332615,-0.07640841168460803,0.1491677522789917
100070,session_087_20260219-90551,20260219-90621,170,nonstop,LANE_KEEP,near_straight_lt5deg,0.07388496423463649,14.715128105754266,1.5940204890324308,0.038638273158616274,0.061309558400920436,0.43293896867637255,0.277011835732402,-0.3327169870366192
100075,session_087_20260219-90551,20260219-90621,175,nonstop,LANE_KEEP,near_straight_lt5deg,0.13646415589937116,14.702660709647317,1.6387244698105312,0.09244901084659876,0.09497445939743861,0.7079744463932497,0.5197874405091254,-0.4806753929990601
100080,session_087_20260219-90551,20260219-90621,180,nonstop,LANE_KEEP,near_straight_lt5deg,0.1481940048875292,14.806617295303663,1.6995873689595755,0.11260177179637393,0.09432019643626745,0.7955556862188173,0.6383483753131679,-0.47478437380576477
100085,session_087_20260219-90551,20260219-90621,185,nonstop,LANE_KEEP,near_straight_lt5deg,0.19216987943856967,14.825444619462449,1.6825176731532971,0.17212520001648254,0.058524452030999576,0.7312263991531375,0.7243183160436876,-0.10027474189495737
100090,session_087_20260219-90551,20260219-90621,190,nonstop,LANE_KEEP,near_straight_lt5deg,0.1144451953737155,14.88718424996683,1.5394360437776737,0.09277260033281594,0.060010787224070654,0.5410395348589115,0.41469059925174745,-0.3474988995271409
100095,session_087_20260219-90551,20260219-90621,195,nonstop,LANE_KEEP,near_straight_lt5deg,0.08509919162822716,14.873139689356137,1.3939665057631805,0.058834127664059294,0.051922789886582166,0.39881754247154394,0.33428543632264446,-0.217505584401001
100100,session_087_20260219-90551,20260219-90621,200,nonstop,LANE_KEEP,near_straight_lt5deg,0.0914859003564947,14.905107944508291,1.3632297422011097,0.05851157431651825,0.06756516572221369,0.533860353330789,0.32936828438683935,-0.42014689109708403
100105,session_087_20260219-90551,20260219-90621,205,nonstop,LANE_KEEP,near_straight_lt5deg,0.10652626477378252,14.960003600312408,1.3310431676648695,0.03818480966700715,0.09867337000751726,0.4936908361095225,0.19992229264460618,-0.45139973256775845
100110,session_087_20260219-90551,20260219-90621,210,nonstop,LANE_KEEP,near_straight_lt5deg,0.06370551603083374,14.9993021252412,1.2851438959440737,0.03223815951834299,0.05300865900274729,0.335405333200362,-0.10901932975451982,-0.3171931955120114
100115,session_087_20260219-90551,20260219-90621,215,nonstop,LANE_KEEP,near_straight_lt5deg,0.06605772608257707,14.982980777038865,1.2453619384522379,0.028170932894234436,0.05807069042484805,0.250062546954529,0.11879608769017298,-0.22004264800009737
100120,session_087_20260219-90551,20260219-90621,220,nonstop,LANE_KEEP,near_straight_lt5deg,0.18114210769071565,15.064443156479156,1.2623225073265905,0.03072025824875132,0.17800654803514349,0.482123574483783,0.13750051983368863,-0.4621003658497635
100125,session_087_20260219-90551,20260219-90621,225,nonstop,LANE_KEEP,near_straight_lt5deg,0.05400989948293329,15.0768095576201,1.4588758608320702,0.045636759964355816,0.028342600564119386,0.3598753985487747,0.3048512617283097,0.1912485573887999
100130,session_087_20260219-90551,20260219-90621,230,nonstop,LANE_KEEP,near_straight_lt5deg,0.036345853197740155,15.078336511014799,1.6969305893578623,0.03476756329458949,0.007566389092922134,0.2241651195891969,0.22391755396968357,0.010532324751582452
100135,session_087_20260219-90551,20260219-90621,235,nonstop,LANE_KEEP,near_straight_lt5deg,0.09197690508343456,15.018972982951235,1.7749819146222297,0.044952192348170494,0.0784012618129604,0.38754807882340697,0.26930354197707534,0.2786917933458308
100140,session_087_20260219-90551,20260219-90621,240,nonstop,LANE_KEEP,near_straight_lt5deg,0.04358385539998508,14.953750608079812,1.6993575602781437,0.03958748769471502,0.015530874352923954,0.10697575494806692,-0.06827128937318012,-0.08235801839549303
100145,session_087_20260219-90551,20260219-90621,245,nonstop,LANE_KEEP,near_straight_lt5deg,0.05092342731951454,14.862175474450567,1.66488025933406,0.03255717902172825,0.03352733392844506,0.1465025117542136,0.06788001234226161,-0.12982792409457955
100150,session_087_20260219-90551,20260219-90621,250,nonstop,LANE_KEEP,near_straight_lt5deg,0.05415135421762485,14.76889451065549,1.588540202241281,0.02462800699866241,0.04350533452539731,0.255784879039852,-0.06386618814415658,-0.24768329446566822
100155,session_087_20260219-90551,20260219-90621,255,nonstop,LANE_KEEP,near_straight_lt5deg,0.07888967403839801,14.731897759165829,1.4056403538385618,0.052369834111066486,0.057604861198193004,0.3749086932160147,-0.2378554860985081,-0.2897952656303796
100160,session_087_20260219-90551,20260219-90621,260,nonstop,LANE_KEEP,near_straight_lt5deg,0.14996672816199108,14.71580264766963,1.2005819905283572,0.1400152950420873,0.04739847169700812,0.5277977204934047,-0.47148422846672366,-0.2372194259860953
100165,session_087_20260219-90551,20260219-90621,265,nonstop,LANE_KEEP,near_straight_lt5deg,0.10096354124100451,14.73162459375212,1.2744102510388027,0.027444734536804294,0.09708188627371353,0.38508722487562025,-0.11405887086064488,-0.3678080270200765
100170,session_087_20260219-90551,20260219-90621,270,nonstop,LANE_KEEP,near_straight_lt5deg,0.07614375752454257,14.709381117595049,1.2411102095815119,0.047191597513095124,0.049930458347554954,0.12270148574546112,0.12250987615733024,-0.0068545494424656715
100175,session_087_20260219-90551,20260219-90621,275,nonstop,LANE_KEEP,near_straight_lt5deg,0.05277950372282671,14.688952162490253,1.3106545498743998,0.016556334939840496,0.048360943625301064,0.20128891253689443,0.05966994267333746,-0.19224131775361444
100180,session_087_20260219-90551,20260219-90621,280,nonstop,LANE_KEEP,near_straight_lt5deg,0.04785573444309149,14.693238131854855,1.3380066358685112,0.021335346238633784,0.04154904398235498,0.2461321142082276,-0.09582123257428,-0.2267141571066036
100185,session_087_20260219-90551,20260219-90621,285,nonstop,LANE_KEEP,near_straight_lt5deg,0.05958340855022258,14.670818414680491,1.4461785057420762,0.030946606739458767,0.046911371009015435,0.11112365854698329,-0.0661603505001195,-0.08928199992477695
100190,session_087_20260219-90551,20260219-90621,290,nonstop,LANE_KEEP,near_straight_lt5deg,0.06102790228761133,14.661447663133034,1.5324901941932763,0.00975099944725217,0.06005283026371776,0.12970660928026279,0.00870441203953477,-0.1294142098149533
100195,session_087_20260219-90551,20260219-90621,295,nonstop,LANE_KEEP,near_straight_lt5deg,0.09614558134489903,14.643064595629403,1.5732561918147705,0.06318034849570098,0.062178631592382946,0.24448366542824546,0.22769420087431297,-0.08903714701987182
110130,session_108_20260220-134317,20260220-134317,30,nonstop,LANE_CHANGE_L,gentle_bend_5to15deg,0.15891740243775473,9.4406162372959,6.930904006118946,0.11708538421863236,0.10732504452231262,0.513075700415799,0.36876810278297745,-0.35673065571521334
110135,session_108_20260220-134317,20260220-134317,35,nonstop,LANE_CHANGE_L,gentle_bend_5to15deg,0.09682763345370513,9.698757397643066,6.614320570132827,0.08453096619524086,0.042654416946477695,0.22074146605436284,0.219563758279576,0.022771712407663743
110140,session_108_20260220-134317,20260220-134317,40,nonstop,LANE_CHANGE_L,gentle_bend_5to15deg,0.05906236684084542,9.907800956934082,6.1613424633375296,0.015490689152164682,0.055826902943906104,0.06945555570695001,0.05221507310255275,0.04580022226426754
110145,session_108_20260220-134317,20260220-134317,45,nonstop,LANE_KEEP,gentle_bend_5to15deg,0.03961692418572538,10.130964794135679,5.562585409643801,0.02710294036784118,0.024263642193232297,0.15409541188644788,0.12881237364261366,-0.08457404070404645
110150,session_108_20260220-134317,20260220-134317,50,nonstop,LANE_KEEP,gentle_bend_5to15deg,0.027686817554111093,10.281361900532016,5.082956433866637,0.013566094989691326,0.02240519094802658,0.09878089274701184,0.0819642662468881,-0.05513187671851825
110155,session_108_20260220-134317,20260220-134317,55,nonstop,LANE_KEEP,gentle_bend_5to15deg,0.0822856185264512,10.475425283945206,5.031664507354298,0.02666752001977014,0.07711469273751163,0.47387215923463405,0.20125725680099238,-0.42901088550599015
110160,session_108_20260220-134317,20260220-134317,60,nonstop,LANE_KEEP,near_straight_lt5deg,0.0651328401951722,10.660499730193774,4.930486034864369,0.035730687539777505,0.04984890236245214,0.3674495798339802,0.23546388278367833,-0.28209210131551493
110165,session_108_20260220-134317,20260220-134317,65,nonstop,LANE_KEEP,near_straight_lt5deg,0.09453480695961522,10.832130185931288,4.748524914560668,0.07154066272363349,0.058836216290079464,0.5096155986963508,0.4588882649286608,-0.2216520217489642
110170,session_108_20260220-134317,20260220-134317,70,nonstop,LANE_CHANGE_R,near_straight_lt5deg,0.14933794075173035,10.955845006675643,4.524785389105112,0.1405284237108668,0.014992357527270567,0.7296590587839996,0.7278827724026521,0.05088233195305626
110175,session_108_20260220-134317,20260220-134317,75,nonstop,LANE_CHANGE_R,near_straight_lt5deg,0.18272323174463517,11.192617075120037,4.0996305667372335,0.16893419820373407,0.03306534731360099,0.7460462895403464,0.7440364695839019,0.05472474820445959
110180,session_108_20260220-134317,20260220-134317,80,nonstop,LANE_CHANGE_R,near_straight_lt5deg,0.14794094192815033,11.198898467715745,3.27648323378709,0.12926300326310333,0.07157037320505634,0.5970470093466458,0.5010573000855274,0.32466400077738156
110185,session_108_20260220-134317,20260220-134317,85,nonstop,LANE_CHANGE_R,near_straight_lt5deg,0.10006224596560612,11.217023142111657,2.3975346387385015,0.06517008051312403,0.07307707149504014,0.2850710692954938,0.20514798132503761,-0.19793893075274055
110190,session_108_20260220-134317,20260220-134317,90,nonstop,LANE_CHANGE_R,near_straight_lt5deg,0.11039304767565634,11.191176715042266,1.7218856131364209,0.01931781831617753,0.10738790350623875,0.31412942727639603,-0.15425596288168716,-0.27364647813637244
110195,session_108_20260220-134317,20260220-134317,95,nonstop,LANE_CHANGE_R,near_straight_lt5deg,0.14369550473863701,11.178429973840485,1.4896455821210048,0.050934435034887746,0.13318473869086572,0.30132870857894006,-0.08875041112936816,-0.28796241966308717
110200,session_108_20260220-134317,20260220-134317,100,nonstop,LANE_CHANGE_R,near_straight_lt5deg,0.09958521276460215,11.187023627387456,1.3913428083150718,0.038110605107282744,0.08846388669899904,0.18635489963416532,-0.1670515292147104,-0.08259500714139198
110205,session_108_20260220-134317,20260220-134317,105,nonstop,LANE_CHANGE_R,near_straight_lt5deg,0.14216630534976168,11.112015219862343,1.2063324862772058,0.04081495967760072,0.12723503023593025,0.20131804650298035,-0.19625866268113276,-0.04484967302433222
110210,session_108_20260220-134317,20260220-134317,110,nonstop,LANE_CHANGE_R,near_straight_lt5deg,0.18231103114042954,11.090473140612398,1.5432176890888227,0.05350468757533829,0.17222701562614004,0.17687709672905572,0.07670448723261976,-0.15937982615651394
110215,session_108_20260220-134317,20260220-134317,115,nonstop,LANE_CHANGE_R,near_straight_lt5deg,0.12091790944704986,11.118170814508177,1.0636220433790655,0.0502180014917264,0.10813599848790631,0.20243369216875554,-0.09050617092144361,0.1810746607071594
110220,session_108_20260220-134317,20260220-134317,120,nonstop,LANE_CHANGE_R,near_straight_lt5deg,0.2416315860083851,10.880621748930466,1.4331284920552554,0.05380193740297268,0.23488661052989496,1.03083994318536,-0.3143150880560954,0.9817520124179453
110225,session_108_20260220-134317,20260220-134317,125,nonstop,LANE_CHANGE_R,near_straight_lt5deg,0.09938169393849865,10.697656082977263,1.1140678547475686,0.09299290092271216,0.030245601658393635,0.4234266844839505,-0.35604380959536436,0.22917888816793494
110230,session_108_20260220-134317,20260220-134317,130,nonstop,LANE_KEEP,near_straight_lt5deg,0.1097930103440074,10.595258746405378,1.3408306309093947,0.030135776336430237,0.09820618984611182,0.12755783844096905,-0.11792863122441472,0.04861933859348935
110235,session_108_20260220-134317,20260220-134317,135,nonstop,LANE_KEEP,near_straight_lt5deg,0.15079066428480692,10.493220447385125,1.3357884945510008,0.06993028409248979,0.1304832078222825,0.49513861790634395,-0.23097772870005226,0.4379629433944949
110240,session_108_20260220-134317,20260220-134317,140,nonstop,LANE_KEEP,near_straight_lt5deg,0.19152833755580367,10.348041424247695,1.3349117265129182,0.03046953632783087,0.18874038076102229,0.36804291306699427,-0.007956399892682434,0.36795690176919743
110245,session_108_20260220-134317,20260220-134317,145,nonstop,LANE_KEEP,near_straight_lt5deg,0.1368695866340715,10.162377654154874,1.5268872996138643,0.05312194799798456,0.1202393090911343,0.21199805825987295,0.17707755732933697,-0.11656206671225366
110250,session_108_20260220-134317,20260220-134317,150,nonstop,LANE_KEEP,near_straight_lt5deg,0.18993746330108552,10.084958732397508,2.0258225101151077,0.11089064740160912,0.13780299789871842,0.7608236448434035,0.27493262756550163,-0.7094114947283632
110255,session_108_20260220-134317,20260220-134317,155,nonstop,LANE_KEEP,near_straight_lt5deg,0.14011360041197085,10.206391873494246,2.1215967337481785,0.03886889069344916,0.12775628585564758,0.5256792464928158,-0.03701631250099718,-0.5243743536845439
110260,session_108_20260220-134317,20260220-134317,160,nonstop,LANE_KEEP,near_straight_lt5deg,0.05353914562191844,10.409532653529125,2.402743836400718,0.042775562802043254,0.026616562891183256,0.15446750990828148,0.08329308366841574,-0.13008640909130872
110265,session_108_20260220-134317,20260220-134317,165,nonstop,LANE_KEEP,near_straight_lt5deg,0.03590339213977858,10.548292379556665,2.2558295448070167,0.029535898036066283,0.017835384531012712,0.1361827938372576,-0.11345875326195592,-0.07531842168794832
110270,session_108_20260220-134317,20260220-134317,170,nonstop,LANE_KEEP,near_straight_lt5deg,0.0678168540420784,10.7458950266933,2.377885509410007,0.019554706812206717,0.06456032023297284,0.26190551554480024,-0.09652462852651936,-0.2434697007034038
110275,session_108_20260220-134317,20260220-134317,175,nonstop,LANE_KEEP,near_straight_lt5deg,0.05519663366161117,10.85349428829297,2.5734610941341485,0.0316884114244592,0.038972985311136,0.12633962659706094,-0.08152595900256268,-0.09651538352717283
110280,session_108_20260220-134317,20260220-134317,180,nonstop,LANE_KEEP,near_straight_lt5deg,0.06960710371229441,10.95082820679918,2.668266542206166,0.03677473943885094,0.04251119481605392,0.2737697651834537,-0.029431190811649854,-0.2721831907668283
110285,session_108_20260220-134317,20260220-134317,185,nonstop,LANE_KEEP,near_straight_lt5deg,0.0737816840568526,11.02991216387965,2.785319908901237,0.025853681494031285,0.06418740591367493,0.16061438203355272,-0.04005236284049874,-0.15554030971716962
110290,session_108_20260220-134317,20260220-134317,190,nonstop,LANE_KEEP,near_straight_lt5deg,0.06067451297420007,11.142398984191857,2.9362035575425014,0.028149582827964183,0.04879153923020273,0.12122452662373404,-0.11644868827898243,-0.03369107972821266
110295,session_108_20260220-134317,20260220-134317,195,nonstop,LANE_KEEP,near_straight_lt5deg,0.06696034454259715,11.245465456617143,2.726509482454892,0.04451932470273602,0.04138616433504322,0.23401059505448463,-0.15351898400041103,0.17661506206786423
110300,session_108_20260220-134317,20260220-134317,200,nonstop,LANE_KEEP,near_straight_lt5deg,0.11800983247349572,11.340195373914787,2.503051754996135,0.04574569697254391,0.09747214680503935,0.25849718201541744,-0.15576599514787628,0.20629529288256584
110305,session_108_20260220-134317,20260220-134317,205,nonstop,LANE_KEEP,near_straight_lt5deg,0.15352867173922752,11.290045339227108,2.324706232010944,0.04958005928823537,0.13694881356950048,0.4468889577310703,-0.10353743386229977,0.4347295024853641
110310,session_108_20260220-134317,20260220-134317,210,nonstop,LANE_KEEP,near_straight_lt5deg,0.06453340146613207,11.248331722498492,1.933037512489349,0.05838825312159533,0.020178615626256502,0.32471959681790724,-0.32325443291211825,-0.03081214306485463
110315,session_108_20260220-134317,20260220-134317,215,nonstop,LANE_KEEP,near_straight_lt5deg,0.08600052849804614,11.287112127953923,1.773592290674457,0.04824241988845983,0.06291348620806343,0.2527909286283655,-0.23011787284835994,-0.1046375563195998
110320,session_108_20260220-134317,20260220-134317,220,nonstop,LANE_KEEP,near_straight_lt5deg,0.074713038296574,11.351905185946565,1.7539841704099974,0.03383808556774103,0.06598531976387313,0.28527866744943453,-0.171157771861457,0.2282300051113931
110325,session_108_20260220-134317,20260220-134317,225,nonstop,LANE_KEEP,near_straight_lt5deg,0.21331221763124703,11.326783573605054,1.856481163056896,0.03728946637146336,0.20750210531935875,0.4817089012355793,-0.018261900285510047,0.4813626164624245
110330,session_108_20260220-134317,20260220-134317,230,nonstop,LANE_KEEP,near_straight_lt5deg,0.2421829570608835,11.286868908160104,1.9890146960516346,0.026933261763591017,0.23988931839076297,0.34448910309907355,-0.0820568057538572,0.33457349384474244
110335,session_108_20260220-134317,20260220-134317,235,nonstop,LANE_KEEP,near_straight_lt5deg,0.23851725975534474,11.228064935033098,2.0154421855644484,0.030224921112501232,0.2336341643827379,0.1742003551535547,-0.1303811106851963,0.11552718170248581
110340,session_108_20260220-134317,20260220-134317,240,nonstop,LANE_KEEP,near_straight_lt5deg,0.13698386593868,11.283875718585609,2.238978443600691,0.022038252381461274,0.1320810313019273,0.3585018904608804,-0.05933236989474885,-0.35355802260265257
110345,session_108_20260220-134317,20260220-134317,245,nonstop,LANE_KEEP,near_straight_lt5deg,0.18050915912985308,11.351150941049255,2.4921503761303185,0.010877863137863425,0.18010843794106474,0.280614640160638,0.014953458252142084,-0.28021593523350125
110350,session_108_20260220-134317,20260220-134317,250,nonstop,LANE_KEEP,near_straight_lt5deg,0.13340859261215166,11.483855376321289,2.384611618938345,0.01216704373090076,0.13223465722596156,0.639191263141388,-0.03143029366882842,-0.6384180507443178
110355,session_108_20260220-134317,20260220-134317,255,nonstop,LANE_KEEP,near_straight_lt5deg,0.13960995641036966,11.707417493070599,2.199259858213455,0.019540116017433735,0.13722943057872342,0.9177980164215988,0.04734594797427547,-0.9165759980262622
110360,session_108_20260220-134317,20260220-134317,260,nonstop,LANE_KEEP,near_straight_lt5deg,0.11235868303983988,12.10590029457616,2.0300815590931824,0.014369110919952955,0.11126076979424519,0.8584496644874773,-0.14091977274760792,-0.8468042537135869
110365,session_108_20260220-134317,20260220-134317,265,nonstop,LANE_KEEP,near_straight_lt5deg,0.0977788952918984,12.47998890370964,1.82977838737382,0.02616580270006131,0.09011108693902355,0.597262138801677,-0.08042843544074524,-0.591822041849159
110370,session_108_20260220-134317,20260220-134317,270,nonstop,LANE_KEEP,near_straight_lt5deg,0.08325313576034986,12.942031351503228,1.5996148621906907,0.03496307263635999,0.07363761816041078,0.5412762839478654,-0.18605227429423535,-0.5082957473699272
110375,session_108_20260220-134317,20260220-134317,275,nonstop,LANE_KEEP,near_straight_lt5deg,0.05527464690672841,13.390110834577985,1.3664628814675832,0.01855630435311121,0.049517180825259834,0.2775062416217405,-0.05756226668858479,-0.2714706238116678
110380,session_108_20260220-134317,20260220-134317,280,nonstop,LANE_KEEP,near_straight_lt5deg,0.10489497695830917,13.785762741980637,1.2705360962616052,0.028694678315908283,0.09512447071411351,0.38950104231537636,0.05039997432151883,-0.38622649385192986
110385,session_108_20260220-134317,20260220-134317,285,nonstop,LANE_KEEP,near_straight_lt5deg,0.09771979962358629,14.065468486547571,1.2215192470141205,0.08386277860956919,0.04328982076603672,0.4723143469171489,0.4608293979338545,-0.10352346740567603
110390,session_108_20260220-134317,20260220-134317,290,nonstop,LANE_KEEP,near_straight_lt5deg,0.24307948491834092,14.490176276302996,1.4330253370559538,0.10062942630808183,0.21102614413575915,0.659211576492326,0.5017018317603934,-0.4276156856217551
110395,session_108_20260220-134317,20260220-134317,295,nonstop,LANE_KEEP,near_straight_lt5deg,0.14430683430217126,14.817975317636407,1.644076794386868,0.12880977716838837,0.05221510276801143,0.4673905423615708,0.46006270054298215,0.0824392543521693
110430,session_108_20260220-134317,20260220-134347,30,nonstop,LANE_KEEP,near_straight_lt5deg,0.15364437764227665,15.359082166595073,1.462285843741831,0.0158618309133497,0.149435617399729,0.0737294508632945,-0.07113725645969883,0.01937840726143394
110435,session_108_20260220-134317,20260220-134347,35,nonstop,LANE_KEEP,near_straight_lt5deg,0.0957927490808507,15.299170308307426,1.4672375428563953,0.02215297996445062,0.09211957145274512,0.30441693128451125,-0.009328439460205565,-0.304273969096793
110440,session_108_20260220-134317,20260220-134347,40,nonstop,LANE_KEEP,near_straight_lt5deg,0.10936809350322749,15.499009140807061,1.4282017331243402,0.045395229170703835,0.09724238792057605,0.48301238204935276,0.15103695468119557,-0.4587905835276269
110445,session_108_20260220-134317,20260220-134347,45,nonstop,LANE_KEEP,near_straight_lt5deg,0.1549821134609775,15.568705167881806,1.562911837531529,0.141364958870083,0.06114482328946998,0.45438308321860504,0.4173235521730624,0.17973602620761117
110450,session_108_20260220-134317,20260220-134347,50,nonstop,LANE_KEEP,near_straight_lt5deg,0.0726828101663826,15.634977094494905,1.6956283207550724,0.06423370932293379,0.01967090449040358,0.12763121969484018,0.12497087155014029,0.025923146120617607
110455,session_108_20260220-134317,20260220-134347,55,nonstop,LANE_KEEP,near_straight_lt5deg,0.04773183762733784,15.805137326671664,1.6373213388256032,0.010877103143467171,0.042967769698543726,0.07846378897044257,-0.07554630278109363,0.021197224245298435
110460,session_108_20260220-134317,20260220-134347,60,nonstop,LANE_KEEP,near_straight_lt5deg,0.14626951393713047,15.8248259503175,1.540471760655111,0.004341861252101783,0.14615973997689088,0.5632112579498351,-0.028786447393840373,0.5624751208079138
110465,session_108_20260220-134317,20260220-134347,65,nonstop,LANE_KEEP,near_straight_lt5deg,0.048745439103901916,15.828377007684452,1.47894252817134,0.03442214721938627,0.03245844420860648,0.20266550921327256,-0.17686019227792968,0.0989635337489967
110470,session_108_20260220-134317,20260220-134347,70,nonstop,LANE_KEEP,near_straight_lt5deg,0.015289561516276685,15.851697715659919,1.4196822564625888,0.009887724502460272,0.010049574476869725,0.020877161927811017,-0.020716505722378507,0.0025850107958576103
110475,session_108_20260220-134317,20260220-134347,75,nonstop,LANE_KEEP,near_straight_lt5deg,0.053562101248961304,15.892044625534485,1.4173715222963934,0.04363574407039839,0.026272788226999695,0.1770403399461878,-0.1563577836662038,-0.08303930066693946
110480,session_108_20260220-134317,20260220-134347,80,nonstop,LANE_KEEP,near_straight_lt5deg,0.03918923719701934,15.866800473822167,1.3924836457024878,0.03471309259121794,0.011397654677090141,0.09242015217170664,-0.09019870186144692,0.020141467422986472
110485,session_108_20260220-134317,20260220-134347,85,nonstop,LANE_KEEP,near_straight_lt5deg,0.10562868832552744,15.903220593296172,1.4267622009704037,0.008097283852360906,0.10508163373980113,0.16391520338099197,-0.03759302778146985,-0.15954610042759929
110490,session_108_20260220-134317,20260220-134347,90,nonstop,LANE_KEEP,near_straight_lt5deg,0.04474933641554976,15.9345044067873,1.454953892585353,0.020523193411033556,0.036849933547352345,0.18531031279770177,-0.11458064274749606,0.14564061362392272
110495,session_108_20260220-134317,20260220-134347,95,nonstop,LANE_KEEP,near_straight_lt5deg,0.05686580950325299,15.912476294981964,1.4106368329984234,0.012224292720562168,0.054496521755971604,0.3032415755806291,0.024622603664643326,0.302240269569421
110500,session_108_20260220-134317,20260220-134347,100,nonstop,LANE_KEEP,near_straight_lt5deg,0.06269770991869657,15.882461583708912,1.3897759755132975,0.045566682208507694,0.03942726361520285,0.27593055783217274,-0.13268370818316863,0.24193533501400283
110505,session_108_20260220-134317,20260220-134347,105,nonstop,LANE_KEEP,near_straight_lt5deg,0.0762783132107912,15.84706437303544,1.3710622757600648,0.030492539677434167,0.06895647100692792,0.27348869845780094,-0.08087246174351002,0.26125794364131105
110510,session_108_20260220-134317,20260220-134347,110,nonstop,LANE_KEEP,near_straight_lt5deg,0.0980280415162522,15.778919285443735,1.2962841209752702,0.0689981495284892,0.06732311113447714,0.4171038179009124,0.287283066617565,0.30239714704726506
110515,session_108_20260220-134317,20260220-134347,115,nonstop,LANE_KEEP,near_straight_lt5deg,0.08448692428322739,15.713505000399165,1.655565102452619,0.07614643724796885,0.03068810944021281,0.2981001183301859,0.2400580039521321,-0.1767366268971686
110520,session_108_20260220-134317,20260220-134347,120,nonstop,LANE_KEEP,near_straight_lt5deg,0.03597373059871347,15.648829866284908,1.5824753812698935,0.018195951056724582,0.028575704230702225,0.1071375720742891,0.02601617813375528,-0.10393083192819252
110525,session_108_20260220-134317,20260220-134347,125,nonstop,LANE_KEEP,near_straight_lt5deg,0.06085626691825391,15.614912815010463,1.4854545299389346,0.010294705917956434,0.05856410242005883,0.09183405186350037,-0.06718285603284758,-0.06260955946928354
110530,session_108_20260220-134317,20260220-134347,130,nonstop,LANE_KEEP,near_straight_lt5deg,0.05535417865038186,15.657889925914406,1.5348384573101441,0.015497587994612748,0.05280733595905634,0.027784195455378614,-0.018010307612538034,-0.02115633089182612
110535,session_108_20260220-134317,20260220-134347,135,nonstop,LANE_KEEP,near_straight_lt5deg,0.03960608202154679,15.673189644691547,1.4791490101160563,0.011950572760826155,0.03508285692986825,0.19764486369288767,-0.09637684312803016,0.17255432840950474
110540,session_108_20260220-134317,20260220-134347,140,nonstop,LANE_KEEP,near_straight_lt5deg,0.03677077425999531,15.679164710218245,1.4051355100988945,0.015442623014612699,0.03295889003692288,0.17420308031879694,-0.07251576604004038,0.15839247730931968
110545,session_108_20260220-134317,20260220-134347,145,nonstop,LANE_KEEP,near_straight_lt5deg,0.06786910498255658,15.66117871766682,1.3931313868497497,0.011557074671016748,0.06646376919286083,0.12198451546809391,0.05066255630006678,0.11096633454849363
110550,session_108_20260220-134317,20260220-134347,150,nonstop,LANE_KEEP,near_straight_lt5deg,0.04263921153781827,15.628022366850658,1.3623499144061153,0.014805539440141856,0.03783810168402647,0.08362190093768262,-0.05431346743530347,-0.06358199093757476
110555,session_108_20260220-134317,20260220-134347,155,nonstop,LANE_KEEP,near_straight_lt5deg,0.06150573310871286,15.57330605558977,1.391269994127169,0.026607892680076135,0.05096325995889297,0.1520176718601609,0.08705364927843144,-0.12462357202829412
110560,session_108_20260220-134317,20260220-134347,160,nonstop,LANE_KEEP,near_straight_lt5deg,0.06354149974367382,15.548479048367605,1.438388253140914,0.034049851984590054,0.04968300780941538,0.15102324968600425,0.0758308997151709,-0.13060511702880895
110565,session_108_20260220-134317,20260220-134347,165,nonstop,LANE_KEEP,near_straight_lt5deg,0.05678767197692838,15.626907400488037,1.4413576491584381,0.029161922846541014,0.04736791321487856,0.10638116166297876,0.06535092458347991,-0.08394169531793566
110570,session_108_20260220-134317,20260220-134347,170,nonstop,LANE_KEEP,near_straight_lt5deg,0.10121193541993084,15.648538210191814,1.4450671145198426,0.047816504676973175,0.08576071835034023,0.39010372613353655,0.10522984051589149,0.3756429126288281
110575,session_108_20260220-134317,20260220-134347,175,nonstop,LANE_KEEP,near_straight_lt5deg,0.11243588309484374,15.650502673821862,1.4469027511849373,0.017871332446661857,0.11059021313139837,0.3596452503747794,-0.0895588707042086,0.34831582622000484
110580,session_108_20260220-134317,20260220-134347,180,nonstop,LANE_KEEP,near_straight_lt5deg,0.10999194364993112,15.625993582654743,1.3757078644465217,0.027797875790997878,0.10596330711096316,0.3320018256286042,-0.11321981020594933,0.31210012303370677
110585,session_108_20260220-134317,20260220-134347,185,nonstop,LANE_KEEP,near_straight_lt5deg,0.12468023574928681,15.592172406050747,1.4014301937980627,0.015659882571753592,0.1232483236485056,0.2818960664257059,-0.057458178460484934,0.27597816941614983
110590,session_108_20260220-134317,20260220-134347,190,nonstop,LANE_KEEP,near_straight_lt5deg,0.057304130640416014,15.563552721070105,1.443551608415352,0.01501147595789086,0.05475522663451386,0.12260337338424634,-0.06265766401954502,0.10538313102584654
110595,session_108_20260220-134317,20260220-134347,195,nonstop,LANE_KEEP,near_straight_lt5deg,0.03544050443236414,15.598355921513855,1.5151799248758901,0.028018506936015406,0.021085454106687662,0.1727196742162632,-0.1352088865932011,-0.10747391705711194
110600,session_108_20260220-134317,20260220-134347,200,nonstop,LANE_KEEP,near_straight_lt5deg,0.07852369353650551,15.602808368012417,1.681056272838081,0.01642557088904527,0.07611797005949693,0.10158244743918403,-0.05645183046047784,0.08445226145815192
110605,session_108_20260220-134317,20260220-134347,205,nonstop,LANE_KEEP,near_straight_lt5deg,0.035088666275958,15.588316806346443,1.6794980774073336,0.025829406548397178,0.02262865924528871,0.11977578560660768,-0.0810873127066366,-0.0881537664294395
110610,session_108_20260220-134317,20260220-134347,210,nonstop,LANE_KEEP,near_straight_lt5deg,0.042573191550156535,15.635098915078023,1.6440644719337603,0.022460341381584894,0.03155383745149534,0.11811433931694505,-0.004152241470764925,-0.11804133192677425
110615,session_108_20260220-134317,20260220-134347,215,nonstop,LANE_KEEP,near_straight_lt5deg,0.06705374416785566,15.640943395548467,1.6063361090168589,0.052108252162259464,0.04132210321806526,0.12034944004736484,0.06817099392086047,0.09918015581534578
110620,session_108_20260220-134317,20260220-134347,220,nonstop,LANE_KEEP,near_straight_lt5deg,0.056314082249592265,15.600651052052088,1.5387712993964786,0.034075309540825174,0.042008032197587065,0.08228136342074849,-0.062419545426760106,-0.053609916201146204
110625,session_108_20260220-134317,20260220-134347,225,nonstop,LANE_KEEP,near_straight_lt5deg,0.0618131199759117,15.571394028856984,1.485155109882895,0.050502509313372274,0.024093611188647477,0.250522620247766,-0.2503495426003963,0.009310734427461966
110630,session_108_20260220-134317,20260220-134347,230,nonstop,LANE_KEEP,near_straight_lt5deg,0.08225987266579117,15.631239086969911,1.347410734068949,0.07822093739714485,0.008437616069769525,0.36164183696104135,-0.36099851399562377,0.021561334223740534
110635,session_108_20260220-134317,20260220-134347,235,nonstop,LANE_KEEP,near_straight_lt5deg,0.0751156828412573,15.62114676091681,1.4747835689389268,0.011467299037798667,0.07392480926416915,0.3080302409611294,-0.0275878861927759,0.3067923367393421
110640,session_108_20260220-134317,20260220-134347,240,nonstop,LANE_KEEP,near_straight_lt5deg,0.14143062346278096,15.543604926803887,1.8345310999167546,0.05122723759512992,0.13064843083007627,0.40886920894287243,0.0989603914382752,0.39671257977023316
110645,session_108_20260220-134317,20260220-134347,245,nonstop,LANE_KEEP,near_straight_lt5deg,0.09823990473600333,15.509445748045032,1.8542578612341383,0.04137814388225773,0.0876991118019228,0.23062208021652858,0.0711047717355538,0.21938699897631522
110650,session_108_20260220-134317,20260220-134347,250,nonstop,LANE_KEEP,near_straight_lt5deg,0.12174746930828305,15.471896771632984,1.917853658351116,0.03795494574741207,0.11499217968539772,0.30378083354131574,0.07554787876974689,0.29423683120990857
110655,session_108_20260220-134317,20260220-134347,255,nonstop,LANE_KEEP,near_straight_lt5deg,0.06791425226417626,15.444013632793801,2.009280380574214,0.041728245719174585,0.04534633789372287,0.13148813244558533,-0.00393710974779248,0.13142917537921947
110660,session_108_20260220-134317,20260220-134347,260,nonstop,LANE_KEEP,near_straight_lt5deg,0.04866397601602883,15.445261339408614,2.025179339081262,0.032411458538555364,0.02396363495208617,0.17393779177116234,-0.020976913061263945,-0.1726682499032419
110665,session_108_20260220-134317,20260220-134347,265,nonstop,LANE_KEEP,near_straight_lt5deg,0.08386506689623831,15.483833327803563,1.9912389188960231,0.040379023360375355,0.07117495344149337,0.068048223236994,0.059103426617697206,-0.03372455556057413
110670,session_108_20260220-134317,20260220-134347,270,nonstop,LANE_KEEP,near_straight_lt5deg,0.14111134111341275,15.436935097263913,1.8513830696182116,0.05378428073966353,0.12699527051315526,0.18735695050548043,0.13235529748814173,0.1326073230615057
110675,session_108_20260220-134317,20260220-134347,275,nonstop,LANE_KEEP,near_straight_lt5deg,0.058003992169815805,15.501783118874233,1.7087653362333948,0.016545655605386535,0.053625899031720464,0.11510561499787009,-0.04567340216006006,-0.10565624893570334
110680,session_108_20260220-134317,20260220-134347,280,nonstop,LANE_KEEP,near_straight_lt5deg,0.0388113603299775,15.573304658633033,1.566393785778559,0.017851052011726955,0.03076680489172566,0.17206015127676488,-0.1390756320552446,0.10130480850294048
110685,session_108_20260220-134317,20260220-134347,285,nonstop,LANE_KEEP,near_straight_lt5deg,0.08727370626781786,15.57188345981164,1.4556022726622404,0.06603126346215644,0.05268638816695101,0.3895399764964185,-0.20687411630987435,0.33006740719107497
110690,session_108_20260220-134317,20260220-134347,290,nonstop,LANE_KEEP,near_straight_lt5deg,0.08470830477052341,15.563645436632559,1.3870355333562236,0.059738332469143916,0.05603900359372663,0.37351620112924994,-0.19024588838978335,0.3214356147921515
110695,session_108_20260220-134317,20260220-134347,295,nonstop,LANE_KEEP,near_straight_lt5deg,0.07921002405489172,15.472032957925602,1.33753805340772,0.014954340501402923,0.07718111515986838,0.35091137472946166,-0.09801630136183748,0.33694450222828415
111330,session_112_20260303-142827,20260303-142827,30,depart,LANE_KEEP,low_motion_or_partial_stop,0.04537863212951607,0.003514714891824456,365.3280985803255,0.004458468656367873,0.021605346532988776,0.32313494350281746,0.04961467609961872,-0.3193032659214418
111335,session_112_20260303-142827,20260303-142827,35,depart,LANE_KEEP,low_motion_or_partial_stop,0.09011124795955772,0.0012122439781023424,167.8290432078574,0.010318857731884044,0.06025402243019466,0.3742225856290375,0.07358314039009524,-0.36691697295875236
111340,session_112_20260303-142827,20260303-142827,40,depart,LANE_KEEP,low_motion_or_partial_stop,0.18226891613553325,0.0026701792856222593,167.8297370516346,0.004617426088968188,0.15126341052178388,0.38766486528916283,-0.04449338550996851,0.3851030854531369
111345,session_112_20260303-142827,20260303-142827,45,depart,LANE_KEEP,low_motion_or_partial_stop,0.2226687588960367,0.0022384719563469753,5.327053872041602,0.02561786091244872,0.20840855707115702,0.7298604391417746,-0.15644248144421805,0.7128969144440167
111350,session_112_20260303-142827,20260303-142827,50,depart,LANE_KEEP,near_straight_lt5deg,0.10924133927804977,0.19480954664645836,1.339724390601915,0.04934162064449771,0.09060456713146264,0.33301450823027157,-0.29989144823529396,-0.14478874944962972
111355,session_112_20260303-142827,20260303-142827,55,nonstop,LANE_KEEP,near_straight_lt5deg,0.2774056029016248,1.004543772520867,1.360820786225661,0.007478158810429075,0.2772434063686484,0.9363992805975597,-0.04538319413997935,-0.9352988711600588
111360,session_112_20260303-142827,20260303-142827,60,nonstop,LANE_KEEP,near_straight_lt5deg,0.1095581863286114,1.8935176112941619,1.4127061598226303,0.051740657214004296,0.07892767759536279,0.2289448732874434,0.22839242677641572,0.015895106032458337
111365,session_112_20260303-142827,20260303-142827,65,nonstop,LANE_KEEP,near_straight_lt5deg,0.11370412391318539,2.7085799818450282,1.3348209591201932,0.010939381371031526,0.11313526917720446,0.13761617484895136,-0.02071392554380089,0.13604831813963386
111370,session_112_20260303-142827,20260303-142827,70,nonstop,LANE_KEEP,near_straight_lt5deg,0.10871605686370833,3.50927488999973,1.2542740027344104,0.02955683190690836,0.10329542495559488,0.1232918005481407,-0.015760884712609904,-0.12228026249349618
111375,session_112_20260303-142827,20260303-142827,75,nonstop,LANE_KEEP,near_straight_lt5deg,0.11647964058208685,4.254681461077349,1.3264321424504462,0.0445220889265706,0.1050744453490143,0.2215509802864189,0.04049522255099301,0.21781867187277293
111380,session_112_20260303-142827,20260303-142827,80,nonstop,LANE_KEEP,near_straight_lt5deg,0.10275176630572341,4.91997045307738,1.37196097245806,0.049191613938245074,0.08481199668297068,0.6123605607238477,-0.33763310709973837,0.5108711592174703
111385,session_112_20260303-142827,20260303-142827,85,nonstop,LANE_KEEP,near_straight_lt5deg,0.18730631703355766,5.454051426416279,2.5017471077450875,0.11455888389125604,0.13862014128396508,0.9628822779535328,-0.829128224594983,0.4895800939345428
111390,session_112_20260303-142827,20260303-142827,90,nonstop,LANE_KEEP,gentle_bend_5to15deg,0.21355912492540388,5.915107441456467,5.465444973670845,0.2061787982225684,0.03718849528191674,1.527549512842769,-1.5254451725822489,0.08015322595937119
111395,session_112_20260303-142827,20260303-142827,95,nonstop,LANE_KEEP,gentle_bend_5to15deg,0.29249452880225274,6.3525536192033645,8.699023329589686,0.2833910234007654,0.060915833308710796,2.070093419232099,-2.0307376441926146,-0.40173546620515455
111400,session_112_20260303-142827,20260303-142827,100,nonstop,LANE_KEEP,gentle_bend_5to15deg,0.43317574730368685,6.74028884241677,12.41096671254487,0.4148342513848353,0.10639792676313292,2.818129635885158,-2.7264139336143742,-0.7131070797906902
111405,session_112_20260303-142827,20260303-142827,105,nonstop,LANE_KEEP,left_bend_ge15deg,0.5815157270581532,7.183325569291179,16.65999774324696,0.5563845919556601,0.146301898706292,3.494155959028205,-3.370410319255179,-0.9216616222185451
111410,session_112_20260303-142827,20260303-142827,110,nonstop,LANE_KEEP,left_bend_ge15deg,0.36482681291950847,7.539389530304156,18.959021742308796,0.3358127163526351,0.0745551966667416,2.2718702363609142,-2.26058171123108,-0.22619614875182215
111415,session_112_20260303-142827,20260303-142827,115,nonstop,LANE_KEEP,left_bend_ge15deg,0.291617419682099,7.832270370188981,20.133890021903095,0.25668640911696555,0.09108923899338689,1.7337445572922936,-1.701667913088291,-0.33195858703517905
111420,session_112_20260303-142827,20260303-142827,120,nonstop,LANE_KEEP,left_bend_ge15deg,0.3009689089203011,8.204372278465408,20.033422086949372,0.2864398928234764,0.05789631401091844,1.8278330798360611,-1.7963306723432264,-0.3378903421850232
111425,session_112_20260303-142827,20260303-142827,125,nonstop,LANE_KEEP,left_bend_ge15deg,0.18875063796601194,8.596298112657905,19.093160042974198,0.14337884264802286,0.09870437198979988,0.8181340036685616,-0.7472503513332603,-0.3331068302978323
111430,session_112_20260303-142827,20260303-142827,130,nonstop,LANE_KEEP,left_bend_ge15deg,0.15464000224512364,8.938047254560493,16.008797848046704,0.05808675909888558,0.13124740108070548,0.502173796074601,-0.14592342339647943,-0.48050481367851733
111435,session_112_20260303-142827,20260303-142827,135,nonstop,LANE_KEEP,gentle_bend_5to15deg,0.22236405939384996,9.360631588838885,13.646099462904216,0.14527019588072135,0.16038375428450535,1.0782639241061058,0.5406897512771958,-0.9329028260716665
111440,session_112_20260303-142827,20260303-142827,140,nonstop,LANE_KEEP,gentle_bend_5to15deg,0.2661923551950898,9.855111936035156,10.63815941962817,0.14390830840904484,0.21685803307848958,1.4273045868092367,0.7425923670421141,-1.2189154851495962
111445,session_112_20260303-142827,20260303-142827,145,nonstop,LANE_KEEP,gentle_bend_5to15deg,0.32813037778483073,10.512617787503535,7.614571623916875,0.11913325069876678,0.29634613052006464,1.3439849693174248,0.6660127145300879,-1.1673571269476293
111450,session_112_20260303-142827,20260303-142827,150,nonstop,LANE_KEEP,gentle_bend_5to15deg,0.32751220124129476,11.259120077957778,5.346099522115541,0.17356703688386932,0.2676907817005577,0.9949347591437527,0.8199212125823373,-0.563581742172284
111455,session_112_20260303-142827,20260303-142827,155,nonstop,LANE_KEEP,near_straight_lt5deg,0.14698266306945096,11.92088873019049,4.013427741404638,0.045694314759342186,0.13514933321934533,0.41209886872011403,0.17911257531040833,0.3711390076050632
111460,session_112_20260303-142827,20260303-142827,160,nonstop,LANE_KEEP,near_straight_lt5deg,0.213476210322862,12.315645916005273,2.980118457085212,0.059929153373463113,0.20385068186101168,0.9362191869997648,0.3166278436426366,0.8810523110103706
111465,session_112_20260303-142827,20260303-142827,165,nonstop,LANE_KEEP,near_straight_lt5deg,0.11122821624307531,12.577053710559865,1.6574947924787276,0.07274521002346929,0.08363393061026876,0.4172234863024317,0.2992414057301169,0.29074046608447707
111470,session_112_20260303-142827,20260303-142827,170,nonstop,LANE_KEEP,near_straight_lt5deg,0.077862630213672,12.733741086738796,1.2529096208615,0.052431089867696457,0.05548540610068198,0.25390567621108145,0.16403154709603274,0.19380852398562998
111475,session_112_20260303-142827,20260303-142827,175,nonstop,LANE_KEEP,near_straight_lt5deg,0.041475355542295124,12.973579889032477,1.0696324478470693,0.0184282101717311,0.033716075304525354,0.09287146892617362,0.0138141580139484,0.09183832957360939
111480,session_112_20260303-142827,20260303-142827,180,nonstop,LANE_KEEP,near_straight_lt5deg,0.15637451878586306,13.051589000143029,1.151546074284392,0.02008059407234657,0.1545103328270616,0.39245736641621204,0.10686750169409384,0.37762696081716907
111485,session_112_20260303-142827,20260303-142827,185,nonstop,LANE_KEEP,near_straight_lt5deg,0.07820700697382724,13.179683661821514,1.0132479854587164,0.0580812143693374,0.052055152331553806,0.4093729778619167,0.2934748042308813,-0.28540983564898253
111490,session_112_20260303-142827,20260303-142827,190,nonstop,LANE_KEEP,near_straight_lt5deg,0.032834214527655704,13.270930400703795,1.2885845581378512,0.025596575630738243,0.016936457129589366,0.19778597904105005,0.17777683521163415,-0.08668731376252334
111495,session_112_20260303-142827,20260303-142827,195,nonstop,LANE_KEEP,near_straight_lt5deg,0.06842556420031093,13.317748195120405,1.661713951695087,0.026366230629991105,0.059206253674085385,0.35695087518778523,0.10164669697824426,-0.3421722903607754
111500,session_112_20260303-142827,20260303-142827,200,nonstop,LANE_KEEP,near_straight_lt5deg,0.18466298108570822,13.445338564495344,1.809436793075244,0.014959724354732638,0.18379722871024162,0.5009450708013292,0.016571508877426176,-0.5006708989482753
111505,session_112_20260303-142827,20260303-142827,205,nonstop,LANE_KEEP,near_straight_lt5deg,0.06788187100346507,13.455754006436008,1.953950588216694,0.024185097515304996,0.06034270800968024,0.09814092809402895,0.09131756234034823,0.03595475733994017
111510,session_112_20260303-142827,20260303-142827,210,nonstop,LANE_KEEP,near_straight_lt5deg,0.22023410022477144,13.578977324474774,2.0373486447165674,0.03338464603595176,0.2172289117910459,0.21792658229864179,0.0663203686071426,-0.20758999007702522
111515,session_112_20260303-142827,20260303-142827,215,nonstop,LANE_KEEP,near_straight_lt5deg,0.1910303257946332,13.694503047673058,1.7061012710563226,0.0480966199578874,0.17590979427968068,0.3091502974179791,-0.20353418080494956,0.2326966773241145
111520,session_112_20260303-142827,20260303-142827,220,nonstop,LANE_KEEP,near_straight_lt5deg,0.1783570768706753,13.682022887880503,1.6430922912333716,0.037270598502219365,0.17356026041559666,0.7469145918761697,-0.13638136796085637,0.7343579032261248
111525,session_112_20260303-142827,20260303-142827,225,nonstop,LANE_KEEP,near_straight_lt5deg,0.19253949483839877,13.488911389109417,1.5734895457767157,0.016901590000786972,0.19013404635201298,0.6982568588684757,0.0025416553983694055,0.6982522330395416
111530,session_112_20260303-142827,20260303-142827,230,nonstop,LANE_KEEP,near_straight_lt5deg,0.1181208981936081,13.201304765573196,1.4691691181392759,0.021803198372929163,0.11546392784122908,0.14244285413899324,0.001540753384797799,0.14243452100621445
111535,session_112_20260303-142827,20260303-142827,235,nonstop,LANE_KEEP,near_straight_lt5deg,0.118397391632302,13.089979319764403,1.3977518681768544,0.033005458658351854,0.11035403677099173,0.35251453266350385,-0.025837330754835915,-0.3515663921344498
111540,session_112_20260303-142827,20260303-142827,240,nonstop,LANE_KEEP,near_straight_lt5deg,0.0601240623452255,13.046352521320253,1.256825827376781,0.024437577168425074,0.051633112814728106,0.2448842698782256,0.04905230002551103,0.23992119017710561
111545,session_112_20260303-142827,20260303-142827,245,nonstop,LANE_KEEP,near_straight_lt5deg,0.11884105696471012,12.950587687140859,1.2168428956912314,0.006850259699190378,0.11854077000865598,0.5306292098458247,-0.031289630387531936,0.5297058781737426
111550,session_112_20260303-142827,20260303-142827,250,nonstop,LANE_KEEP,near_straight_lt5deg,0.08170926377642393,12.90178957137709,1.1233060740725778,0.027842432402866796,0.07485592570749457,0.31989026949408195,-0.11446713523696452,0.2987089879257718
111555,session_112_20260303-142827,20260303-142827,255,nonstop,LANE_KEEP,near_straight_lt5deg,0.19005836015428343,12.817803506203408,1.2017124030650006,0.028892043014030366,0.18678305110302484,0.43394355327945305,-0.15261388474791615,0.40622162622754004
111560,session_112_20260303-142827,20260303-142827,260,nonstop,LANE_KEEP,near_straight_lt5deg,0.14715717666961373,12.7208754693752,1.210068656713507,0.02614330749550673,0.14165003204652843,0.10549489625784329,-0.09408817232269562,0.047713614047018627
111565,session_112_20260303-142827,20260303-142827,265,nonstop,LANE_KEEP,near_straight_lt5deg,0.15917534814314727,12.626229889923762,1.3193688264459986,0.05837849954502416,0.1431535061307085,0.38320197235447856,-0.13995105294160085,-0.3567316279738871
111570,session_112_20260303-142827,20260303-142827,270,nonstop,LANE_KEEP,near_straight_lt5deg,0.13565040887726248,12.649606785468885,1.4634147103875224,0.02349830328282944,0.12701005677562505,0.7330656819550642,0.0545252094006567,-0.731035085067781
111575,session_112_20260303-142827,20260303-142827,275,nonstop,LANE_KEEP,near_straight_lt5deg,0.09736019101903015,12.771151352344038,1.7823091119127266,0.012449914269673778,0.0963777349708132,0.553229805924988,0.054683692711444354,-0.5505205826445004
111580,session_112_20260303-142827,20260303-142827,280,nonstop,LANE_KEEP,near_straight_lt5deg,0.08873550440265468,12.92887087752259,1.7877576023708421,0.020517026149671973,0.08458724910218887,0.31463092597233955,0.08633540562094995,-0.30255382548313264
111585,session_112_20260303-142827,20260303-142827,285,nonstop,LANE_KEEP,near_straight_lt5deg,0.08073278609090577,13.056829601478887,1.9183559390632858,0.045056245948262276,0.06669807007861232,0.19131833891352207,-0.12300561496831089,-0.1465343833060929
111590,session_112_20260303-142827,20260303-142827,290,nonstop,LANE_KEEP,near_straight_lt5deg,0.060650731837320775,13.17777953279411,1.9867184476573896,0.012796291943203952,0.05778335802455992,0.0751356866312495,0.05716479552710394,-0.04876020465393603
111595,session_112_20260303-142827,20260303-142827,295,nonstop,LANE_KEEP,near_straight_lt5deg,0.05945382933609083,13.27998291932432,2.064600746264029,0.04444659210697509,0.03086806408618852,0.21457411101214008,0.20019964635646437,0.07721496432296539
